VFG_ID,n_internal,n_external,Mean_internal,Mean_external,SD_internal,SD_external,Delta_mean,log2FC,Cohen_d,Hedges_g,Median_log2_ratio,Cliffs_delta,p_value,q_value
VFG000115,2304,2766,0.17661679687499998,0.16747765726681127,0.19290502638699522,0.07913832315256188,-0.009139139608188712,-0.07665390796325643,-0.06410167868499332,-0.06409219197806938,0.09843980980439661,-0.5987604631136016,0.03328070208235185,0.03931726877046216
VFG000116,2771,2839,0.03039148321905449,0.1622179640718563,0.06730277795320219,0.12813200038296307,0.1318264808528018,2.416194216515028,1.283697367573349,1.283525681420136,23.397543164388875,-0.9282867173712948,0.0,0.0
VFG000120,2824,2832,0.021380240793201135,0.0265801906779661,0.0636828527758283,0.07979649986856642,0.005199949884764965,0.3140732207009803,0.07201946878978625,0.07200991502430452,0.0,-0.22988988652550374,0.006769755422913736,0.008350716270181016
VFG000122,2833,2837,0.0019861630780091772,0.0013470567500881213,0.02541326918289694,0.021729487416559362,-0.0006391063279210559,-0.5601700056377984,-0.027032740304752632,-0.027029163125937658,0.0,-0.025892656180538026,0.30888273560560275,0.3305446417389827
VFG000123,2624,2800,0.04820685975609756,0.026821142857142856,0.11798516558105134,0.05954173298232988,-0.0213857168989547,-0.8458675033175856,-0.23108601754198932,-0.2310540510158388,0.0,-0.31707357905052264,1.0030559535080996e-16,1.65967491102545e-16
VFG000124,2839,2839,0.008620112715744982,0.0039609017259598445,0.052371094478196954,0.027946713239016877,-0.004659210989785137,-1.1218758583371835,-0.11100046841654516,-0.11098580068958179,0.0,-0.07512480581385352,2.945625476698477e-05,4.0052729254117903e-05
VFG000125,2194,2835,0.10507292616226072,0.11898070546737213,0.18415835558678229,0.06103481431469626,0.013907779305111417,0.17933663937334077,0.10699859016636665,0.10698262578726986,23.59377418293474,-0.9382844666952841,0.0006941724517279095,0.0008854459755786338
VFG000126,2618,2839,0.0718640565317036,0.13545988023952096,0.13816416620722236,0.07874490356867941,0.06359582370781737,0.9145232521440314,0.5714768848463327,0.5713983097212336,23.862306001490012,-0.7147272883343994,2.862604067585005e-90,1.1677157186584376e-89
VFG000127,2829,2837,0.09499639448568399,0.04523017271765949,0.12050771369728115,0.062075259492402786,-0.0497662217680245,-1.0705870859047264,-0.5194082687335267,-0.519339488119702,0.0,-0.6958742058340569,2.0405488213082068e-81,7.506304592669476e-81
VFG000128,2834,2839,0.036319865913902606,0.016781824586121874,0.06563865149636204,0.037528489258728634,-0.019538041327780732,-1.113858834225741,-0.36552400438299004,-0.3654756610415824,0.0,-0.47413608169107424,3.163302838323958e-42,7.405004371531083e-42
VFG000129,2540,2834,0.019818385826771655,0.018894777699364852,0.08094155738218824,0.04527878440538205,-0.0009236081274068032,-0.0688518815937121,-0.014289609575457543,-0.014287614470104243,0.0,-0.22333503742519129,0.6113301377087057,0.6265373550646437
VFG000130,2756,2836,0.08811422351233672,0.06801262341325812,0.12747474884992507,0.09827136221054783,-0.020101600099078604,-0.37357233010840596,-0.17694109234959718,-0.17691735142750545,0.0,-0.6446937928479164,4.8003740483146796e-11,7.297985638028221e-11
VFG000131,2664,2839,0.05441888138138138,0.029486403663261707,0.09743078049804936,0.054139353297477925,-0.024932477718119673,-0.8840572036271092,-0.31903050873883315,-0.31898701051012723,0.0,-0.5793380118406536,8.751739391986561e-31,1.767508151714933e-30
VFG000133,2671,2839,0.015907862223886186,0.06570841845720324,0.044770547162375225,0.09568134873843241,0.049800556233317056,2.0463375585189865,0.6602786841228973,0.6601887728137252,0.0,-0.5073607712229866,2.9566648007552035e-128,1.6461431052853295e-127
VFG000139,2750,2837,0.2892329090909091,0.30009393725766653,0.2636806255122751,0.21954101457105013,0.010861028166757436,0.05318245860357602,0.044829506597769735,0.04482348625129974,-0.004799534131634447,-0.879510878969462,0.09488003310541623,0.10919154647885891
VFG000141,2559,2818,0.21801551387260654,0.2829053229240596,0.17528975441807232,0.21323720879199992,0.06488980905145308,0.37588850632927506,0.3309088951948627,0.33086271971295267,-0.0046670319148614265,-0.5300295565464131,5.9779127539563645e-34,1.263025669041037e-33
VFG000142,2693,2837,0.044120980319346456,0.041698907296439894,0.07816675773681651,0.08677384225149687,-0.0024220730229065623,-0.0814552484735623,-0.02928944956601381,-0.02928547560062563,0.0,-0.46551412485875404,0.2750453436060694,0.2982836360427682
VFG000143,2662,2837,0.006752404207362885,0.014423087768769828,0.03977533543713765,0.04751704666929303,0.007670683561406944,1.0949057476463984,0.17457145202977234,0.17454763275674332,0.0,-0.13137336479127512,8.423954609827747e-11,1.271307435622356e-10
VFG000144,2639,2832,0.04529905267146646,0.10220829802259888,0.07191349540729543,0.0411695639662712,0.056909245351132426,1.1739593673578743,0.9800441864020306,0.9799097803421812,23.274976533759425,-0.9371451532103198,3.7350886044290685e-242,4.049622381644148e-241
VFG000145,2829,2836,0.06686291975963238,0.10042909026798309,0.13365836677889262,0.03252662905839236,0.033566170508350715,0.5868988876053268,0.3452753720058578,0.34522964218748253,23.15807725326693,-0.9008633132262518,1.4341250823300703e-37,3.1766641608601554e-37
VFG000146,2794,2835,0.01266020042949177,0.07726465608465609,0.05240574439822305,0.016272224350094778,0.06460445565516432,2.609507421417857,1.6700110141860343,1.669788415303795,22.93517098589152,-0.883769579307637,0.0,0.0
VFG000148,2688,2836,0.3368896577380952,0.20370200987306064,0.35114396843686324,0.11719826523949789,-0.13318764786503456,-0.7258158964162161,-0.5143551073602669,-0.5142852443040763,-0.016913381944917993,-0.9231191021895359,3.257832770933281e-74,1.0737816812996094e-73
VFG000155,2093,2820,0.01873769708552317,0.03350875886524823,0.06051004694993503,0.0521281667896265,0.014771061779725057,0.8385942592795065,0.26446458540711526,0.2644241947460033,0.0,-0.4042925930067466,4.503240444667587e-19,7.666673814888619e-19
VFG000157,2213,2838,0.09516326253953908,0.2101861169837914,0.1123388708337454,0.13752187720086795,0.11502285444425231,1.14319065943652,0.9049460506794835,0.9048116194761144,1.2648154974848198,0.3873645926578387,5.835616682238314e-213,4.906681781800378e-212
VFG000164,2768,2835,0.03158287572254335,0.028777495590828928,0.08657670238074681,0.08035307597539797,-0.0028053801317144203,-0.13420145005957992,-0.03360313317371165,-0.03359863335674423,0.0,-0.3496140063818291,0.20900885585308437,0.23273418543640745
VFG000165,2829,2830,0.2790598444680099,0.13394826855123676,0.1913707346931748,0.07826034929423954,-0.14511157591677315,-1.0588985529493873,-0.9926345485106671,-0.992502940093929,-0.9396961644466358,-0.47990674575665715,1.247483941750771e-259,1.7132112800043925e-258
VFG000166,2803,2837,0.4918486621476989,0.21646806485724357,0.4901657944986901,0.08357832750701741,-0.27538059729045533,-1.1840602384860102,-0.7854546635424727,-0.7853501730990056,-0.26141219583639497,-0.14595432583876156,3.363739981944277e-166,2.30976812093507e-165
VFG000168,2835,2837,0.1709837037037037,0.12580958759252733,0.16743057745360346,0.14226529474890232,-0.04517411611117636,-0.44261692934480623,-0.2907820050959039,-0.2907435401717323,-0.42595111634319766,-0.7885111020347773,1.286959929294443e-27,2.466174376136328e-27
VFG000171,2137,2837,0.3092010762751521,0.1281031018681706,0.2663664812351962,0.06762196751855303,-0.1810979744069815,-1.2712398657897308,-0.9955659674093358,-0.9954157839778364,-1.4319353508285582,-0.8826031901131334,3.383622643186308e-174,2.489379516058498e-173
VFG000172,2364,2791,0.02753384094754653,0.025732246506628444,0.08687497208973438,0.06622780182056216,-0.0018015944409180869,-0.0976284276095771,-0.023583587501695483,-0.023580154831640412,0.0,-0.31784437044136915,0.40918753057133983,0.43674938496215543
VFG000173,2580,2833,0.062312868217054264,0.02925979527003177,0.15161582433999657,0.07548815470619726,-0.03305307294702249,-1.0906101881054744,-0.27996279504276517,-0.2799239885748481,0.0,-0.4322223955212241,2.9471025268441466e-23,5.1668350683395256e-23
VFG000175,2218,2837,0.07125103697024346,0.032866337680648575,0.06745226061231571,0.03300115437593118,-0.038384699289594884,-1.1163000696309504,-0.7517068828853468,-0.7515953040100484,-1.7297056443774237,-0.9214778435036439,5.326877500932544e-122,2.77806775998001e-121
VFG000176,2692,2692,0.015147622585438336,0.1838137444279346,0.04495977836136087,0.13207336360807753,0.16866612184249627,3.6010804862753516,1.7096939927939159,1.709455730055105,23.141022090920146,-0.9282339229768904,0.0,0.0
VFG000181,2837,2838,0.0257517800493479,0.005317195207892882,0.07366380412325507,0.014135785701171506,-0.020434584841455015,-2.2759326690835877,-0.3853094874076867,-0.3852585452516679,0.0,-0.2658346877551573,3.4773408682624185e-46,8.898536880274015e-46
VFG000182,2837,2838,0.028264998237574907,0.01266892177589852,0.08817534003553704,0.037926730928112176,-0.015596076461676387,-1.1577222335891741,-0.2297991540377563,-0.22976877205978646,0.0,-0.26644700316938436,7.153228921292447e-18,1.2078402932674133e-17
VFG000185,2217,2834,0.03154429409111412,0.10197554693013408,0.08628526054296656,0.03613919327120865,0.07043125283901996,1.6927719577961395,1.113548100246002,1.1133826808698821,23.221403182016505,-0.9353591561199164,2.384075666653373e-234,2.28427715037486e-233
VFG000192,2824,2838,0.04214564447592068,0.06698111346018323,0.0951908927720877,0.05908613276257476,0.024835468984262553,0.6683706878012703,0.3136614294441322,0.31361986469797154,22.726504440008824,-0.8262854931154885,1.2477413399744575e-31,2.5703471603473825e-31
VFG000198,2836,2835,0.028943935119887167,0.039102786596119925,0.076836248990769,0.03467896983011075,0.010158851476232758,0.434010213842234,0.17041515754261596,0.1703926108845067,22.117435431711307,-0.8059771942000433,1.5503984986676697e-10,2.3143629762720285e-10
VFG000203,2345,2461,0.061492409381663116,0.7565455099553028,0.17827173974921312,0.27079080435781044,0.6950531005736397,3.6209464143636354,3.017528467542778,3.017057346782818,26.05527616652598,-0.8553022892734331,0.0,0.0
VFG000211,2839,2839,0.06933124339556183,0.03643906305036985,0.08161064923530789,0.047239981237408225,-0.032892180345191986,-0.9280195824912201,-0.4932987742533422,-0.4932335891975011,-0.5900965226966239,-0.736461436780832,2.2443794399894042e-74,7.517758774598655e-74
VFG000212,2742,2838,0.20215105762217359,0.26928928823114867,0.23670356769795142,0.09545899815810287,0.06713823060897509,0.4137230741938891,0.374339908865544,0.37428957406537383,1.1313278734165673,-0.6138679297169959,2.7368329745697307e-42,6.555669683271681e-42
VFG001213,2822,2838,0.05832037562012757,0.05969291754756871,0.1374073747488765,0.07063379254900898,0.0013725419274411427,0.033559751338113654,0.012573981115592206,0.012572314289409237,22.406653711750458,-0.6432469087892423,0.636801769609618,0.6478082199485496
VFG001214,2839,2835,0.012701902078196547,0.02248885361552028,0.064789308093036,0.0384531531229924,0.009786951537323733,0.8241650731796049,0.18367770557380456,0.18365341707745328,21.353802108326168,-0.5356216915686213,5.128607780682632e-12,7.973533606193375e-12
VFG001222,2818,2820,0.01858917672107878,0.015999503546099293,0.09235684444764164,0.0836820320618364,-0.0025896731749794864,-0.21643561191818875,-0.029386460609755617,-0.029382549888829865,0.0,-0.1204763954114633,0.2699764252636368,0.29426001907041893
VFG001223,2787,2838,0.00025536419088625765,0.0035457364341085268,0.009557645171771411,0.029542079005022107,0.0032903722432222693,3.7954047357900538,0.14931807405864767,0.14929815701528917,0.0,-0.019374534895099643,1.8326953736215522e-08,2.6309076443626464e-08
VFG001224,2772,2743,0.08973874458874459,0.16968603718556327,0.1477166289243819,0.13103023645242753,0.07994729259681868,0.9190648736601054,0.5724147123300966,0.572336836309191,23.96190473598736,-0.7581791562834217,1.7229650209491907e-96,7.715886832946375e-96
VFG001228,2838,2838,0.007683615221987314,0.004692353770260747,0.05793111679055196,0.04488883761034631,-0.002991261451726567,-0.7114722905192146,-0.0577219381426855,-0.05771430801206519,0.0,-0.058828364276026404,0.02972161819672006,0.03559682179374612
VFG001230,2830,2833,0.20644855123674913,0.10118464525238263,0.21244342403583436,0.09973334529213272,-0.1052639059843665,-1.0287918436774166,-0.6344175422422413,-0.6343334874515013,0.14699735941961595,-0.5513748239763814,8.238954663802462e-118,4.243061651858268e-117
VFG001231,2823,2824,0.21942174991144173,0.1405346317280453,0.14641074790793476,0.08915627059020197,-0.07888711818339642,-0.6427808059690301,-0.6508430695502627,-0.6507565940992396,-0.6749045830491951,-0.35352612443917275,2.3997466961281944e-124,1.2840203101361248e-123
VFG001232,2592,2830,0.0038518518518518524,0.0067631448763250885,0.03747828112137558,0.026215297423852885,0.002911293024473236,0.8121404304412424,0.09070456210648221,0.09069201015822263,0.0,-0.10759226541028662,0.0010223863721848057,0.0012920956605525764
VFG001238,2838,2838,0.003297110641296688,0.0581284355179704,0.03527059122948703,0.048903139990190206,0.054831324876673714,4.139965747112225,1.2860556724356094,1.2858856716857832,21.891339095408355,-0.9934257020274032,0.0,0.0
VFG001242,2837,2839,0.01663859710962284,0.013246847481507572,0.062159562078844655,0.04991148376745837,-0.0033917496281152676,-0.32888451086987824,-0.06017258300848499,-0.06016462893274031,0.0,-0.15241693105112422,0.023459704751218356,0.0283442767082169
VFG001243,2593,2839,0.04566043193212494,0.027503381472349417,0.09317821836785906,0.03562201845163554,-0.018157050459775524,-0.7313352931311697,-0.26186640835375713,-0.2618302372950039,21.684317588830663,-0.6814579366481981,2.0720157899248632e-20,3.5718431190336557e-20
VFG001248,2781,2837,0.015466810499820207,0.0069326401127952075,0.06928198065950485,0.028900537678596447,-0.008534170387025,-1.15769779834578,-0.1613426258012702,-0.16132107801702927,0.0,-0.15828136365693132,2.1102857446222367e-09,3.105134738515577e-09
VFG001249,2655,2838,0.0248479472693032,0.03302660324171952,0.09529386972677137,0.05677373081726497,0.008178655972416321,0.4105017802567724,0.10510988203129144,0.10509552471917134,0.0,-0.5372219103397661,0.00012910991015511545,0.0001710394951251047
VFG001251,2820,2838,0.009765851063829786,0.008717195207892882,0.06049241888554416,0.05107461474173364,-0.0010486558559369037,-0.16388158148804272,-0.018737046416996722,-0.01873456172711249,0.0,-0.10525604886070003,0.48126465957180087,0.5097198965130642
VFG001252,2838,2838,0.0015289640591966173,0.0012344961240310078,0.023628055314381894,0.019602545934918267,-0.0002944679351656095,-0.3086299366307546,-0.013564444308603582,-0.013562651255819893,0.0,-0.016065939894545037,0.6093944326332711,0.6265373550646437
VFG001254,2820,2838,0.018588120567375886,0.009674453840732912,0.0626760249618274,0.03367692267515442,-0.008913666726642974,-0.9421280694699664,-0.1773266855904781,-0.1773031705811172,0.0,-0.20150865408163776,3.134526389099023e-11,4.818749523540288e-11
VFG001262,2824,2831,0.0048733356940509915,0.0032980219003885553,0.06754499551761732,0.036622125757875774,-0.0015753137936624362,-0.5633072113149317,-0.029005063094580896,-0.02900121473806045,0.0,-0.06154781191242646,0.2758399643987735,0.2982836360427682
VFG001263,2812,2837,0.0074738975817923185,0.021350440606274234,0.04111463857974921,0.03276464192094539,0.013876543024481915,1.5143318892121342,0.3734625181848719,0.3734129149815003,21.12691679764409,-0.6015317304206605,6.891390937810194e-44,1.6800314002235503e-43
VFG001264,2528,2787,0.07305814873417721,0.055366236096160745,0.12532081252329258,0.08471947017232936,-0.017691912638016463,-0.4000386857141517,-0.1669235086331121,-0.16689994407022565,0.0,-0.5777373077080296,2.5907471874274903e-09,3.758407891620161e-09
VFG001266,2609,2836,0.25596795707167497,0.3206543018335684,0.18507039673845913,0.2266547705075571,0.06468634476189344,0.3250555307225514,0.31133498273319876,0.3112920813989376,0.5856898246036865,-0.3119530095724845,1.3025706478283721e-30,2.5925560720062285e-30
VFG001267,2609,2827,0.32735197393637405,0.2597320127343474,0.3865289312660174,0.1566759334487168,-0.06761996120202668,-0.3338188255657617,-0.23265899980368313,-0.23262688676023197,0.18881659694951608,-0.6513487705410904,1.1915733724366856e-16,1.9558893603343208e-16
VFG001268,2740,2814,0.13626934306569344,0.1390679459843639,0.22953855108622517,0.12910448810073374,0.0027986029186704564,0.029328895652049578,0.015080748013275141,0.015078710716745226,23.511714174374223,-0.9401056500604381,0.5768583207783169,0.6032122542148898
VFG002057,2687,2838,0.08193051730554522,0.13686109936575053,0.11281092722189215,0.08019112836977339,0.054930582060205305,0.740239541532784,0.5638014922170246,0.5637249268973626,23.943243192146817,-0.5954284101694978,9.423671060192916e-92,4.002631419380909e-91
VFG002058,2742,2838,0.0436419401896426,0.042828999295278364,0.08285478102081598,0.048949389685335146,-0.0008129408943642336,-0.027127265823410556,-0.011996565821753725,-0.011994952729670659,21.86514158525401,-0.7433104131745423,0.6568495186415606,0.6616674857709608
VFG002060,2605,2744,0.23114994241842612,0.17244591836734693,0.24886163460212182,0.16084416781301872,-0.05870402405107919,-0.4226849999698817,-0.2816820488361305,-0.2816425366957411,-0.12261245934432778,-0.6292430737032955,4.141673598380592e-24,7.517046354770063e-24
VFG002063,2838,2838,0.026500317124735728,0.051522128259337566,0.04678555480892039,0.02812944191435142,0.025021811134601838,0.9591823004070476,0.6482080381440949,0.6481223530101696,22.369861687083194,-0.8171835866904454,5.270480107782759e-124,2.7838946210339702e-123
VFG002064,2664,2838,0.1338921171171171,0.05845954897815363,0.196133110070975,0.08516242404302247,-0.07543256813896347,-1.1955602818757909,-0.5043807211537579,-0.5043119388380407,0.0,-0.6635783510783511,1.430612403481995e-71,4.39859933010882e-71
VFG002065,2816,2834,0.07326065340909091,0.022594001411432606,0.12775359169890596,0.033732436007169124,-0.0506666519976583,-1.6970983313142636,-0.5430401814895491,-0.5429680677918611,0.0,-0.564730800306345,1.0676237906064922e-86,4.189152397427379e-86
VFG002067,2618,2678,0.1547600076394194,0.26304417475728153,0.24699588398068656,0.16626333142626973,0.10828416711786212,0.7652723577498396,0.5154275788459195,0.5153545548678068,24.468243249052268,-0.8691174616360224,4.708921574692225e-75,1.6303157048514258e-74
VFG002068,2808,2828,0.07935961538461539,0.2607870579915134,0.14745945095499133,0.08393666684980072,0.18142744260689803,1.7163952097884263,1.5135392167028585,1.5133377249056492,24.67949303925428,0.6496819553750247,0.0,0.0
VFG002070,2838,2837,0.06767899929527837,0.030985971096228415,0.12669234004691274,0.034663461014382835,-0.03669302819904996,-1.1270928015436472,-0.3950386004358623,-0.39498637198399555,21.66275224544301,-0.7042640751193021,1.6337134805842712e-48,4.233270150947923e-48
VFG002074,2837,2837,0.021509869580542827,0.00627437433909059,0.06755040917602936,0.031142826302664486,-0.015235495241452237,-1.7774536384256516,-0.289663552048006,-0.2896252485853999,0.0,-0.30662096578907383,2.5132694248720562e-27,4.749848637831593e-27
VFG002075,2602,2835,0.010615949269792467,0.1239099823633157,0.05737239692830049,0.11682073468977029,0.11329403309352323,3.5449858883810954,1.215246645569271,1.2150789405259521,23.662751919533044,-0.6446862879863136,0.0,0.0
VFG002076,2682,2834,0.1987287844891872,0.18823140437544109,0.2032192398364403,0.2751673061935506,-0.010497380113746124,-0.07829350184415733,-0.04322364109732584,-0.04321776166303466,-0.7135576266531104,-0.8267649354251164,0.105818803756579,0.12076827464739763
VFG002077,2819,2819,0.11127616175948918,0.040110925860234126,0.09487296257097913,0.04875443661813316,-0.07116523589925505,-1.4720771604000724,-0.9435226471299146,-0.9433970840752463,-1.4775068264249693,-0.8258456495671632,8.622567693288472e-241,8.881244724087126e-240
VFG013836,2818,2820,0.01858917672107878,0.015999503546099293,0.09235684444764164,0.0836820320618364,-0.0025896731749794864,-0.21643561191818875,-0.029386460609755617,-0.029382549888829865,0.0,-0.1204763954114633,0.2699764252636368,0.29426001907041893
VFG013897,2700,2733,0.0002635925925925926,0.0022642517380168314,0.009710353049007336,0.020806322926384315,0.0020006591454242387,3.1026042718082048,0.12298638794229488,0.12296940321809349,0.0,-0.0135370167093548,5.522705537485742e-06,7.635418394107804e-06
VFG013898,2787,2838,0.00025536419088625765,0.0035457364341085268,0.009557645171771411,0.029542079005022107,0.0032903722432222693,3.7954047357900538,0.14931807405864767,0.14929815701528917,0.0,-0.019374534895099643,1.8326953736215522e-08,2.6309076443626464e-08
VFG013910,2772,2743,0.08964292929292929,0.16958920889537005,0.14710619627120972,0.1303937799735578,0.07994627960244076,0.9197825988745972,0.574965891370174,0.5748876682658199,23.96190473598736,-0.7581791562834217,2.65754213404222e-97,1.2165637324726608e-96
VFG013911,2772,2743,0.08973874458874459,0.16968603718556327,0.1477166289243819,0.13103023645242753,0.07994729259681868,0.9190648736601054,0.5724147123300966,0.572336836309191,23.96190473598736,-0.7581791562834217,1.7229650209491907e-96,7.715886832946375e-96
VFG013973,2830,2833,0.20662989399293286,0.10130765972467348,0.21299348507401825,0.10054214393048523,-0.10532223426825937,-1.0283056589803556,-0.6324988804325892,-0.6324150798478037,0.14699735941961595,-0.553605350369634,3.543738011014584e-117,1.780512268948791e-116
VFG013986,2839,2835,0.012701902078196547,0.02248885361552028,0.064789308093036,0.0384531531229924,0.009786951537323733,0.8241650731796049,0.18367770557380456,0.18365341707745328,21.353802108326168,-0.5356216915686213,5.128607780682632e-12,7.973533606193375e-12
VFG013996,2822,2838,0.05832037562012757,0.05969291754756871,0.1374073747488765,0.07063379254900898,0.0013725419274411427,0.033559751338113654,0.012573981115592206,0.012572314289409237,22.406653711750458,-0.6432469087892423,0.636801769609618,0.6478082199485496
VFG014043,2838,2838,0.007710394644115575,0.004720436927413672,0.058076969346489093,0.04512155788290252,-0.0029899577167019032,-0.7078831161075165,-0.0574944595260664,-0.0574868594653227,0.0,-0.05882935754119195,0.03037097343829496,0.03626910451181891
VFG014044,2838,2838,0.007683615221987314,0.004692353770260747,0.05793111679055196,0.04488883761034631,-0.002991261451726567,-0.7114722905192146,-0.0577219381426855,-0.05771430801206519,0.0,-0.058828364276026404,0.02972161819672006,0.03559682179374612
VFG014062,2823,2824,0.21924955720864328,0.14075690509915015,0.14440253783437212,0.08903696690423019,-0.07849265210949313,-0.6393681941396168,-0.6543624030789665,-0.6542754600252778,-0.6749045830491951,-0.3530819532793655,1.193149298429326e-125,6.554366812705098e-125
VFG014075,2593,2837,0.0038503663709988437,0.0068818117729996485,0.03747112716746851,0.02631498766830214,0.003031445402000805,0.8377910544039187,0.09435161537417838,0.09433857798086981,0.0,-0.10944177275088254,0.0006311337869868598,0.0008151320383654741
VFG014117,1021,2829,0.10330646425073457,0.46483739837398375,0.08418886539330311,0.27262834436737066,0.36153093412324916,2.169795504899816,1.5209299092464825,1.5206334509443749,2.68475197102166,0.15641932981097897,0.0,0.0
VFG014147,993,902,1.0805061430010072,1.00430044345898,0.832067172716135,1.1995135301218653,-0.07620569954202727,-0.1055163472522083,-0.07445281225665844,-0.07442331041584876,-1.1217600275077648,-0.29868279731959635,0.11166508950180529,0.12708844440536954
VFG014189,2838,2838,0.003297110641296688,0.0581284355179704,0.03527059122948703,0.048903139990190206,0.054831324876673714,4.139965747112225,1.2860556724356094,1.2858856716857832,21.891339095408355,-0.9934257020274032,0.0,0.0
VFG014240,2827,2829,0.016360665015917934,0.012965535524920465,0.059745038099217225,0.046952036790100224,-0.0033951294909974686,-0.3355493640367168,-0.06319060147240177,-0.06318221890311514,0.0,-0.15227975752174125,0.017537899307488235,0.021377557735754893
VFG014241,2837,2839,0.01663859710962284,0.013246847481507572,0.062159562078844655,0.04991148376745837,-0.0033917496281152676,-0.32888451086987824,-0.06017258300848499,-0.06016462893274031,0.0,-0.15241693105112422,0.023459704751218356,0.0283442767082169
VFG014254,2593,2839,0.04566043193212494,0.027503381472349417,0.09317821836785906,0.03562201845163554,-0.018157050459775524,-0.7313352931311697,-0.26186640835375713,-0.2618302372950039,21.684317588830663,-0.6814579366481981,2.0720157899248632e-20,3.5718431190336557e-20
VFG014358,2781,2837,0.015466810499820207,0.0069326401127952075,0.06928198065950485,0.028900537678596447,-0.008534170387025,-1.15769779834578,-0.1613426258012702,-0.16132107801702927,0.0,-0.15828136365693132,2.1102857446222367e-09,3.105134738515577e-09
VFG014369,2814,2838,0.04120508173418621,0.04419520789288231,0.09352120768954525,0.04655624671461438,0.0029901261586961006,0.10106764944856429,0.04052987138760523,0.0405244910781153,22.06907242095931,-0.8549392872544556,0.12868717885696623,0.1452578566823838
VFG014371,2814,2838,0.04120508173418621,0.04419520789288231,0.09352120768954525,0.04655624671461438,0.0029901261586961006,0.10106764944856429,0.04052987138760523,0.0405244910781153,22.06907242095931,-0.8549392872544556,0.12868717885696623,0.1452578566823838
VFG014384,2655,2838,0.0248479472693032,0.03302660324171952,0.09529386972677137,0.05677373081726497,0.008178655972416321,0.4105017802567724,0.10510988203129144,0.10509552471917134,0.0,-0.5372219103397661,0.00012910991015511545,0.0001710394951251047
VFG014409,2820,2838,0.009778085106382981,0.008730443974630022,0.061192480722184577,0.05188093466404196,-0.0010476411317529594,-0.16349676328540858,-0.018472577791171205,-0.018470128172050244,0.0,-0.10525754826843396,0.4874697502869769,0.514968043892909
VFG014410,2820,2838,0.009765851063829786,0.008717195207892882,0.06049241888554416,0.05107461474173364,-0.0010486558559369037,-0.16388158148804272,-0.018737046416996722,-0.01873456172711249,0.0,-0.10525604886070003,0.48126465957180087,0.5097198965130642
VFG014423,2838,2838,0.0015289640591966173,0.0012344961240310078,0.023628055314381894,0.019602545934918267,-0.0002944679351656095,-0.3086299366307546,-0.013564444308603582,-0.013562651255819893,0.0,-0.016065939894545037,0.6093944326332711,0.6265373550646437
VFG014449,2820,2838,0.018588120567375886,0.009674453840732912,0.0626760249618274,0.03367692267515442,-0.008913666726642974,-0.9421280694699664,-0.1773266855904781,-0.1773031705811172,0.0,-0.20150865408163776,3.134526389099023e-11,4.818749523540288e-11
VFG014473,2836,2815,0.13421555007052188,0.21500504440497334,0.15046556980965872,0.06040502283219512,0.08078949433445146,0.6798186377105652,0.7037255753265869,0.7036321397556208,1.1756028541641474,-0.024367370048125222,3.8475849183461276e-142,2.331183803468536e-141
VFG014475,2836,2815,0.13421555007052188,0.21500504440497334,0.15046556980965872,0.06040502283219512,0.08078949433445146,0.6798186377105652,0.7037255753265869,0.7036321397556208,1.1756028541641474,-0.024367370048125222,3.8475849183461276e-142,2.331183803468536e-141
VFG014501,2672,2672,0.0019730913173652696,0.0019730913173652696,0.029052233232730235,0.029052233232730235,0.0,0.0,0.0,0.0,0.0,-0.010445426512244971,1.0,1.0
VFG014579,2824,2831,0.0048733356940509915,0.0032980219003885553,0.06754499551761732,0.036622125757875774,-0.0015753137936624362,-0.5633072113149317,-0.029005063094580896,-0.02900121473806045,0.0,-0.06154781191242646,0.2758399643987735,0.2982836360427682
VFG014591,2812,2837,0.0074738975817923185,0.021350440606274234,0.04111463857974921,0.03276464192094539,0.013876543024481915,1.5143318892121342,0.3734625181848719,0.3734129149815003,21.12691679764409,-0.6015317304206605,6.891390937810194e-44,1.6800314002235503e-43
VFG014592,2812,2837,0.0074738975817923185,0.021350440606274234,0.04111463857974921,0.03276464192094539,0.013876543024481915,1.5143318892121342,0.3734625181848719,0.3734129149815003,21.12691679764409,-0.6015317304206605,6.891390937810194e-44,1.6800314002235503e-43
VFG014605,2528,2787,0.07305814873417721,0.055366236096160745,0.12532081252329258,0.08471947017232936,-0.017691912638016463,-0.4000386857141517,-0.1669235086331121,-0.16689994407022565,0.0,-0.5777373077080296,2.5907471874274903e-09,3.758407891620161e-09
VFG014681,2800,2810,0.011307892857142857,0.008235978647686833,0.06495502820979185,0.04815958494555799,-0.003071914209456024,-0.4573176480637825,-0.05373998103996938,-0.053732793667889675,0.0,-0.10282740213523131,0.04432296260716455,0.05144851180765763
VFG014683,2804,2814,0.01129176176890157,0.008224271499644633,0.06491006847040197,0.048126332714568544,-0.003067490269256937,-0.4573103233428278,-0.05369970550696625,-0.053692533752680495,0.0,-0.10268582702951515,0.04433063517407393,0.05144851180765763
VFG014747,2833,2837,0.0017376632545005296,0.0011161790623898484,0.021715280517547352,0.01792313461327757,-0.0006214841921106812,-0.6385754142347776,-0.031217237441208065,-0.03121310653774886,0.0,-0.02520423415008745,0.23998101629189772,0.26650182941310474
VFG014748,2833,2837,0.0019861630780091772,0.0013470567500881213,0.02541326918289694,0.021729487416559362,-0.0006391063279210559,-0.5601700056377984,-0.027032740304752632,-0.027029163125937658,0.0,-0.025892656180538026,0.30888273560560275,0.3305446417389827
VFG014759,2624,2800,0.04820685975609756,0.026821142857142856,0.11798516558105134,0.05954173298232988,-0.0213857168989547,-0.8458675033175856,-0.23108601754198932,-0.2310540510158388,0.0,-0.31707357905052264,1.0030559535080996e-16,1.65967491102545e-16
VFG014760,2624,2800,0.04820685975609756,0.026821142857142856,0.11798516558105134,0.05954173298232988,-0.0213857168989547,-0.8458675033175856,-0.23108601754198932,-0.2310540510158388,0.0,-0.31707357905052264,1.0030559535080996e-16,1.65967491102545e-16
VFG014771,2839,2839,0.008620112715744982,0.0039609017259598445,0.052371094478196954,0.027946713239016877,-0.004659210989785137,-1.1218758583371835,-0.11100046841654516,-0.11098580068958179,0.0,-0.07512480581385352,2.945625476698477e-05,4.0052729254117903e-05
VFG014772,2839,2839,0.008620112715744982,0.0039609017259598445,0.052371094478196954,0.027946713239016877,-0.004659210989785137,-1.1218758583371835,-0.11100046841654516,-0.11098580068958179,0.0,-0.07512480581385352,2.945625476698477e-05,4.0052729254117903e-05
VFG014783,2197,2838,0.10541078743741467,0.11916916842847075,0.18421430187098664,0.06122468956803844,0.013758380991056085,0.17698849690991342,0.10577294005364428,0.1057571773582908,23.59377418293474,-0.9382346931541923,0.0007907378276796916,0.0010055061265556572
VFG014784,2194,2835,0.10507292616226072,0.11898070546737213,0.18415835558678229,0.06103481431469626,0.013907779305111417,0.17933663937334077,0.10699859016636665,0.10698262578726986,23.59377418293474,-0.9382844666952841,0.0006941724517279095,0.0008854459755786338
VFG014796,2618,2839,0.0718640565317036,0.13545988023952096,0.13816416620722236,0.07874490356867941,0.06359582370781737,0.9145232521440314,0.5714768848463327,0.5713983097212336,23.862306001490012,-0.7147272883343994,2.862604067585005e-90,1.1677157186584376e-89
VFG014797,2618,2839,0.0718640565317036,0.13545988023952096,0.13816416620722236,0.07874490356867941,0.06359582370781737,0.9145232521440314,0.5714768848463327,0.5713983097212336,23.862306001490012,-0.7147272883343994,2.862604067585005e-90,1.1677157186584376e-89
VFG014808,2829,2838,0.09008130081300812,0.04156990838618745,0.11708213663414448,0.05510388871348982,-0.04851139242682067,-1.1156879053286544,-0.5304451467517166,-0.530374917022238,0.0,-0.6963759521775749,1.7660327762103035e-84,6.864202866024953e-84
VFG014809,2829,2837,0.09499639448568399,0.04523017271765949,0.12050771369728115,0.062075259492402786,-0.0497662217680245,-1.0705870859047264,-0.5194082687335267,-0.519339488119702,0.0,-0.6958742058340569,2.0405488213082068e-81,7.506304592669476e-81
VFG014820,2834,2839,0.036385638673253354,0.016869918985558292,0.06569561028373255,0.037781769465909235,-0.01951571968769506,-1.1089156303299843,-0.36426066655738004,-0.36421249030204905,0.0,-0.47444978862069126,5.897695688343023e-42,1.372796962484365e-41
VFG014821,2834,2839,0.036319865913902606,0.016781824586121874,0.06563865149636204,0.037528489258728634,-0.019538041327780732,-1.113858834225741,-0.36552400438299004,-0.3654756610415824,0.0,-0.47413608169107424,3.163302838323958e-42,7.405004371531083e-42
VFG014832,2534,2828,0.01986531176006314,0.018934865629420084,0.08103161100580743,0.04531843166315259,-0.0009304461306430568,-0.06920621590075678,-0.014380761196990314,-0.014378748869755322,0.0,-0.2237962577405559,0.6094877818981664,0.6265373550646437
VFG014833,2540,2834,0.019818385826771655,0.018894777699364852,0.08094155738218824,0.04527878440538205,-0.0009236081274068032,-0.0688518815937121,-0.014289609575457543,-0.014287614470104243,0.0,-0.22333503742519129,0.6113301377087057,0.6265373550646437
VFG014844,2756,2836,0.08811745283018868,0.06801579689703809,0.12748691993761266,0.09828611732057481,-0.020101655933150595,-0.37355788790262884,-0.17692102128620688,-0.17689728305713318,0.0,-0.6446937928479164,4.824241295673778e-11,7.307306668447045e-11
VFG014845,2756,2836,0.08811422351233672,0.06801262341325812,0.12747474884992507,0.09827136221054783,-0.020101600099078604,-0.37357233010840596,-0.17694109234959718,-0.17691735142750545,0.0,-0.6446937928479164,4.8003740483146796e-11,7.297985638028221e-11
VFG014857,2662,2837,0.054234259954921114,0.029391187874515334,0.09718528149135532,0.054764042514248525,-0.02484307208040578,-0.883820601618931,-0.31757741891073293,-0.31753408729401705,0.0,-0.5792107460526842,1.5918091874752337e-30,3.153006659806713e-30
VFG014858,2664,2839,0.05441888138138138,0.029486403663261707,0.09743078049804936,0.054139353297477925,-0.024932477718119673,-0.8840572036271092,-0.31903050873883315,-0.31898701051012723,0.0,-0.5793380118406536,8.751739391986561e-31,1.767508151714933e-30
VFG014881,2671,2839,0.015907862223886186,0.06570841845720324,0.044770547162375225,0.09568134873843241,0.049800556233317056,2.0463375585189865,0.6602786841228973,0.6601887728137252,0.0,-0.5073607712229866,2.9566648007552035e-128,1.6461431052853295e-127
VFG014882,2671,2839,0.015907862223886186,0.06570841845720324,0.044770547162375225,0.09568134873843241,0.049800556233317056,2.0463375585189865,0.6602786841228973,0.6601887728137252,0.0,-0.5073607712229866,2.9566648007552035e-128,1.6461431052853295e-127
VFG014893,2782,2837,0.1467329978432782,0.11086090941135002,0.1363374233788783,0.08426794777471923,-0.035872088431928184,-0.4044425666575413,-0.31721306286130974,-0.31717070566236977,-0.17761937833742134,-0.5421783422155673,7.2566168408691e-32,1.5023749439387282e-31
VFG014895,2782,2837,0.1467329978432782,0.11086090941135002,0.1363374233788783,0.08426794777471923,-0.035872088431928184,-0.4044425666575413,-0.31721306286130974,-0.31717070566236977,-0.17761937833742134,-0.5421783422155673,7.2566168408691e-32,1.5023749439387282e-31
VFG014950,2832,2838,0.1283063559322034,0.04531370683579986,0.1868630767364204,0.02523944770414605,-0.08299264909640355,-1.50157301446779,-0.6227690321637995,-0.6226866226054876,-1.0173818570202824,-0.9114583955439296,2.249086501274961e-111,1.0774693471224232e-110
VFG014951,2832,2838,0.1283063559322034,0.04531370683579986,0.1868630767364204,0.02523944770414605,-0.08299264909640355,-1.50157301446779,-0.6227690321637995,-0.6226866226054876,-1.0173818570202824,-0.9114583955439296,2.249086501274961e-111,1.0774693471224232e-110
VFG014952,2832,2838,0.1283063559322034,0.04531370683579986,0.1868630767364204,0.02523944770414605,-0.08299264909640355,-1.50157301446779,-0.6227690321637995,-0.6226866226054876,-1.0173818570202824,-0.9114583955439296,2.249086501274961e-111,1.0774693471224232e-110
VFG014978,2824,2832,0.021380240793201135,0.0265801906779661,0.0636828527758283,0.07979649986856642,0.005199949884764965,0.3140732207009803,0.07201946878978625,0.07200991502430452,0.0,-0.22988988652550374,0.006769755422913736,0.008350716270181016
VFG014984,2836,2839,0.013937341325811004,0.06549778090877069,0.07512011436496789,0.04395718461111646,0.05156043958295969,2.2324898332294585,0.8378937167236821,0.8377829379501519,21.86514158525401,-0.9953897481731137,7.286642945226165e-198,5.664333761194679e-197
VFG014986,2836,2839,0.013937341325811004,0.06549778090877069,0.07512011436496789,0.04395718461111646,0.05156043958295969,2.2324898332294585,0.8378937167236821,0.8377829379501519,21.86514158525401,-0.9953897481731137,7.286642945226165e-198,5.664333761194679e-197
VFG015000,2765,2838,0.12600358047016275,0.06580218463706836,0.16620741877085202,0.03847744742939878,-0.06020139583309439,-0.9372572371911071,-0.5019862951234777,-0.5019190738189484,22.250608674003924,-0.9778960809576058,5.348284081067184e-73,1.694994647230523e-72
VFG015001,2765,2838,0.12598954792043401,0.06579076814658211,0.16613770175230094,0.03823934842683741,-0.06019877977385191,-0.9373468858138757,-0.5023258603096917,-0.502258593533772,22.250608674003924,-0.9778960809576058,4.3942457481276515e-73,1.4368486097052323e-72
VFG015002,2765,2838,0.12600358047016275,0.06580218463706836,0.16620741877085202,0.03847744742939878,-0.06020139583309439,-0.9372572371911071,-0.5019862951234777,-0.5019190738189484,22.250608674003924,-0.9778960809576058,5.348284081067184e-73,1.694994647230523e-72
VFG015044,2093,2820,0.01873769708552317,0.03350875886524823,0.06051004694993503,0.0521281667896265,0.014771061779725057,0.8385942592795065,0.26446458540711526,0.2644241947460033,0.0,-0.4042925930067466,4.503240444667587e-19,7.666673814888619e-19
VFG015067,2227,2831,0.04502635832959138,0.03772016955139527,0.07912102573167835,0.0626476225181748,-0.00730618877819611,-0.2554335762178774,-0.10381488166221338,-0.10379948114572292,-0.5814478418907749,-0.8654152491253659,0.0003662961845315649,0.0004775760380601416
VFG015069,2227,2831,0.04709196228109565,0.03734616743200283,0.07784804307417342,0.05831513666823438,-0.009745794849092819,-0.3345205625739393,-0.14413919800342478,-0.1441178155382114,-0.5919657112487687,-0.8676767591853425,8.965531115546034e-07,1.2649995957551253e-06
VFG015094,2222,2839,0.03147331233123313,0.1019207819654808,0.08620104655150176,0.0361312318846128,0.07044746963424767,1.695247010058297,1.1146348832418895,1.114469629738073,23.221403182016505,-0.9355371958470944,2.6058889901771817e-235,2.6186006437878025e-234
VFG015108,2824,2838,0.04322252124645893,0.06748801973220578,0.1031091654297753,0.06365650289229036,0.02426549848574685,0.6428480724311381,0.28335311900375637,0.2833155705538685,22.726504440008824,-0.8262717680128248,3.505345864750413e-26,6.564556801259864e-26
VFG015120,2836,2835,0.028943935119887167,0.039102786596119925,0.076836248990769,0.03467896983011075,0.010158851476232758,0.434010213842234,0.17041515754261596,0.1703926108845067,22.117435431711307,-0.8059771942000433,1.5503984986676697e-10,2.3143629762720285e-10
VFG015130,2345,2461,0.061492409381663116,0.7565455099553028,0.17827173974921312,0.27079080435781044,0.6950531005736397,3.6209464143636354,3.017528467542778,3.017057346782818,26.05527616652598,-0.8553022892734331,0.0,0.0
VFG015146,2839,2839,0.06933124339556183,0.03643906305036985,0.08161064923530789,0.047239981237408225,-0.032892180345191986,-0.9280195824912201,-0.4932987742533422,-0.4932335891975011,-0.5900965226966239,-0.736461436780832,2.2443794399894042e-74,7.517758774598655e-74
VFG015148,2063,2838,0.1852690741638391,0.27378365045806907,0.313197825624961,0.10417955159833726,0.08851457629422999,0.5634141893719815,0.4058223804301065,0.4057602489097549,24.558591733263302,-0.5722566840097192,5.1921526561834645e-34,1.108376629195641e-33
VFG015168,2681,2836,0.3383984334203655,0.20516607898448516,0.352295005013194,0.12325649795492438,-0.13323235443588036,-0.7219306384769453,-0.5104674214195424,-0.5103979984056135,-0.016903473469203623,-0.9229050850970814,4.6483066524288015e-73,1.5079545990556429e-72
VFG015365,2687,2838,0.08193051730554522,0.13686109936575053,0.11281092722189215,0.08019112836977339,0.054930582060205305,0.740239541532784,0.5638014922170246,0.5637249268973626,23.943243192146817,-0.5954284101694978,9.423671060192916e-92,4.002631419380909e-91
VFG015366,2687,2838,0.08193051730554522,0.13686109936575053,0.11281092722189215,0.08019112836977339,0.054930582060205305,0.740239541532784,0.5638014922170246,0.5637249268973626,23.943243192146817,-0.5954284101694978,9.423671060192916e-92,4.002631419380909e-91
VFG015372,2742,2838,0.04365156819839533,0.042824630021141646,0.08292243640324526,0.04882872538894963,-0.0008269381772536832,-0.027592695393559196,-0.01220377393346287,-0.012202132979592564,21.86514158525401,-0.7433104131745423,0.6513260690318994,0.6609515774412378
VFG015373,2742,2838,0.0436419401896426,0.042828999295278364,0.08285478102081598,0.048949389685335146,-0.0008129408943642336,-0.027127265823410556,-0.011996565821753725,-0.011994952729670659,21.86514158525401,-0.7433104131745423,0.6568495186415606,0.6616674857709608
VFG015386,2608,2747,0.23161457055214724,0.1811879140880961,0.2496425150928714,0.15936927608931933,-0.050426656464051145,-0.35423927135958994,-0.24210983465070104,-0.24207591145683097,-0.006781187366825472,-0.6404224295997195,2.759937897692048e-18,4.679400880037547e-18
VFG015387,2604,2743,0.23450591397849463,0.17392931097338682,0.2576857741173401,0.16751330306687748,-0.06057660300510781,-0.4311232054701694,-0.2802167341914381,-0.28017741288536324,-0.12261245934432778,-0.6318759719615857,7.079058056592898e-24,1.279198210226436e-23
VFG015403,2838,2838,0.026361980267794217,0.05000877378435517,0.046825130509780565,0.028572717041935945,0.023646793516560953,0.9237222245558161,0.6096445107995336,0.6095639232898443,22.304520945748532,-0.8270666992457641,1.075635968199808e-110,4.979348526947426e-110
VFG015404,2838,2838,0.026361980267794217,0.05000877378435517,0.046825130509780565,0.028572717041935945,0.023646793516560953,0.9237222245558161,0.6096445107995336,0.6095639232898443,22.304520945748532,-0.8270666992457641,1.075635968199808e-110,4.979348526947426e-110
VFG015412,2664,2838,0.13328434684684684,0.058174489076814655,0.19439157223523976,0.08237423901370787,-0.07510985777003218,-1.1960486777377746,-0.5087502132631186,-0.5086808350804836,0.0,-0.6635503103526359,1.2235107889650575e-72,3.8479881301801805e-72
VFG015413,2664,2838,0.1338921171171171,0.05845954897815363,0.196133110070975,0.08516242404302247,-0.07543256813896347,-1.1955602818757909,-0.5043807211537579,-0.5043119388380407,0.0,-0.6635783510783511,1.430612403481995e-71,4.39859933010882e-71
VFG015417,2816,2834,0.07326065340909091,0.022594001411432606,0.12775359169890596,0.033732436007169124,-0.0506666519976583,-1.6970983313142636,-0.5430401814895491,-0.5429680677918611,0.0,-0.564730800306345,1.0676237906064922e-86,4.189152397427379e-86
VFG015418,2816,2834,0.07326065340909091,0.022594001411432606,0.12775359169890596,0.033732436007169124,-0.0506666519976583,-1.6970983313142636,-0.5430401814895491,-0.5429680677918611,0.0,-0.564730800306345,1.0676237906064922e-86,4.189152397427379e-86
VFG015433,2637,2683,0.21949101251422073,0.30268512858740215,0.47793761338715657,0.17532891914024593,0.08319411607318142,0.46365590986751404,0.2318767684102503,0.2318440651849562,24.763952336511945,-0.9079356235435658,6.504133451465817e-17,1.0937563191852722e-16
VFG015438,2814,2834,0.07906083866382373,0.2607531404375441,0.1471600318044608,0.0840266821729631,0.18169230177372037,1.721649336899205,1.5176675329719131,1.5174659210249213,24.640307665853733,0.6505229673790539,0.0,0.0
VFG015447,2838,2837,0.06767899929527837,0.030985971096228415,0.12669234004691274,0.034663461014382835,-0.03669302819904996,-1.1270928015436472,-0.3950386004358623,-0.39498637198399555,21.66275224544301,-0.7042640751193021,1.6337134805842712e-48,4.233270150947923e-48
VFG015448,2838,2837,0.06767899929527837,0.030985971096228415,0.12669234004691274,0.034663461014382835,-0.03669302819904996,-1.1270928015436472,-0.3950386004358623,-0.39498637198399555,21.66275224544301,-0.7042640751193021,1.6337134805842712e-48,4.233270150947923e-48
VFG015473,2837,2837,0.02142696510398308,0.0061947127247092,0.06697790398116378,0.0299504286067393,-0.015232252379273878,-1.7903165817580842,-0.2936055088773942,-0.2935666841528104,0.0,-0.306618480875296,5.170971949365695e-28,1.0193494943247208e-27
VFG015474,2837,2837,0.021509869580542827,0.00627437433909059,0.06755040917602936,0.031142826302664486,-0.015235495241452237,-1.7774536384256516,-0.289663552048006,-0.2896252485853999,0.0,-0.30662096578907383,2.5132694248720562e-27,4.749848637831593e-27
VFG015483,2601,2834,0.010620030757401,0.12390691601976006,0.05738305119108825,0.11684123661060498,0.11328688526235905,3.5443956239765972,1.2149487929243055,1.214781067261484,23.662751919533044,-0.6445732152852561,0.0,0.0
VFG015491,2682,2834,0.19369369873228934,0.1861541990119972,0.20552611037365084,0.2757702863394743,-0.0075394997202921366,-0.057278858852413704,-0.030880118962506982,-0.030875918538254544,-0.7135576266531104,-0.8286447405190094,0.24799590817813527,0.27466213486395624
VFG015492,2682,2834,0.1987287844891872,0.18823140437544109,0.2032192398364403,0.2751673061935506,-0.010497380113746124,-0.07829350184415733,-0.04322364109732584,-0.04321776166303466,-0.7135576266531104,-0.8267649354251164,0.105818803756579,0.12076827464739763
VFG015500,2819,2819,0.11119833274210712,0.04004320681092586,0.09435781648030607,0.04770193286822821,-0.07115512593118126,-1.47350550618827,-0.9517484957449839,-0.95162183800257,-1.4775068264249693,-0.8258469079414871,3.4767370224170784e-244,4.2129872153995185e-243
VFG015501,2819,2819,0.11121028733593473,0.04004253281305427,0.09428563935772048,0.04749504367072945,-0.07116775452288046,-1.4736848808874596,-0.9533388581163393,-0.9532119887300842,-1.4775068264249693,-0.8258459012420281,7.792612749140095e-245,9.728958947411269e-244
VFG015515,2745,2787,0.08132342440801456,0.09187237172587011,0.19680324606504473,0.16498034790473598,0.01054894731785555,0.17596008640861785,0.05813058734821435,0.05812270309657347,0.0,-0.5490058906071188,0.030904257368997955,0.036799289121465774
VFG015516,2689,2713,0.06975228709557456,0.09201356431994101,0.21707534028256767,0.20436683306265568,0.022261277224366452,0.39960598190431773,0.1056094730066863,0.10559480434521956,0.0,-0.5085574092866091,0.00010571425009847252,0.00014140997091094377
VFG015517,2726,2787,0.08086324284666177,0.09471410118406888,0.22123666119283963,0.18890103931593047,0.01385085833740711,0.22809514534075087,0.06739200671833603,0.06738283482611833,0.0,-0.5395611002871786,0.012539722317194388,0.01533046170529403
VFG015537,2731,2708,0.06746184547784695,0.07972274741506648,0.18704364990185476,0.1632740876052426,0.012260901937219529,0.2409196113952932,0.06981822865971958,0.06980859723074183,0.0,-0.515633594697783,0.010022202680686784,0.012289129477508796
VFG015538,2720,2788,0.07714466911764706,0.09220534433285509,0.21792536084429948,0.17593731139895422,0.015060675215208028,0.25728387633481586,0.07614507214117298,0.07613469956630019,0.0,-0.5269644326525446,0.004850159470759286,0.0060370565013680546
VFG015547,2388,2818,0.02828496649916248,0.026002377572746628,0.08795023741129236,0.06692824745004315,-0.0022825889264158523,-0.12139187285118039,-0.029535109450628427,-0.029530852648882,0.0,-0.32263859515224574,0.2989802032975851,0.3224210913402073
VFG015549,2580,2833,0.06271151162790697,0.036505330038828096,0.15331093142277985,0.08958238615223166,-0.026206181589078878,-0.7806230071083051,-0.21115661463098978,-0.21112734559047353,0.0,-0.4234606260107208,4.152499427326699e-14,6.709136329641569e-14
VFG015550,2580,2833,0.06304612403100775,0.03690405930109424,0.15491069662344156,0.09303281983334363,-0.026142064729913504,-0.7726280009478312,-0.2068811316793923,-0.20685245527616544,0.0,-0.4234548797806582,1.2454507370017273e-13,1.9965980686564656e-13
VFG015551,2531,2836,0.15973871987356775,0.050587129760225676,0.27590797064061895,0.04418225433323803,-0.10915159011334208,-1.6588715722157392,-0.567987560057797,-0.5679081545552026,-1.0022040499944216,-0.8470291377051501,1.4372720077769233e-80,5.1491831930790646e-80
VFG015552,2531,2836,0.15973875938364282,0.050587129760225676,0.2759079712582363,0.04418225433323803,-0.10915162962341715,-1.6588719290545744,-0.5679877644187987,-0.5679083588876344,-1.0022040499944216,-0.8470291377051501,1.4370968870975937e-80,5.1491831930790646e-80
VFG015555,2829,2836,0.06686291975963238,0.10042909026798309,0.13365836677889262,0.03252662905839236,0.033566170508350715,0.5868988876053268,0.3452753720058578,0.34522964218748253,23.15807725326693,-0.9008633132262518,1.4341250823300703e-37,3.1766641608601554e-37
VFG015558,2794,2835,0.01266020042949177,0.07726458553791887,0.05240574439822305,0.01627212054350506,0.0646043851084271,2.609506104160182,1.6700101399183385,1.669787541152632,22.93517098589152,-0.883769579307637,0.0,0.0
VFG015561,2639,2832,0.04529905267146646,0.10220829802259888,0.07191349540729543,0.0411695639662712,0.056909245351132426,1.1739593673578743,0.9800441864020306,0.9799097803421812,23.274976533759425,-0.9371451532103198,3.7350886044290685e-242,4.049622381644148e-241
VFG015846,2833,2836,0.04080900105894811,0.06738039492242594,0.10844219280777191,0.06828654526724383,0.02657139386347783,0.7234413487441376,0.29326208795380687,0.2932232744247178,22.434917558935226,-0.8576017239894315,5.466636824476493e-28,1.062384137586941e-27
VFG015848,2833,2836,0.04080900105894811,0.06738039492242594,0.10844219280777191,0.06828654526724383,0.02657139386347783,0.7234413487441376,0.29326208795380687,0.2932232744247178,22.434917558935226,-0.8576017239894315,5.466636824476493e-28,1.062384137586941e-27
VFG015850,2145,2770,0.0924697435897436,0.2108185920577617,0.11301167335515878,0.13910523162330224,0.11834884846801812,1.1889487227471718,0.9219203002175895,0.9217795561892625,1.8517235449107252,0.40173537653682057,1.1230838831978956e-214,1.0058925214728977e-213
VFG015851,2213,2838,0.09515485765928604,0.2101787174066244,0.11230131247286677,0.13749927575613582,0.11502385974733835,1.1432672940013207,0.9051553731679564,0.9050209108693921,1.2648154974848198,0.3873932528237429,4.6697207609791536e-213,4.008176986507107e-212
VFG015852,2837,2839,0.08369784984138175,0.04592395209580838,0.11775490834936833,0.05714086562217328,-0.03777389774557337,-0.8659436173745527,-0.40818688481926785,-0.4081329275311225,-0.169924954843648,-0.9099948933748336,6.79615971208778e-52,1.8181933775195878e-51
VFG015853,2837,2839,0.08369784984138175,0.04592395209580838,0.11775490834936833,0.05714086562217328,-0.03777389774557337,-0.8659436173745527,-0.40818688481926785,-0.4081329275311225,-0.169924954843648,-0.9099948933748336,6.79615971208778e-52,1.8181933775195878e-51
VFG015854,2837,2839,0.08369784984138175,0.04592395209580838,0.11775490834936833,0.05714086562217328,-0.03777389774557337,-0.8659436173745527,-0.40818688481926785,-0.4081329275311225,-0.169924954843648,-0.9099948933748336,6.79615971208778e-52,1.8181933775195878e-51
VFG015856,2416,2504,0.038724627483443706,0.037735583067092654,0.08343727643709409,0.03994904954998995,-0.0009890444163510523,-0.03732578510640049,-0.01520555182982943,-0.015203232849834032,21.609640925278942,-0.8851276699003449,0.598056647615864,0.6237957944752809
VFG015858,2498,2598,0.0387642514011209,0.03766070053887606,0.08413399632886798,0.03936833213016793,-0.0011035508622448398,-0.04166695732783893,-0.016907954508266314,-0.01690546499349209,21.609640925278942,-0.8856652681652636,0.551320117618203,0.5809306610196922
VFG015862,2304,2766,0.1766269097222222,0.167488575560376,0.19291085967161944,0.07915392557880142,-0.009138334161846201,-0.07664246254807536,-0.06409229279004336,-0.06408280747218187,0.09843980980439661,-0.5987604631136016,0.03330516213808567,0.03931726877046216
VFG015920,2567,2776,0.061873860537592515,0.05610558357348703,0.12861973891786332,0.06036914862534844,-0.005768276964105486,-0.14118567423846853,-0.058145807109336096,-0.05813764171021949,22.022422338436055,-0.6849249900926074,0.0384259876915039,0.044975871957101156
VFG015922,2567,2776,0.061873860537592515,0.05610558357348703,0.12861973891786332,0.06036914862534844,-0.005768276964105486,-0.14118567423846853,-0.058145807109336096,-0.05813764171021949,22.022422338436055,-0.6849249900926074,0.0384259876915039,0.044975871957101156
VFG015926,2654,2775,0.02933620949510174,0.059169513513513516,0.04934003477285129,0.02349519717172332,0.029833304018411777,1.0121713117291595,0.7775191214157717,0.7774116649563694,22.45010396008557,-0.8040924119296388,2.9145612041085014e-159,1.906030501734449e-158
VFG015928,2654,2775,0.02933620949510174,0.059169513513513516,0.04934003477285129,0.02349519717172332,0.029833304018411777,1.0121713117291595,0.7775191214157717,0.7774116649563694,22.45010396008557,-0.8040924119296388,2.9145612041085014e-159,1.906030501734449e-158
VFG015950,2821,2821,0.14040280042538106,0.050647359092520376,0.23093488992738162,0.06845512039354,-0.08975544133286067,-1.471012579736468,-0.5269847525952678,-0.5269146717291928,-1.8231217956182308,-0.7006165210759784,1.7172906222420577e-82,6.491043452878237e-82
VFG015952,2821,2821,0.14040280042538106,0.050647359092520376,0.23093488992738162,0.06845512039354,-0.08975544133286067,-1.471012579736468,-0.5269847525952678,-0.5269146717291928,-1.8231217956182308,-0.7006165210759784,1.7172906222420577e-82,6.491043452878237e-82
VFG016046,2809,2814,0.059752901388394446,0.041227896233120113,0.11375049218586371,0.07973249191309062,-0.018525005155274332,-0.5353878128276551,-0.18862557647232242,-0.18860040737881104,0.0,-0.5489043871827356,1.7606940563813985e-12,2.769785183291528e-12
VFG016048,2810,2815,0.05975693950177935,0.041238507992895204,0.11373044432213442,0.07972031174288603,-0.018518431508884145,-0.5351140158363962,-0.18859040930078597,-0.18856525385069917,0.0,-0.549203744556045,1.7613682476271369e-12,2.769785183291528e-12
VFG016058,2834,2834,0.08159167254763586,0.0560485179957657,0.07552719957915639,0.06518082139060077,-0.02554315455187016,-0.5417456074427481,-0.3620885288916067,-0.36204059765625946,-0.7357265738559675,-0.4210453117677322,1.2343089148037065e-41,2.8569397353883545e-41
VFG016059,2832,2828,0.08122404661016949,0.05594130127298444,0.07535166726255066,0.06464183111878538,-0.025282745337185053,-0.5379930110339268,-0.3601271251974865,-0.360079386194544,-0.6961465710524067,-0.4094729161172776,3.662042236814194e-41,8.428834645628201e-41
VFG016060,2834,2830,0.08294865913902612,0.05590660777385159,0.07597264569846533,0.06451414012346002,-0.027042051365174527,-0.5691997664389317,-0.38368030457518104,-0.38362947925996377,-0.7669907833872659,-0.41348067758739787,2.03148814374082e-46,5.231081970132612e-46
VFG016107,2609,2836,0.25596795707167497,0.3206543018335684,0.18507039673845913,0.2266547705075571,0.06468634476189344,0.3250555307225514,0.31133498273319876,0.3112920813989376,0.5856898246036865,-0.3119530095724845,1.3025706478283721e-30,2.5925560720062285e-30
VFG016111,2609,2827,0.32680390954388655,0.2594906261054121,0.39012701029813024,0.17104784574757848,-0.06731328343847442,-0.3327428077443383,-0.22657580026057395,-0.22654452685819154,0.18881659694951608,-0.6508621688983591,6.27871194672763e-16,1.0224621826291636e-15
VFG016115,2740,2814,0.13626934306569344,0.1390679459843639,0.22953855108622517,0.12910448810073374,0.0027986029186704564,0.029328895652049578,0.015080748013275141,0.015078710716745226,23.511714174374223,-0.9401056500604381,0.5768583207783169,0.6032122542148898
VFG016117,2829,2830,0.27178596677271116,0.13286120141342758,0.19036443062523647,0.07623191434631973,-0.13892476535928358,-1.032551045974751,-0.9581640100768369,-0.958036971935226,-0.9402331809923808,-0.460024956064586,4.168853126421176e-244,4.907335680244355e-243
VFG016118,2829,2830,0.2789839872746554,0.1338451590106007,0.1911695795589229,0.07759434843265348,-0.1451388282640547,-1.0596173029100895,-0.9949269458009943,-0.994795033446842,-0.9396961644466358,-0.4790380298948173,1.6017519605577428e-260,2.2755924405165174e-259
VFG016122,2803,2837,0.49167877274348915,0.21626728939020087,0.48998565447797615,0.08149994441416374,-0.27541148335328824,-1.184900560677906,-0.7863759291176746,-0.7862713161165947,-0.26141219583639497,-0.14600248915036523,1.7472930117931277e-166,1.220143594675879e-165
VFG016130,2835,2837,0.1709837037037037,0.12580958759252733,0.16743057745360346,0.14226529474890232,-0.04517411611117636,-0.44261692934480623,-0.2907820050959039,-0.2907435401717323,-0.42595111634319766,-0.7885111020347773,1.286959929294443e-27,2.466174376136328e-27
VFG016146,2137,2837,0.3088600842302293,0.1278874162848079,0.2663318288957437,0.06689195612586486,-0.1809726679454214,-1.2720790545156573,-0.9958397446521073,-0.9956895199206769,-1.4319353508285582,-0.8821166057391555,3.97538910563263e-174,2.873439143018673e-173
VFG016153,2768,2835,0.03160231213872832,0.028783068783068782,0.08674361248057873,0.08043284014582813,-0.002819243355659539,-0.13480965327378128,-0.03371895921345374,-0.03371444388614756,0.0,-0.34961426124720923,0.20744897956054614,0.23225266189930707
VFG019737,2818,2820,0.01858917672107878,0.015999503546099293,0.09235684444764164,0.0836820320618364,-0.0025896731749794864,-0.21643561191818875,-0.029386460609755617,-0.029382549888829865,0.0,-0.1204763954114633,0.2699764252636368,0.29426001907041893
VFG019744,2787,2838,0.00025536419088625765,0.0035457364341085268,0.009557645171771411,0.029542079005022107,0.0032903722432222693,3.7954047357900538,0.14931807405864767,0.14929815701528917,0.0,-0.019374534895099643,1.8326953736215522e-08,2.6309076443626464e-08
VFG019758,2831,2833,0.20659809254680328,0.10125873632192021,0.21261183135066264,0.09991377445408836,-0.10533935622488307,-1.0287804766043023,-0.63421715013423,-0.6341331367350864,0.14699735941961595,-0.5513361660891474,8.5806086604796e-118,4.3644577384167844e-117
VFG019759,2839,2835,0.012701902078196547,0.02248885361552028,0.064789308093036,0.0384531531229924,0.009786951537323733,0.8241650731796049,0.18367770557380456,0.18365341707745328,21.353802108326168,-0.5356216915686213,5.128607780682632e-12,7.973533606193375e-12
VFG019761,2822,2838,0.05832037562012757,0.05969291754756871,0.1374073747488765,0.07063379254900898,0.0013725419274411427,0.033559751338113654,0.012573981115592206,0.012572314289409237,22.406653711750458,-0.6432469087892423,0.636801769609618,0.6478082199485496
VFG019768,2838,2838,0.007683615221987314,0.004692353770260747,0.05793111679055196,0.04488883761034631,-0.002991261451726567,-0.7114722905192146,-0.0577219381426855,-0.05771430801206519,0.0,-0.058828364276026404,0.02972161819672006,0.03559682179374612
VFG019771,2823,2824,0.2192691462982643,0.14058820821529744,0.1453916421883635,0.08893419474223867,-0.07868093808296686,-0.6412271916481892,-0.6528956498054639,-0.652808901634623,-0.6749045830491951,-0.3534927582916131,4.2933126421606096e-125,2.3274273796975935e-124
VFG019773,2593,2833,0.0038503663709988437,0.006801164842922697,0.03747112716746851,0.02624580183106731,0.0029507984719238534,0.8207845058169262,0.09191493831206723,0.09190222824915245,0.0,-0.10818436614693037,0.0008714659886046228,0.0011047507301695527
VFG019790,2798,2827,0.09748977841315223,0.15846639547223207,0.2323726356469705,0.20207719793043122,0.060976617059079835,0.7008540081031914,0.28012754732501693,0.2800901820392593,23.428542278107656,-0.5910296985592569,1.5502732948380896e-25,2.8387226554368574e-25
VFG019797,2838,2838,0.003297110641296688,0.0581284355179704,0.03527059122948703,0.048903139990190206,0.054831324876673714,4.139965747112225,1.2860556724356094,1.2858856716857832,21.891339095408355,-0.9934257020274032,0.0,0.0
VFG019805,2837,2839,0.01663859710962284,0.013246847481507572,0.062159562078844655,0.04991148376745837,-0.0033917496281152676,-0.32888451086987824,-0.06017258300848499,-0.06016462893274031,0.0,-0.15241693105112422,0.023459704751218356,0.0283442767082169
VFG019807,2593,2839,0.04566043193212494,0.027503381472349417,0.09317821836785906,0.03562201845163554,-0.018157050459775524,-0.7313352931311697,-0.26186640835375713,-0.2618302372950039,21.684317588830663,-0.6814579366481981,2.0720157899248632e-20,3.5718431190336557e-20
VFG019823,2781,2837,0.015466810499820207,0.0069326401127952075,0.06928198065950485,0.028900537678596447,-0.008534170387025,-1.15769779834578,-0.1613426258012702,-0.16132107801702927,0.0,-0.15828136365693132,2.1102857446222367e-09,3.105134738515577e-09
VFG019825,2814,2838,0.04120508173418621,0.04419520789288231,0.09352120768954525,0.04655624671461438,0.0029901261586961006,0.10106764944856429,0.04052987138760523,0.0405244910781153,22.06907242095931,-0.8549392872544556,0.12868717885696623,0.1452578566823838
VFG019827,2655,2838,0.0248479472693032,0.03302660324171952,0.09529386972677137,0.05677373081726497,0.008178655972416321,0.4105017802567724,0.10510988203129144,0.10509552471917134,0.0,-0.5372219103397661,0.00012910991015511545,0.0001710394951251047
VFG019831,2820,2838,0.009765851063829786,0.008717195207892882,0.06049241888554416,0.05107461474173364,-0.0010486558559369037,-0.16388158148804272,-0.018737046416996722,-0.01873456172711249,0.0,-0.10525604886070003,0.48126465957180087,0.5097198965130642
VFG019833,2837,2837,0.0015295029961226647,0.0012349312654212196,0.023632203236906926,0.019605987941351398,-0.0002945717307014451,-0.30862993742381606,-0.013566843686747794,-0.013565049684408999,0.0,-0.01607155259525016,0.6093942036723295,0.6265373550646437
VFG019837,2820,2838,0.018588120567375886,0.009674453840732912,0.0626760249618274,0.03367692267515442,-0.008913666726642974,-0.9421280694699664,-0.1773266855904781,-0.1773031705811172,0.0,-0.20150865408163776,3.134526389099023e-11,4.818749523540288e-11
VFG019841,2836,2814,0.13421787729196052,0.2149646766169154,0.15046631840655345,0.06037776954057291,0.08074679932495488,0.6795227270381264,0.7033493772346984,0.7032559750775692,1.1756028541641474,-0.024990777524828006,5.176259595620571e-142,3.0907521063705434e-141
VFG019859,2812,2837,0.0074738975817923185,0.021350440606274234,0.04111463857974921,0.03276464192094539,0.013876543024481915,1.5143318892121342,0.3734625181848719,0.3734129149815003,21.12691679764409,-0.6015317304206605,6.891390937810194e-44,1.6800314002235503e-43
VFG019861,2528,2787,0.07305814873417721,0.055366236096160745,0.12532081252329258,0.08471947017232936,-0.017691912638016463,-0.4000386857141517,-0.1669235086331121,-0.16689994407022565,0.0,-0.5777373077080296,2.5907471874274903e-09,3.758407891620161e-09
VFG019873,2800,2810,0.011307892857142857,0.008235978647686833,0.06495502820979185,0.04815958494555799,-0.003071914209456024,-0.4573176480637825,-0.05373998103996938,-0.053732793667889675,0.0,-0.10282740213523131,0.04432296260716455,0.05144851180765763
VFG019885,2624,2800,0.04820685975609756,0.026821142857142856,0.11798516558105134,0.05954173298232988,-0.0213857168989547,-0.8458675033175856,-0.23108601754198932,-0.2310540510158388,0.0,-0.31707357905052264,1.0030559535080996e-16,1.65967491102545e-16
VFG019887,2839,2839,0.008620112715744982,0.0039609017259598445,0.052371094478196954,0.027946713239016877,-0.004659210989785137,-1.1218758583371835,-0.11100046841654516,-0.11098580068958179,0.0,-0.07512480581385352,2.945625476698477e-05,4.0052729254117903e-05
VFG019889,2194,2835,0.10507292616226072,0.11898070546737213,0.18415835558678229,0.06103481431469626,0.013907779305111417,0.17933663937334077,0.10699859016636665,0.10698262578726986,23.59377418293474,-0.9382844666952841,0.0006941724517279095,0.0008854459755786338
VFG019891,2618,2839,0.0718640565317036,0.13545988023952096,0.13816416620722236,0.07874490356867941,0.06359582370781737,0.9145232521440314,0.5714768848463327,0.5713983097212336,23.862306001490012,-0.7147272883343994,2.862604067585005e-90,1.1677157186584376e-89
VFG019893,2829,2837,0.09499639448568399,0.04523017271765949,0.12050771369728115,0.062075259492402786,-0.0497662217680245,-1.0705870859047264,-0.5194082687335267,-0.519339488119702,0.0,-0.6958742058340569,2.0405488213082068e-81,7.506304592669476e-81
VFG019895,2834,2839,0.036319865913902606,0.016781824586121874,0.06563865149636204,0.037528489258728634,-0.019538041327780732,-1.113858834225741,-0.36552400438299004,-0.3654756610415824,0.0,-0.47413608169107424,3.163302838323958e-42,7.405004371531083e-42
VFG019897,2540,2834,0.019818385826771655,0.018894777699364852,0.08094155738218824,0.04527878440538205,-0.0009236081274068032,-0.0688518815937121,-0.014289609575457543,-0.014287614470104243,0.0,-0.22333503742519129,0.6113301377087057,0.6265373550646437
VFG019899,2756,2836,0.08811422351233672,0.06801262341325812,0.12747474884992507,0.09827136221054783,-0.020101600099078604,-0.37357233010840596,-0.17694109234959718,-0.17691735142750545,0.0,-0.6446937928479164,4.8003740483146796e-11,7.297985638028221e-11
VFG019901,2664,2839,0.05441888138138138,0.029486403663261707,0.09743078049804936,0.054139353297477925,-0.024932477718119673,-0.8840572036271092,-0.31903050873883315,-0.31898701051012723,0.0,-0.5793380118406536,8.751739391986561e-31,1.767508151714933e-30
VFG019905,2671,2839,0.015907862223886186,0.06570841845720324,0.044770547162375225,0.09568134873843241,0.049800556233317056,2.0463375585189865,0.6602786841228973,0.6601887728137252,0.0,-0.5073607712229866,2.9566648007552035e-128,1.6461431052853295e-127
VFG019907,2782,2837,0.1467329978432782,0.11086090941135002,0.1363374233788783,0.08426794777471923,-0.035872088431928184,-0.4044425666575413,-0.31721306286130974,-0.31717070566236977,-0.17761937833742134,-0.5421783422155673,7.2566168408691e-32,1.5023749439387282e-31
VFG019916,2832,2838,0.1283063559322034,0.04531370683579986,0.1868630767364204,0.02523944770414605,-0.08299264909640355,-1.50157301446779,-0.6227690321637995,-0.6226866226054876,-1.0173818570202824,-0.9114583955439296,2.249086501274961e-111,1.0774693471224232e-110
VFG019921,2836,2839,0.013937341325811004,0.06549778090877069,0.07512011436496789,0.04395718461111646,0.05156043958295969,2.2324898332294585,0.8378937167236821,0.8377829379501519,21.86514158525401,-0.9953897481731137,7.286642945226165e-198,5.664333761194679e-197
VFG019924,2765,2838,0.12600358047016275,0.06580218463706836,0.16620741877085202,0.03847744742939878,-0.06020139583309439,-0.9372572371911071,-0.5019862951234777,-0.5019190738189484,22.250608674003924,-0.9778960809576058,5.348284081067184e-73,1.694994647230523e-72
VFG019932,2093,2820,0.01873769708552317,0.03350875886524823,0.06051004694993503,0.0521281667896265,0.014771061779725057,0.8385942592795065,0.26446458540711526,0.2644241947460033,0.0,-0.4042925930067466,4.503240444667587e-19,7.666673814888619e-19
VFG019941,2227,2831,0.04709196228109565,0.03734616743200283,0.07784804307417342,0.05831513666823438,-0.009745794849092819,-0.3345205625739393,-0.14413919800342478,-0.1441178155382114,-0.5919657112487687,-0.8676767591853425,8.965531115546034e-07,1.2649995957551253e-06
VFG019945,2221,2838,0.031487483115713644,0.10193280479210712,0.08621787024488219,0.03613191881473155,0.07044532167639347,1.6947677602314923,1.1144399967375032,1.1142747067790213,23.221403182016505,-0.9355011535414245,3.9957552285012674e-235,3.919645605101243e-234
VFG019951,2825,2838,0.0438387610619469,0.06825017618040874,0.10675840027331689,0.07175378512848668,0.024411415118461836,0.6386256259761235,0.26850374784245334,0.26846817343784585,22.726504440008824,-0.8262891104916213,9.95505214774016e-24,1.7910399497244307e-23
VFG019957,2836,2835,0.028943935119887167,0.039102786596119925,0.076836248990769,0.03467896983011075,0.010158851476232758,0.434010213842234,0.17041515754261596,0.1703926108845067,22.117435431711307,-0.8059771942000433,1.5503984986676697e-10,2.3143629762720285e-10
VFG019961,2345,2461,0.061492409381663116,0.7565455099553028,0.17827173974921312,0.27079080435781044,0.6950531005736397,3.6209464143636354,3.017528467542778,3.017057346782818,26.05527616652598,-0.8553022892734331,0.0,0.0
VFG019968,2839,2839,0.06933124339556183,0.03643906305036985,0.08161064923530789,0.047239981237408225,-0.032892180345191986,-0.9280195824912201,-0.4932987742533422,-0.4932335891975011,-0.5900965226966239,-0.736461436780832,2.2443794399894042e-74,7.517758774598655e-74
VFG019969,2063,2838,0.1852690741638391,0.27378365045806907,0.313197825624961,0.10417955159833726,0.08851457629422999,0.5634141893719815,0.4058223804301065,0.4057602489097549,24.558591733263302,-0.5722566840097192,5.1921526561834645e-34,1.108376629195641e-33
VFG019979,2688,2836,0.3368896577380952,0.20370200987306064,0.35114396843686324,0.11719826523949789,-0.13318764786503456,-0.7258158964162161,-0.5143551073602669,-0.5142852443040763,-0.016913381944917993,-0.9231191021895359,3.257832770933281e-74,1.0737816812996094e-73
VFG019981,2687,2838,0.08193051730554522,0.13686109936575053,0.11281092722189215,0.08019112836977339,0.054930582060205305,0.740239541532784,0.5638014922170246,0.5637249268973626,23.943243192146817,-0.5954284101694978,9.423671060192916e-92,4.002631419380909e-91
VFG019983,2742,2838,0.0436419401896426,0.042828999295278364,0.08285478102081598,0.048949389685335146,-0.0008129408943642336,-0.027127265823410556,-0.011996565821753725,-0.011994952729670659,21.86514158525401,-0.7433104131745423,0.6568495186415606,0.6616674857709608
VFG019987,2606,2746,0.22788115886415963,0.16006988346686085,0.24135665148268218,0.15120491898803917,-0.06781127539729878,-0.5095797253233944,-0.3386547493879598,-0.33860727220453235,-0.23059036274215042,-0.7129750997613776,6.627640874685469e-34,1.3931571634542924e-33
VFG019993,2838,2838,0.026361980267794217,0.05000877378435517,0.046825130509780565,0.028572717041935945,0.023646793516560953,0.9237222245558161,0.6096445107995336,0.6095639232898443,22.304520945748532,-0.8270666992457641,1.075635968199808e-110,4.979348526947426e-110
VFG019995,2664,2838,0.1338921171171171,0.05845954897815363,0.196133110070975,0.08516242404302247,-0.07543256813896347,-1.1955602818757909,-0.5043807211537579,-0.5043119388380407,0.0,-0.6635783510783511,1.430612403481995e-71,4.39859933010882e-71
VFG019997,2816,2834,0.07326065340909091,0.022594001411432606,0.12775359169890596,0.033732436007169124,-0.0506666519976583,-1.6970983313142636,-0.5430401814895491,-0.5429680677918611,0.0,-0.564730800306345,1.0676237906064922e-86,4.189152397427379e-86
VFG020001,2592,2653,0.14139513888888888,0.40167745947983413,0.28634784619944426,0.2428373448324575,0.26028232059094525,1.5063049176144845,0.9813342905166478,0.9811939060394388,25.0421824165818,-0.8689055425258152,2.7170369323956784e-246,3.4981850504594364e-245
VFG020003,2811,2831,0.07923230167200285,0.2607813140233133,0.14720523319043585,0.08406859079425198,0.18154901235131043,1.718679754144553,1.5159346670207565,1.5157330710279793,24.640307665853733,0.6500793358483055,0.0,0.0
VFG020007,2838,2837,0.06767899929527837,0.030985971096228415,0.12669234004691274,0.034663461014382835,-0.03669302819904996,-1.1270928015436472,-0.3950386004358623,-0.39498637198399555,21.66275224544301,-0.7042640751193021,1.6337134805842712e-48,4.233270150947923e-48
VFG020014,2837,2837,0.021509869580542827,0.00627437433909059,0.06755040917602936,0.031142826302664486,-0.015235495241452237,-1.7774536384256516,-0.289663552048006,-0.2896252485853999,0.0,-0.30662096578907383,2.5132694248720562e-27,4.749848637831593e-27
VFG020016,2602,2835,0.010615949269792467,0.1239099823633157,0.05737239692830049,0.11682073468977029,0.11329403309352323,3.5449858883810954,1.215246645569271,1.2150789405259521,23.662751919533044,-0.6446862879863136,0.0,0.0
VFG020018,2682,2834,0.1987287844891872,0.18823140437544109,0.2032192398364403,0.2751673061935506,-0.010497380113746124,-0.07829350184415733,-0.04322364109732584,-0.04321776166303466,-0.7135576266531104,-0.8267649354251164,0.105818803756579,0.12076827464739763
VFG020020,2819,2819,0.11127616175948918,0.040110925860234126,0.09487296257097913,0.04875443661813316,-0.07116523589925505,-1.4720771604000724,-0.9435226471299146,-0.9433970840752463,-1.4775068264249693,-0.8258456495671632,8.622567693288472e-241,8.881244724087126e-240
VFG020026,2718,2685,0.08259116997792494,0.08378588454376164,0.2129975579526891,0.16713236120090638,0.0011947145658366964,0.020719662373098226,0.006236031686294702,0.006235165691059833,0.0,-0.527633830878494,0.8184746547820292,0.8224672140736489
VFG020036,2390,2820,0.028261297071129707,0.025983936170212763,0.08791722102175895,0.0669080836479026,-0.0022773609009169443,-0.12120764225780019,-0.02947738638609145,-0.029473141166987314,0.0,-0.3224224754443752,0.2997264028720859,0.3224210913402073
VFG020037,2580,2833,0.062312868217054264,0.02925979527003177,0.15161582433999657,0.07548815470619726,-0.03305307294702249,-1.0906101881054744,-0.27996279504276517,-0.2799239885748481,0.0,-0.4322223955212241,2.9471025268441466e-23,5.1668350683395256e-23
VFG020038,2531,2836,0.15973871987356775,0.050587129760225676,0.27590797064061895,0.04418225433323803,-0.10915159011334208,-1.6588715722157392,-0.567987560057797,-0.5679081545552026,-1.0022040499944216,-0.8470291377051501,1.4372720077769233e-80,5.1491831930790646e-80
VFG020039,2829,2836,0.06686291975963238,0.10042909026798309,0.13365836677889262,0.03252662905839236,0.033566170508350715,0.5868988876053268,0.3452753720058578,0.34522964218748253,23.15807725326693,-0.9008633132262518,1.4341250823300703e-37,3.1766641608601554e-37
VFG020040,2794,2835,0.01266020042949177,0.07726465608465609,0.05240574439822305,0.016272224350094778,0.06460445565516432,2.609507421417857,1.6700110141860343,1.669788415303795,22.93517098589152,-0.883769579307637,0.0,0.0
VFG020041,2639,2832,0.04529905267146646,0.10220829802259888,0.07191349540729543,0.0411695639662712,0.056909245351132426,1.1739593673578743,0.9800441864020306,0.9799097803421812,23.274976533759425,-0.9371451532103198,3.7350886044290685e-242,4.049622381644148e-241
VFG020043,2833,2836,0.04080900105894811,0.06738039492242594,0.10844219280777191,0.06828654526724383,0.02657139386347783,0.7234413487441376,0.29326208795380687,0.2932232744247178,22.434917558935226,-0.8576017239894315,5.466636824476493e-28,1.062384137586941e-27
VFG020044,2213,2838,0.09515485765928604,0.2101787174066244,0.11230131247286677,0.13749927575613582,0.11502385974733835,1.1432672940013207,0.9051553731679564,0.9050209108693921,1.2648154974848198,0.3873932528237429,4.6697207609791536e-213,4.008176986507107e-212
VFG020045,2837,2839,0.08369784984138175,0.04592395209580838,0.11775490834936833,0.05714086562217328,-0.03777389774557337,-0.8659436173745527,-0.40818688481926785,-0.4081329275311225,-0.169924954843648,-0.9099948933748336,6.79615971208778e-52,1.8181933775195878e-51
VFG020047,2304,2766,0.17661684027777777,0.16747769342010124,0.19290500519067655,0.07913829654239822,-0.009139146857676528,-0.07665395106540161,-0.0641017390153766,-0.06409225229952409,0.09843980980439661,-0.5980110355406926,0.03328053815002459,0.03931726877046216
VFG020049,2567,2776,0.061873860537592515,0.05610558357348703,0.12861973891786332,0.06036914862534844,-0.005768276964105486,-0.14118567423846853,-0.058145807109336096,-0.05813764171021949,22.022422338436055,-0.6849249900926074,0.0384259876915039,0.044975871957101156
VFG020051,2821,2821,0.14040280042538106,0.050647359092520376,0.23093488992738162,0.06845512039354,-0.08975544133286067,-1.471012579736468,-0.5269847525952678,-0.5269146717291928,-1.8231217956182308,-0.7006165210759784,1.7172906222420577e-82,6.491043452878237e-82
VFG020072,2809,2814,0.059752901388394446,0.041227896233120113,0.11375049218586371,0.07973249191309062,-0.018525005155274332,-0.5353878128276551,-0.18862557647232242,-0.18860040737881104,0.0,-0.5489043871827356,1.7606940563813985e-12,2.769785183291528e-12
VFG020074,2834,2834,0.08168440366972478,0.05614520112914608,0.0750415464891644,0.06441564246836202,-0.025539202540578697,-0.5408978476445444,-0.36520724813872435,-0.36515890406492935,-0.7357265738559675,-0.4199432837173768,2.5927923556220353e-42,6.246961698925606e-42
VFG020086,2609,2836,0.25596795707167497,0.3206543018335684,0.18507039673845913,0.2266547705075571,0.06468634476189344,0.3250555307225514,0.31133498273319876,0.3112920813989376,0.5856898246036865,-0.3119530095724845,1.3025706478283721e-30,2.5925560720062285e-30
VFG020087,2609,2827,0.32699536220774245,0.25920933852140077,0.3869976925995929,0.1561181535487384,-0.06778602368634168,-0.33515246745348104,-0.2331154672624939,-0.2330832912145626,0.18881659694951608,-0.6502112425994588,1.0482744015724003e-16,1.727556213791316e-16
VFG020088,2740,2814,0.13626934306569344,0.1390679459843639,0.22953855108622517,0.12910448810073374,0.0027986029186704564,0.029328895652049578,0.015080748013275141,0.015078710716745226,23.511714174374223,-0.9401056500604381,0.5768583207783169,0.6032122542148898
VFG020089,2829,2830,0.27918586072817253,0.13408692579505302,0.19177156935832426,0.07940461070282752,-0.1450989349331195,-1.0580572492023457,-0.9886927144074852,-0.9885616286186831,-0.9396961644466358,-0.47987601907053024,4.3327579185340755e-258,5.7583750401162555e-257
VFG020090,2803,2837,0.491808455226543,0.2162417694747973,0.4901133731569945,0.08272135006215879,-0.2755666857517457,-1.185451278344897,-0.7862964633871548,-0.7861918609575436,-0.26141219583639497,-0.1460482631593045,1.734885500682424e-166,1.220143594675879e-165
VFG020092,2834,2837,0.17062053634438953,0.12543158265773705,0.1670845171938759,0.14172079258224207,-0.04518895368665249,-0.4438906204608944,-0.2916999016249733,-0.29166130847371086,-0.43779735780170176,-0.7892966692528836,8.983784416131933e-28,1.737708534951341e-27
VFG020095,2137,2837,0.3098899859616284,0.12806267183644696,0.2666180773842269,0.06730262507257723,-0.18182731412518147,-1.2749060540819286,-0.9990768798751762,-0.9989261668144015,-1.4319353508285582,-0.8826493743926973,3.791257996483068e-175,2.83999689918368e-174
VFG020096,2768,2835,0.03158287572254335,0.028777495590828928,0.08657670238074681,0.08035307597539797,-0.0028053801317144203,-0.13420145005957992,-0.03360313317371165,-0.03359863335674423,0.0,-0.3496140063818291,0.20900885585308437,0.23273418543640745
VFG040875,1863,1429,0.12199039184111649,1.0186291812456263,0.2216938434034987,0.9241649715072651,0.8966387894045098,3.0617894201396196,1.420334734477843,1.4200109253583482,26.282065834088392,-0.4128859034184538,5.236314856877902e-206,4.314723442067391e-205
VFG040877,2784,2819,0.09799198994252874,0.07868850656261085,0.11739432962402763,0.07386877419546123,-0.019303483379917885,-0.3165108616842687,-0.19708720202008798,-0.1970608099473272,0.17159380073757044,-0.8640914942936477,2.22197580076956e-13,3.548271433787049e-13
VFG040878,2822,2822,0.18692615166548546,0.019489900779588946,0.286997172900274,0.029422538981738907,-0.1674362508858965,-3.261669107406549,-0.8207606942861895,-0.8206515844318508,0.0,-0.6854728289068225,1.2779230643634064e-180,9.750079676254137e-180
VFG040879,2815,2818,0.039206856127886325,0.10561557842441449,0.11126423794706256,0.0798485055341287,0.06640872229652817,1.429644551754066,0.6858239833379318,0.6857326335199674,23.133202587308496,-0.9707461674316465,2.1052801845364328e-137,1.239107765755729e-136
VFG041011,2570,2669,0.08773669260700391,0.09478823529411765,0.20481320613741233,0.13394277869668111,0.007051542687113735,0.1115276745435543,0.04090505654912264,0.040899198184218485,22.48738496974209,-0.9284826652165736,0.1419213945149315,0.15932320038188494
VFG041012,1740,2171,0.22241005747126438,0.5100799631506219,0.293219135263446,0.3375978130446541,0.28766990567935746,1.1975013648544643,0.9028642722579151,0.9026910331906446,1.5953591842845853,-0.6136665660720998,2.3291605916099305e-162,1.573137973349658e-161
VFG041014,1922,2839,0.060340790842872014,0.11837129270870025,0.15505331742721185,0.14647078944314176,0.05803050186582824,0.9721136150934682,0.38688471838009975,0.3868237436411904,0.0,-0.5461736134757479,1.267243166074722e-37,2.8530283301791553e-37
VFG041016,2831,2838,0.0018008830801836807,0.0012238548273431995,0.02206508784694482,0.016294229523546564,-0.0005770282528404812,-0.5572683053959228,-0.029756049223875303,-0.029752110981158066,0.0,-0.043359797111861054,0.26285074277416887,0.2887853493945535
VFG041018,2749,2832,0.03757882866496908,0.01322295197740113,0.09021405381110047,0.02832467478610162,-0.024355876687567952,-1.5068751020170674,-0.3665187017180895,-0.3664694274135789,0.0,-0.45302773170726696,1.3831237426968569e-40,3.1658165666172504e-40
VFG041019,2691,2693,0.04594990709773319,0.010899665800222797,0.09421091292575205,0.01736618751150358,-0.03505024129751039,-2.0757770344814044,-0.5175167472542388,-0.5174446261857313,0.0,-0.510425821489933,8.974515946448413e-76,3.133475059268429e-75
VFG041020,2838,2839,0.2172170190274841,0.19156262768580484,0.2760042857171236,0.09247746811417432,-0.025654391341679267,-0.18132100389409328,-0.12464862841642055,-0.12463215430367333,0.4608994020805659,0.19333897805682007,2.7664269924252452e-06,3.850567300267571e-06
VFG041021,2321,2839,0.039154890133563124,0.031030398027474464,0.07329521749874514,0.03000020358546278,-0.00812449210608866,-0.335510200943936,-0.15056880053251354,-0.15054690598539525,21.492284012847737,-0.7806372707103724,5.815981058310746e-07,8.262704124220784e-07
VFG041023,2837,2839,0.08606679591117378,0.19044515674533288,0.13142680916732202,0.09949284503139003,0.1043783608341591,1.1458468405993467,0.8955436944310733,0.8954253145639971,0.43141481102335877,-0.16825765003613624,4.5211500988666354e-226,4.233440547120577e-225
VFG041025,2829,2839,0.0045172499116295515,0.05740619936597394,0.0274336737646456,0.02969897594642092,0.052888949454344386,3.6676869647625376,1.8498610863246823,1.8496162121571416,22.107891661144922,-0.9312550745306218,0.0,0.0
VFG041027,2839,2839,0.06427728073265235,0.047787037689327225,0.07623779382102693,0.042735339226587114,-0.016490243043325123,-0.4276894813308853,-0.2668318802839249,-0.2667966208186185,-0.42659681363954827,-0.7559004610591097,1.580116235068622e-23,2.79402527402692e-23
VFG041031,2758,2801,0.038844561276287166,0.06318236344162799,0.11111738683657098,0.041127665648537155,0.024337802165340823,0.7018091439944253,0.2913494677552393,0.29131014403169286,22.22435061297955,-0.8961960389677467,9.33350913112827e-27,1.755893042020478e-26
VFG041032,2486,2741,0.1380669750603379,0.08044443633710324,0.1974841909865156,0.02898239578722236,-0.05762253872323467,-0.7793036500037255,-0.4181609358464799,-0.41810090987358456,-0.4246784096876983,-0.9777965655463371,2.5093019009407544e-45,6.265721356626707e-45
VFG041033,2801,2800,0.1039289896465548,0.13087028571428572,0.0840770875150569,0.032243561677605205,0.02694129606773092,0.3325394084263719,0.4230888721549477,0.4230321958157441,0.06695023847291592,-0.2691899576681797,1.2069664585330756e-54,3.429449523556049e-54
VFG041035,2025,2806,0.15132943209876543,0.08444775481111903,0.1833862492553143,0.02984421990906284,-0.0668816772876464,-0.8415615573374449,-0.5532691083887159,-0.5531831747969392,0.052116383686724665,-0.8707844741867075,4.537440640048885e-56,1.32583371893627e-55
VFG041038,2802,2806,0.034446324054246975,0.04293813257305774,0.09017131714666769,0.10379537500096855,0.008491808518810762,0.31790933164627394,0.08733990207264161,0.08732821676263769,0.0,-0.40385431340916755,0.0010797343510149545,0.0013480319776307916
VFG041041,2801,2804,0.06256651196001428,0.05612664051355207,0.08253129194177947,0.04597319163268241,-0.006439871446462214,-0.1567049418720287,-0.09641631859757951,-0.09640341203581106,21.920707940091617,-0.9392430918038748,0.00031181517951359074,0.0004078344570146012
VFG041042,1601,2768,0.11511905059337915,0.057808706647398844,0.13953619295042438,0.041744772552725504,-0.05731034394598031,-0.9937677743919454,-0.6314337655211202,-0.6313253152264753,0.41885306860129107,-0.8779098052878801,4.5962106463166646e-54,1.270898514283534e-53
VFG041043,2204,2820,0.06259609800362975,0.07422992907801418,0.13518712161782695,0.0964466263040316,0.011633831074384426,0.24592822633272654,0.10111252777673418,0.1010974265877398,1.369233514921639,-0.7755877450412532,0.0006392771732079079,0.0008230693605051814
VFG041047,2799,2766,0.057598535191139694,0.027664280549530008,0.13676282917999333,0.062448793550265246,-0.029934254641609686,-1.0580074465625668,-0.2810279541815596,-0.2809900644749152,0.0,-0.37365284110093033,1.4798016113757134e-25,2.7339832461291206e-25
VFG042297,2779,2839,0.03809046419575387,0.009590454385346952,0.06934086996951061,0.014117529067102367,-0.028500009810406915,-1.9897576687984555,-0.5723966281877759,-0.5723201829273671,0.0,-0.6070086611697123,2.1516847233531625e-93,9.532194688403257e-93
VFG042695,2769,2808,0.22934712892741063,0.3948630698005698,0.2991636182009519,0.12680160107440774,0.16551594087315916,0.7838195701668375,0.7221510672300133,0.7220539125055104,1.805894982517679,0.5287871211489846,3.815794022335989e-145,2.4186263649268114e-144
VFG042696,2387,2618,0.1886075827398408,0.31673430099312455,0.31874126181520784,0.15581575752837856,0.12812671825328376,0.747885403702206,0.5181234777024468,0.5180458019024814,24.48799804608675,-0.8033748823443,8.364712156421762e-68,2.5340157415042395e-67
VFG042698,1847,2071,0.08441196534921495,0.1915447126991791,0.1872147854364214,0.18982824148558403,0.10713274734996416,1.1821616875528036,0.5680398134645834,0.5679310144196754,24.035905313016524,-0.7292204174647863,6.2952959172010514e-68,1.921231050286543e-67
VFG042699,2825,2839,0.22353635398230087,0.11773360338147235,0.3025893627729348,0.1294404629864739,-0.10580275060082853,-0.9249832682851746,-0.45502836822755305,-0.4549680915858485,-0.42066827986748984,-0.9113898387504014,3.5181956675893873e-63,1.050359865975962e-62
VFG042701,2736,2821,0.09222489035087719,0.21261850407656857,0.13333123289550677,0.4844586333459599,0.12039361372569138,1.2050389969773923,0.33664411905494807,0.33659866550811135,22.726504440008824,-0.7147825881909073,3.610021261567593e-36,7.911323190243875e-36
VFG042706,2805,2817,0.23559754010695183,0.1870339723109691,0.2042146387629992,0.04545205921728478,-0.048563567795982726,-0.3330241191727802,-0.3285943155419739,-0.32855046203662996,0.0533104574653853,-0.5281338094343169,5.93551980695444e-34,1.2605330724047574e-33
VFG042735,2607,2838,0.01400866896816264,0.04562181113460183,0.05068538309900658,0.03387128302632492,0.031613142166439186,1.703403122727415,0.7394069545563065,0.7393050657655449,22.055897035219697,-0.9186630400669527,4.558898398315438e-147,2.9347908439155636e-146
VFG042736,2810,2839,0.02789825622775801,0.01858883409651286,0.08982058522347783,0.05983812617907815,-0.009309422131245151,-0.585738404320141,-0.12210564002693175,-0.12208942198469148,0.0,-0.24963641901877634,4.774615295502984e-06,6.623372059754981e-06
VFG042738,2825,2838,0.010214088495575223,0.003591296687808316,0.05926494181517593,0.0412619000684718,-0.006622791807766907,-1.5079811106802543,-0.12974993873149646,-0.12973274799633794,0.0,-0.10516841599780476,1.1039448849213829e-06,1.5523047528587362e-06
VFG042740,2838,2838,0.09143428470754052,0.10032684989429178,0.07990408630440425,0.03958069475469109,0.008892565186751258,0.13390061097182762,0.1410337774771676,0.14101513454557776,-0.2737041219392766,-0.140781928136272,1.1368449877003328e-07,1.6263199129601982e-07
VFG042744,2657,2836,0.09096548739179526,0.15555356135401974,0.14678053030204888,0.12674432497448637,0.06458807396222448,0.7740201685452845,0.4721254977867088,0.47206100857788674,23.51953367818149,-0.7794774481331215,5.318062089835857e-66,1.5993004240966225e-65
VFG042749,2816,2832,0.032867258522727275,0.1808823093220339,0.09234168917635019,0.1223541117517362,0.1480150507993066,2.460327926489533,1.3650269186725863,1.3648455840068636,24.014782022687903,-0.9325966230097587,0.0,0.0
VFG042750,2830,2836,0.03504462897526502,0.014365444287729194,0.09736955017506188,0.04285426809569505,-0.02067918468753583,-1.2865901450769766,-0.27499961625628444,-0.274963200504849,0.0,-0.29544884797679505,9.446781832767073e-25,1.7221566880973603e-24
VFG042751,1891,2829,0.0437355896351137,0.03192410745846589,0.1116249183148295,0.04211962495295966,-0.011811482176647813,-0.4541613367702726,-0.15179360496163424,-0.15176947371183908,22.19760576325606,-0.6123185134548331,1.1490360232828308e-05,1.583287095627178e-05
VFG043014,2756,2811,0.07918145863570392,0.09451657773034508,0.22235033675487,0.1987004852778075,0.015335119094641164,0.2554047192703631,0.07276777390283752,0.07275796648463775,22.29052767638358,-0.9283626319781452,0.006717827635679885,0.008336581282831663
VFG043015,2800,2827,0.014680928571428572,0.12117629996462681,0.07909607871636246,0.03239473339336047,0.10649537139319824,3.0450915690962006,1.7650689281812317,1.7648335751973416,23.57657856903861,-0.9635761028854414,0.0,0.0
VFG043480,2676,2678,0.005702578475336323,0.11577132188200151,0.0555407838101532,0.0973374749311362,0.11006874340666518,4.34351731190986,1.388845462943143,1.3886508286464723,24.08456325591245,-0.6253949023823637,0.0,0.0
VFG043648,2815,2821,0.018730301953818827,0.00761630627437079,0.08654836794969611,0.04672204959554204,-0.011113995679448038,-1.298209633694249,-0.15985225048088456,-0.1598309699505343,0.0,-0.11879427511124067,2.1765543219485274e-09,3.1912469062021113e-09
VFG043810,2735,2830,0.44464299817184644,0.25925250883392226,0.35218377453729377,0.05620000772749922,-0.18539048933792418,-0.7782894940634087,-0.7411835879536833,-0.7410836575791446,-0.08659865014267187,-0.17362962771558324,4.167236212021359e-145,2.60136563538303e-144
VFG044081,2555,2787,0.06213362035225049,0.03842888410477216,0.14250908380561225,0.03668419417454914,-0.023704736247478334,-0.6931828911739341,-0.23227269283771548,-0.23224006874115136,21.337561473413132,-0.9839068304969185,4.818077587370006e-16,7.877174468239851e-16
VFG044089,2638,2836,0.053931235784685366,0.05435860366713681,0.08580940195927261,0.06281801070680827,0.0004273678824514432,0.011387303091569514,0.005714590566578676,0.005713807280989068,22.452619557565715,-0.6767989490692077,0.8344836060706781,0.8365139798080763
VFG044090,2833,2834,0.2934972820331804,0.3104638673253352,0.33142067955901827,0.35444429556514334,0.016966585292154834,0.08107822739918746,0.049446856543488564,0.04944030989228461,-0.8143076225775088,-0.6958472344664568,0.0627695106787771,0.072643366291169
VFG044091,2835,2837,0.19906490299823634,0.12884765597462108,0.30801623366942615,0.07373378886856449,-0.07021724702361526,-0.6275725517668369,-0.3135837358917712,-0.3135422547326515,1.294686651356574,-0.7902057654613172,1.679538722248802e-31,3.4426365849079924e-31
VFG044093,2837,2836,0.06466401127952062,0.07197387165021157,0.07831168197010697,0.052729515490292686,0.0073098603706909515,0.15451023944163572,0.10949512122022494,0.10948063965413311,-0.1024277963897028,-0.8034231068099211,3.787185507577599e-05,5.0824769678240094e-05
VFG044096,2646,2833,0.037696485260770976,0.05614168725732439,0.13009892696219927,0.0809150023249595,0.01844520199655341,0.5746422808973165,0.1715605701413914,0.17153707620290487,0.0,-0.5144058564713095,4.4761686972371425e-10,6.657694957623475e-10
VFG044097,2459,2832,0.22041032940219601,0.16782814265536725,0.167899188433599,0.0881561931639407,-0.05258218674682877,-0.3932071582895421,-0.4002283427605693,-0.40017158620049925,-0.3185200535010963,-0.4742152659548804,4.109763353039941e-43,9.960132361485035e-43
VFG044101,2703,2723,0.006040695523492416,0.003757840616966581,0.054102698568650166,0.038231266657298514,-0.002282854906525835,-0.6848093412713059,-0.04876310126561104,-0.04875635826935398,0.0,-0.03715339751848744,0.07291409558180617,0.08414735960701442
VFG044103,2806,2839,0.18588210976478972,0.11451063754843255,0.24404031182874775,0.12639421077815738,-0.07137147221635717,-0.6989062515445484,-0.36788364112123695,-0.3678347442658312,0.18357773236780314,-0.7732486894058096,3.0190297450188156e-42,7.189828063281804e-42
VFG044104,2838,2833,0.04759584214235377,0.015329191669608189,0.08433305047139475,0.036184765557085344,-0.03226665047274558,-1.6345532870486361,-0.4971011758737245,-0.49703540725067613,0.0,-0.6336719877752065,5.659511871785912e-75,1.94309907597983e-74
VFG044448,2194,2820,0.1640601640838651,0.11094258865248229,0.19396010963744692,0.050820150840995525,-0.053117575431382805,-0.5644116406256002,-0.39686989328018535,-0.3968105023648444,0.1640501722533071,-0.5575916264215106,8.772295644646173e-35,1.8922438772744623e-34
VFG050297,2029,2275,0.03616619024149828,0.15199063736263735,0.10999380456071566,0.11790032366161864,0.11582444712113907,2.0712686151354265,1.0138577533609305,1.013680989644996,23.334836428024058,-0.8499333293616191,6.9634716302126936e-217,6.375445136994734e-216
VFG050300,2812,2835,0.01786703413940256,0.015278977072310405,0.07467355040354018,0.0533355303973263,-0.0025880570670921543,-0.2257520773619348,-0.03991157643767469,-0.03990627351330634,0.0,-0.1731670266757986,0.1342952692326466,0.15117390962800653
VFG051484,2834,2834,0.15232297106563164,0.1387724417784051,0.12755914765541765,0.11777974349011916,-0.013550529287226554,-0.13441241684458793,-0.1103761163240502,-0.11036150535688026,-0.26749994836775587,-0.31716967422003906,3.302585590823267e-05,4.461197584980938e-05
VFG051485,2303,2631,0.04211801997394703,0.12053496769289243,0.07892338112260588,0.06069720078916029,0.0784169477189454,1.516941996139627,1.1234673623905531,1.123296510153154,23.687524445662326,-0.6595241313488447,2.1548589888205097e-281,3.414622705361731e-280
VFG051487,1997,2687,0.16284446670005007,0.23149326386304428,0.24131892221729892,0.2462364205810734,0.06864879716299421,0.5074754882115342,0.2811722157791992,0.28112717297216455,23.906097973582547,-0.6588939978631886,2.2015221435883867e-21,3.843335267620404e-21
VFG051488,2837,2839,0.2452542474444836,0.21005586474110605,0.23125266777809197,0.12272530031541799,-0.03519838270337755,-0.22350504586538955,-0.19015633295575582,-0.19013119662621772,0.053439256133339996,-0.3304171478312735,9.32333918166718e-13,1.483094881408061e-12
VFG051489,2007,2217,0.18354294967613352,0.5032413170951736,0.25519127797361635,0.294579011036752,0.3196983674190401,1.4551326270931082,1.15596085168999,1.1557554935710186,25.495031836514656,-0.7525982021876971,2.518253842420789e-269,3.7054306538477326e-268
VFG051491,1898,2712,0.19047123287671233,0.25024092920353985,0.2667470197801258,0.25921786434189314,0.05976969632682752,0.3937446347203106,0.22782982361604903,0.2277927399271093,23.944137332213536,-0.7226419830220291,4.4473834030375224e-14,7.157507664263514e-14
VFG051504,1922,2839,0.060340790842872014,0.11837129270870025,0.15505331742721185,0.14647078944314176,0.05803050186582824,0.9721136150934682,0.38688471838009975,0.3868237436411904,0.0,-0.5461736134757479,1.267243166074722e-37,2.8530283301791553e-37
VFG051507,1922,2839,0.060340790842872014,0.11837129270870025,0.15505331742721185,0.14647078944314176,0.05803050186582824,0.9721136150934682,0.38688471838009975,0.3868237436411904,0.0,-0.5461736134757479,1.267243166074722e-37,2.8530283301791553e-37
VFG051519,2831,2838,0.0018008830801836807,0.0012238548273431995,0.02206508784694482,0.016294229523546564,-0.0005770282528404812,-0.5572683053959228,-0.029756049223875303,-0.029752110981158066,0.0,-0.043359797111861054,0.26285074277416887,0.2887853493945535
VFG051522,2831,2838,0.0018008830801836807,0.0012238548273431995,0.02206508784694482,0.016294229523546564,-0.0005770282528404812,-0.5572683053959228,-0.029756049223875303,-0.029752110981158066,0.0,-0.043359797111861054,0.26285074277416887,0.2887853493945535
VFG051535,2749,2833,0.03632575481993452,0.013853547476173669,0.08981245386470055,0.02981471754623099,-0.022472207343760847,-1.3907366776539933,-0.337877354741068,-0.3378319390833673,0.0,-0.446988970221434,6.544254156341396e-35,1.4190698486382396e-34
VFG051538,2749,2833,0.03632575481993452,0.013853547476173669,0.08981245386470055,0.02981471754623099,-0.022472207343760847,-1.3907366776539933,-0.337877354741068,-0.3378319390833673,0.0,-0.446988970221434,6.544254156341396e-35,1.4190698486382396e-34
VFG051543,2814,2816,0.04495501066098081,0.01068760653409091,0.09334022128087534,0.017245506918314727,-0.0342674041268899,-2.0725420968900123,-0.510635032651944,-0.5105669812504977,0.0,-0.5024794856884409,3.167957787940298e-77,1.1251712143374163e-76
VFG051546,2805,2807,0.044678288770053476,0.01071966512290702,0.09269235158695521,0.017228630865057038,-0.033958623647146455,-2.0593130696526227,-0.5094695873546259,-0.5094014734118448,0.0,-0.5048111831447609,1.154005115545463e-76,4.063676133373767e-76
VFG051551,2838,2839,0.2172170190274841,0.19156262768580484,0.2760042857171236,0.09247746811417432,-0.025654391341679267,-0.18132100389409328,-0.12464862841642055,-0.12463215430367333,0.4608994020805659,0.19333897805682007,2.7664269924252452e-06,3.850567300267571e-06
VFG051554,2838,2839,0.2172170190274841,0.19156262768580484,0.2760042857171236,0.09247746811417432,-0.025654391341679267,-0.18132100389409328,-0.12464862841642055,-0.12463215430367333,0.4608994020805659,0.19333897805682007,2.7664269924252452e-06,3.850567300267571e-06
VFG051567,2829,2839,0.0045172499116295515,0.05740619936597394,0.0274336737646456,0.02969897594642092,0.052888949454344386,3.6676869647625376,1.8498610863246823,1.8496162121571416,22.107891661144922,-0.9312550745306218,0.0,0.0
VFG051568,2829,2839,0.0045172499116295515,0.05740619936597394,0.0274336737646456,0.02969897594642092,0.052888949454344386,3.6676869647625376,1.8498610863246823,1.8496162121571416,22.107891661144922,-0.9312550745306218,0.0,0.0
VFG051570,2829,2839,0.0045172499116295515,0.05740619936597394,0.0274336737646456,0.02969897594642092,0.052888949454344386,3.6676869647625376,1.8498610863246823,1.8496162121571416,22.107891661144922,-0.9312550745306218,0.0,0.0
VFG051583,2839,2839,0.06427728073265235,0.047787037689327225,0.07623779382102693,0.042735339226587114,-0.016490243043325123,-0.4276894813308853,-0.2668318802839249,-0.2667966208186185,-0.42659681363954827,-0.7559004610591097,1.580116235068622e-23,2.79402527402692e-23
VFG051584,2839,2839,0.06427530820711518,0.04778510038746037,0.07621893186100735,0.04270195378260983,-0.016490207819654802,-0.42770369607835956,-0.26693141285320604,-0.26689614023555375,-0.42659681363954827,-0.7559004610591097,1.5226473677947866e-23,2.7157173832530393e-23
VFG051586,2839,2839,0.06427530820711518,0.04778510038746037,0.07621893186100735,0.04270195378260983,-0.016490207819654802,-0.42770369607835956,-0.26693141285320604,-0.26689614023555375,-0.42659681363954827,-0.7559004610591097,1.5226473677947866e-23,2.7157173832530393e-23
VFG051593,2086,2617,0.1815777564717162,0.30748230798624376,0.2717389568597995,0.2732467310343728,0.12590455151452756,0.7599158887658634,0.4619010945792677,0.4618273987177702,24.90701538082321,-0.7352708212509769,2.0310345854657588e-54,5.69242346402648e-54
VFG051596,1910,2830,0.1999073298429319,0.17860749116607774,0.2873193246551005,0.2403975589643588,-0.02129983867685417,-0.16253877126675625,-0.0818210477896074,-0.08180809527293974,23.319758244273473,-0.7073720237544632,0.007620184494619126,0.00937168958741218
VFG051601,2486,2741,0.13806689460981497,0.08044436337103246,0.19748418168110599,0.028982354343458902,-0.05762253123878251,-0.7793041179347148,-0.41816091464999333,-0.4181008886801407,-0.4246784096876983,-0.9777965655463371,2.509330154959725e-45,6.265721356626707e-45
VFG051602,2486,2741,0.1380669750603379,0.08044443633710324,0.1974841909865156,0.02898239578722236,-0.05762253872323467,-0.7793036500037255,-0.4181609358464799,-0.41810090987358456,-0.4246784096876983,-0.9777965655463371,2.5093019009407544e-45,6.265721356626707e-45
VFG051604,2486,2741,0.1380669750603379,0.08044443633710324,0.1974841909865156,0.02898239578722236,-0.05762253872323467,-0.7793036500037255,-0.4181609358464799,-0.41810090987358456,-0.4246784096876983,-0.9777965655463371,2.5093019009407544e-45,6.265721356626707e-45
VFG051606,2801,2800,0.1039289896465548,0.13087028571428572,0.0840770875150569,0.032243561677605205,0.02694129606773092,0.3325394084263719,0.4230888721549477,0.4230321958157441,0.06695023847291592,-0.2691899576681797,1.2069664585330756e-54,3.429449523556049e-54
VFG051607,2801,2800,0.10394576936808284,0.13087157142857142,0.08409222142634115,0.03224351463761966,0.026925802060488585,0.3323206722326633,0.4227792847141593,0.42272264984681646,0.06695023847291592,-0.26919148773397256,1.434153402695955e-54,4.0470630267858457e-54
VFG051609,2803,2802,0.10452882625758117,0.13142312633832975,0.08701840114629752,0.038338597640648106,0.026894300080748584,0.33031828480145675,0.3999591466285871,0.3999056069632493,0.06695023847291592,-0.2692240112879975,2.6029559538292157e-49,6.918824857920238e-49
VFG051616,2025,2806,0.15132943209876543,0.08444775481111903,0.1833862492553143,0.02984421990906284,-0.0668816772876464,-0.8415615573374449,-0.5532691083887159,-0.5531831747969392,0.052116383686724665,-0.8707844741867075,4.537440640048885e-56,1.32583371893627e-55
VFG051617,2025,2806,0.15132943209876543,0.08444775481111903,0.1833862492553143,0.02984421990906284,-0.0668816772876464,-0.8415615573374449,-0.5532691083887159,-0.5531831747969392,0.052116383686724665,-0.8707844741867075,4.537440640048885e-56,1.32583371893627e-55
VFG051619,2025,2806,0.1510268148148148,0.08444212401995722,0.18314907448621165,0.030036120031959438,-0.06658469079485758,-0.8387698743405602,-0.5513740965713896,-0.5512884573122794,0.052116383686724665,-0.8708321674014238,9.816896824452802e-56,2.8482827406158833e-55
VFG051626,2802,2806,0.034446324054246975,0.04293813257305774,0.09017131714666769,0.10379537500096855,0.008491808518810762,0.31790933164627394,0.08733990207264161,0.08732821676263769,0.0,-0.40385431340916755,0.0010797343510149545,0.0013480319776307916
VFG051627,2802,2806,0.034446324054246975,0.04293813257305774,0.09017131714666769,0.10379537500096855,0.008491808518810762,0.31790933164627394,0.08733990207264161,0.08732821676263769,0.0,-0.40385431340916755,0.0010797343510149545,0.0013480319776307916
VFG051629,2802,2806,0.034446324054246975,0.04293813257305774,0.09017131714666769,0.10379537500096855,0.008491808518810762,0.31790933164627394,0.08733990207264161,0.08732821676263769,0.0,-0.40385431340916755,0.0010797343510149545,0.0013480319776307916
VFG051641,2801,2804,0.06256222777579437,0.05612250356633381,0.08251090050000033,0.04593899221874417,-0.006439724209460561,-0.1567124924541581,-0.09644929918537312,-0.09643638820872968,21.920707940091617,-0.9392433464510586,0.00031034170098080357,0.00040719993886653206
VFG051642,2801,2804,0.06256222777579437,0.05612250356633381,0.08251090050000033,0.04593899221874417,-0.006439724209460561,-0.1567124924541581,-0.09644929918537312,-0.09643638820872968,21.920707940091617,-0.9392433464510586,0.00031034170098080357,0.00040719993886653206
VFG051644,2801,2804,0.06256222777579437,0.05612250356633381,0.08251090050000033,0.04593899221874417,-0.006439724209460561,-0.1567124924541581,-0.09644929918537312,-0.09643638820872968,21.920707940091617,-0.9392433464510586,0.00031034170098080357,0.00040719993886653206
VFG051646,1602,2771,0.11507340823970037,0.05783789245759653,0.1395045701807151,0.04174595240239051,-0.05723551578210384,-0.9924674741540457,-0.630802999897396,-0.630694757090115,0.41885306860129107,-0.8780606702826808,5.437115905759547e-54,1.493394502115289e-53
VFG051647,1615,2781,0.11486811145510836,0.05793487953973391,0.13894951711736855,0.041684983307419,-0.05693323191537445,-0.9874741378704223,-0.6290604646787913,-0.6289530859365986,0.41885306860129107,-0.8796677587744347,2.886815942746974e-54,8.036271408187522e-54
VFG051649,1618,2788,0.11500784919653893,0.05785136298421808,0.13894680244132074,0.041726990698065194,-0.057156486212320855,-0.9913093485181216,-0.6315559513245197,-0.6314483914122873,0.41885306860129107,-0.8794376127248512,9.501089560759062e-55,2.737376852470443e-54
VFG051651,2204,2820,0.06239854809437386,0.07426560283687943,0.13377994566004733,0.09695093276563879,0.011867054742505566,0.2511816634507933,0.10357578079609053,0.10356031171945448,1.3673707711449585,-0.7615922371960716,0.00045917332547652236,0.0005949038053343623
VFG051652,2070,2812,0.9640212077294685,1.2192743243243243,0.676444292567263,0.7103226040044011,0.2552531165948557,0.33888596095436824,0.36665849323519406,0.366602139145348,0.3218092968212651,0.2664740827784306,1.223247714311572e-36,2.695069830461859e-36
VFG051654,2204,2820,0.06239854809437386,0.07426560283687943,0.13377994566004733,0.09695093276563879,0.011867054742505566,0.2511816634507933,0.10357578079609053,0.10356031171945448,1.3673707711449585,-0.7615922371960716,0.00045917332547652236,0.0005949038053343623
VFG051661,2833,2838,0.2242300741263678,0.18225119802677942,0.24523224415363631,0.16302472759852968,-0.04197887609958839,-0.2990514749338012,-0.20163714332335647,-0.2016104658622773,0.8087480975416659,-0.3787194712871331,3.813028943623875e-14,6.184913089657625e-14
VFG051663,2831,2837,0.2320075591663723,0.2034778991892845,0.24487523248273776,0.17373864158496272,-0.028529659977087812,-0.1892996983807078,-0.13440242977394246,-0.13438463833903436,0.7973541639529095,-0.46365052710268645,4.395532441176924e-07,6.266295383269525e-07
VFG051818,2799,2766,0.057598535191139694,0.027664280549530008,0.13676282917999333,0.062448793550265246,-0.029934254641609686,-1.0580074465625668,-0.2810279541815596,-0.2809900644749152,0.0,-0.37365284110093033,1.4798016113757134e-25,2.7339832461291206e-25
VFG051819,2798,2765,0.057621872766261614,0.0276770705244123,0.1367994753158364,0.06249624899386871,-0.029944802241849314,-1.0579250301441478,-0.28102785442436196,-0.2809899511036196,0.0,-0.3737658130904663,1.5091947138019156e-25,2.7758402771713806e-25
VFG051821,2799,2766,0.057598535191139694,0.027664280549530008,0.13676282917999333,0.062448793550265246,-0.029934254641609686,-1.0580074465625668,-0.2810279541815596,-0.2809900644749152,0.0,-0.37365284110093033,1.4798016113757134e-25,2.7339832461291206e-25
VFG051830,2834,2834,0.15228856739590682,0.13873662667607622,0.1271173790019636,0.11731867738896547,-0.013551940719830596,-0.13445891907968788,-0.11079433431878334,-0.11077966799027623,-0.26749994836775587,-0.3169299946361577,3.083141765445931e-05,4.178468445275407e-05
VFG051833,2834,2834,0.15233853211009174,0.13878775582215946,0.12761208276765915,0.11783367250181696,-0.013550776287932276,-0.13440059462242798,-0.11033016492477948,-0.11031556004039637,-0.26749994836775587,-0.3171684291312916,3.3275821563667536e-05,4.4802740144545834e-05
VFG051834,2302,2630,0.04213631624674196,0.12054410646387831,0.07893564375932012,0.060706933021440014,0.07840779021713634,1.5164247973329685,1.1231633619900405,1.1229924866877448,23.687524445662326,-0.6593570477647145,3.8232878350001265e-281,5.834054029703897e-280
