VFG_ID,n_internal,n_external,Mean_internal,Mean_external,SD_internal,SD_external,Delta_mean,log2FC,Cohen_d,Hedges_g,Median_log2_ratio,Cliffs_delta,p_value,q_value
VFG000115,8513,8560,0.1834928227416892,0.13443834112149533,0.20029061924102365,0.12849063632747598,-0.04905448162019388,-0.4487789589816356,-0.29169867025275814,-0.2916858545297999,0.15853407803166006,-0.9310272853722344,8.176647854892132e-80,1.7730415348502937e-79
VFG000116,8112,4268,0.008221437376725836,0.3256292877225867,0.05750524364552873,0.15161311145723902,0.3174078503458609,5.307694297143821,3.1597464861171085,3.1595550288761247,24.9885855780269,-0.9222423096332691,0.0,0.0
VFG000120,8397,8676,0.02035191139692747,0.02922013600737667,0.07850186151179667,0.09762096669266453,0.008868224610449199,0.5217983832481984,0.0999417274237782,0.09993733650389666,0.0,-0.1792114881310934,5.866833978127521e-11,8.13850370029811e-11
VFG000122,8514,8509,0.0031126967347897576,0.0030919261957926903,0.032574617587463016,0.03274543712463622,-2.077053899706728e-05,-0.009659110404230939,-0.0006359603959824187,-0.0006359323731105132,0.0,-0.028670606007324722,0.9669077312350242,0.9692606293120255
VFG000123,8152,8126,0.02281164131501472,0.022682672901796697,0.08746139160859794,0.08935936472492632,-0.00012896841321802244,-0.008179593868059248,-0.0014586884252139616,-0.0014586212076467889,0.0,-0.13177567395947584,0.9258647739945336,0.9388062387041295
VFG000124,8678,8738,0.025561039410002307,0.019950915541313802,0.11782705831437086,0.08377619238560652,-0.005610123868688505,-0.3574913914930009,-0.054908914865973865,-0.054906549971212575,0.0,-0.1744911574249446,0.00029663259337341845,0.00037373892498424586
VFG000125,7592,8507,0.11838024236037935,0.2706092276948395,0.16703140868353855,0.2005510108786582,0.15222898533446017,1.1927826515377975,0.8206409951117974,0.8206027587754977,24.33756099705166,-0.8755934182015604,0.0,0.0
VFG000126,8079,8740,0.08578600074266618,0.16214152173913043,0.1393678682018776,0.1186494470016721,0.07635552099646425,0.9184393677732634,0.591823442554472,0.5917970481808911,24.1277035287961,-0.7518729661299474,3.7525172208015644e-304,2.342480446924613e-303
VFG000127,8077,8736,0.07544714621765507,0.05319987408424908,0.1842229581294669,0.12103474316109998,-0.022247272133405986,-0.5040434208956223,-0.14385842679559382,-0.14385200865124592,0.0,-0.44833681572647155,5.118912890553364e-20,7.72524582750178e-20
VFG000128,8101,8733,0.06239854338970497,0.030649364479560286,0.11891715075445189,0.04563221570395045,-0.031749178910144685,-1.025654952528705,-0.35753667593446603,-0.3575207445840746,0.0,-0.5763840779595373,7.485397865652809e-110,2.171819662428843e-109
VFG000129,7067,8736,0.050331937172774864,0.03467652243589744,0.15407231959783738,0.06125519103477302,-0.015655414736877427,-0.5375147719283432,-0.13897564441936566,-0.13896904778735045,0.0,-0.38296118237217713,9.878301692044877e-16,1.4131459365008643e-15
VFG000130,7763,8738,0.0920338786551591,0.09159455252918289,0.19355005140826875,0.15665262195324975,-0.00043932612597620546,-0.00690323126395885,-0.0025106794803968725,-0.0025105653499560635,0.0,-0.50123391098746,0.8736677826104043,0.8976337317593182
VFG000131,8542,8729,0.03159442753453524,0.026988395005155232,0.1192607346843904,0.08521978881345277,-0.004606032529380005,-0.2273308650979171,-0.04451763054265631,-0.04451569709507574,0.0,-0.22644454058372399,0.003564044183374477,0.004256191894348651
VFG000133,8438,8496,0.04310436122303863,0.015830861581920902,0.1122213726723835,0.06474751575709231,-0.027273499641117728,-1.4450934942823561,-0.2979589630721954,-0.2979457648367912,0.0,-0.2722859500493017,2.487440054196302e-82,5.509862379616638e-82
VFG000139,8247,7438,0.08729299139080879,0.21607200860446357,0.15313002163501493,0.16151766903096423,0.12877901721365478,1.3075743575237377,0.8193961104432306,0.819356924262055,23.98032796841593,-0.8718800937432152,0.0,0.0
VFG000141,7714,8710,0.12132632875291677,0.28317154994259464,0.17688878748496464,0.20322736678398517,0.16184522118967787,1.2227835976976638,0.8459888091916256,0.8459501719205129,1.034314283748288,-0.7323655500443972,0.0,0.0
VFG000142,8269,7802,0.03310567178618939,0.12269248910535761,0.08083871483489742,0.09987254013888554,0.08958681731916823,1.8898963045344523,0.9890357116623256,0.9889895489686659,23.455130650832924,-0.8264346977585184,0.0,0.0
VFG000143,8066,8733,0.03851011653855691,0.047568899576319705,0.1289689882486523,0.11074322193243587,0.009058783037762794,0.30478109110914015,0.07559022289358247,0.07558684767711678,0.0,-0.27686589075373785,1.1525754060675438e-06,1.5318098945155743e-06
VFG000144,8523,8575,0.0737935116742931,0.10016080466472305,0.11902796046850563,0.09075320201412272,0.026367292990429947,0.4407521287804073,0.24922674509524162,0.2492158113802059,22.8745523551179,-0.8931476994679804,4.029610781809278e-59,7.905712581454393e-59
VFG000145,8021,8700,0.09899638449071188,0.10939286206896551,0.1708816235912768,0.05754130407394128,0.010396477578253627,0.14407084918997556,0.08289364125738759,0.08288992266413492,23.072347388677827,-0.6845457971674928,2.2085654455642353e-07,2.9543148167937174e-07
VFG000146,8047,8737,0.012179259351311048,0.08965324482087672,0.056954771674141653,0.017134661957480517,0.07747398546956567,2.8799283735671395,1.8745755793892904,1.8744918019712893,23.159617771178215,-0.9715378514964995,0.0,0.0
VFG000148,6889,8359,0.2936438815502976,0.1418105275750688,0.3466556003866295,0.1496434690084763,-0.1518333539752288,-1.050102887358075,-0.588484254777765,-0.5884553048611598,-0.5870756783090613,-0.8297372876559792,1.7571243206300214e-236,9.652469601327584e-236
VFG000155,8552,8636,0.0974293966323667,0.029385456229735988,0.18324388825629886,0.04921827162861355,-0.06804394040263072,-1.729254491186176,-0.5082402767634197,-0.5082180967475592,0.0,-0.6210837760743094,8.892107579960413e-229,4.696856824286782e-228
VFG000157,7973,8635,0.21598438479869556,0.16053976838448175,0.2193137365702565,0.11384946627451116,-0.055444616414213804,-0.4279962680765982,-0.32102188307979085,-0.3210073841012858,-0.0048331534121134325,-0.904041789563227,3.159045498257204e-89,7.395038325465728e-89
VFG000164,7948,8723,0.05781985405133366,0.07146064427375903,0.13165310127281107,0.07505130896396595,0.01364079022242537,0.30558390620639786,0.12883219545214772,0.1288263987279429,22.34299508623389,-0.7305331150241098,5.373802032818813e-16,7.795797315216024e-16
VFG000165,8724,8725,0.19090772581384685,0.16769914040114614,0.12929620593206137,0.08549435385978418,-0.02320858541270071,-0.18700018375860225,-0.2117486425524682,-0.2117395399126118,-0.041688809994181286,-0.3639536817710653,3.6196039130245463e-44,6.427917293819453e-44
VFG000166,8470,8740,0.2589419362455726,0.18938780320366133,0.2558928061835536,0.117192547381088,-0.06955413304191127,-0.4512851889497536,-0.3512940494264408,-0.35127873827088185,-0.3272030190555555,-0.6805077687031088,1.1035665789101772e-112,3.2947060181956013e-112
VFG000168,8373,8685,0.19208464110832435,0.12232602187679907,0.22063675204982044,0.10216874948637367,-0.06975861923152528,-0.651010789676778,-0.4081633774902958,-0.4081454291424883,-0.2676550451146062,-0.8749954087283734,1.482227251404521e-148,5.815977405511073e-148
VFG000171,7762,8737,0.08329663746457097,0.1810843195604899,0.17769160177061394,0.08294207678353172,0.09778768209591893,1.1203313695532509,0.7190058596193727,0.718973171096196,24.060851668708853,-0.9220466453977326,0.0,0.0
VFG000172,6813,8614,0.024683751651254957,0.06980256559089852,0.0859682179622492,0.12466718474203063,0.045118813939643565,1.4997180013346212,0.4128739407164791,0.4128538654831342,0.0,-0.37002429252779595,8.478414380886973e-152,3.458521509827161e-151
VFG000173,8671,8704,0.04911540768077499,0.04977331112132353,0.133085942799683,0.05184333521708954,0.0006579034405485365,0.01919668602792981,0.00651884009711399,0.006518558671889265,22.06907242095931,-0.8461358263176104,0.6679047556723794,0.6948908064066169
VFG000175,8655,8716,0.061501132293471976,0.03843280174391923,0.10669031716757267,0.06640428259694783,-0.02306833054955275,-0.6782746788351642,-0.2598033547140303,-0.2597921361452769,21.24771489101301,-0.640201662367714,7.090568690589831e-65,1.4754112628904093e-64
VFG000176,7471,8476,0.0992214830678624,0.09077056394525719,0.14461340621101773,0.06355342706360168,-0.008450919122605205,-0.12842798718525467,-0.07732577996401117,-0.07732214275834956,22.960137898321797,-0.8760203129937884,3.062297012892974e-06,4.0052900613076354e-06
VFG000181,8168,8723,0.015051530362389817,0.01846637624670412,0.09236745138725526,0.05692216795176111,0.003414845884314302,0.29499042900262146,0.04484301178734091,0.04484102038721713,0.0,-0.18243731630037244,0.004114513855915634,0.004885244117110205
VFG000182,7833,8738,0.023116315587897358,0.019588944838635842,0.07626298532648419,0.04411158488203281,-0.003527370749261516,-0.23887166997843004,-0.057408833379844766,-0.05740623471518782,0.0,-0.34087889336266736,0.0003314458229159296,0.00041632828976025305
VFG000185,8228,8688,0.06029511424404472,0.08053531307550645,0.12058687190122783,0.048297959159562365,0.020240198831461727,0.4175803496173885,0.2225551315446762,0.22254526286690465,22.694980356267664,-0.8589262616488995,2.892436106066329e-45,5.203858845848592e-45
VFG000192,8493,8566,0.05300175438596491,0.05918055101564324,0.11726846980876075,0.08591205356654516,0.006178796629678331,0.1590829863248559,0.06014797197485661,0.060145327216682795,22.45010396008557,-0.7160622505482327,8.78775217537233e-05,0.00011349698734336677
VFG000198,8472,8695,0.04664361425873465,0.017764669350201268,0.10572320837166932,0.04634668897881348,-0.028878944908533384,-1.3926682433430386,-0.3553661326162783,-0.35535060517780925,0.0,-0.42760584404547997,3.2918703534924766e-115,1.0046300634362224e-114
VFG000203,7962,8121,0.10758774177342377,0.4140737470754834,0.22465469179243366,0.22747203815680597,0.3064860053020596,1.944373926341588,1.3556428077743496,1.3555795811147828,25.05216938463801,-0.8471678720443471,0.0,0.0
VFG000211,7887,8682,0.04878866489159376,0.07534912462566229,0.09797202683900179,0.09711606736307819,0.02656045973406853,0.6270446428039442,0.2723466850260088,0.2723343555097325,22.54274118548846,-0.7533460346234142,5.864900203641394e-68,1.2265679613706874e-67
VFG000212,6720,8665,0.13075315476190477,0.16548935949221003,0.1903216987190163,0.09551119333139164,0.03473620473030525,0.339892679872488,0.23993616644539068,0.2399244681388568,23.79054428304383,-0.9043814572857418,3.197937554334197e-42,5.4670135783638554e-42
VFG001213,8714,8596,0.045758859306862514,0.04732797812936249,0.1061942475682181,0.09190061627549707,0.0015691188224999791,0.048642191867040045,0.015793287967368806,0.01579260359383813,21.988152444492194,-0.68215440768977,0.29838503402917543,0.3287022300000542
VFG001214,8459,8736,0.03649079087362572,0.01644434523809524,0.10549291212430542,0.07654558499866718,-0.020046445635530482,-1.1499403714188106,-0.21805669287485607,-0.21804718057928635,0.0,-0.31019692812605687,1.2692084028511827e-45,2.3035852950426755e-45
VFG001222,8612,8652,0.013834928007431493,0.015204900601017108,0.06662851181825946,0.0699510212189747,0.0013699725935856152,0.1362211544734105,0.020054106648763337,0.020053235324593622,0.0,-0.11753303779585689,0.18764675674644624,0.21065521465813583
VFG001223,8712,8736,0.0013543158861340678,0.001689686355311355,0.021542925562706906,0.022143966994852184,0.00033537046917728706,0.31918908141717167,0.015351624667104432,0.015350964694417657,0.0,-0.01255672988627534,0.31062440332540453,0.3394622126526967
VFG001224,7833,4430,0.00811798799948934,0.23339437923250567,0.06920054070192348,0.16126373200409247,0.22527639123301632,4.8455020845422485,2.0187352825187626,2.018611794847789,24.96499161491338,-0.7799240868709941,0.0,0.0
VFG001228,8683,8734,0.018583830473338708,0.053724444698877945,0.09391297895863666,0.08977252351690616,0.03514061422553924,1.531530259441563,0.3825452513628204,0.38252877630928694,22.369861687083194,-0.5898158692892663,4.50452233751796e-138,1.6719488315832427e-137
VFG001230,8553,8680,0.15350306325265986,0.1037869470046083,0.18772589168580583,0.10177303275426816,-0.049716116248051556,-0.5646423894066417,-0.3299216469704483,-0.3299072865255908,-0.017466252877929404,-0.7932282633468408,2.055672883791076e-101,5.394504637719257e-101
VFG001231,8713,8714,0.16871914380810285,0.12491614643103055,0.14757832863123935,0.09726882407092764,-0.0438029973770723,-0.4336636799920305,-0.35048073180067874,-0.3504656463303649,-0.22015045205556544,-0.39758326504013525,2.2579462695961424e-116,7.047529265709171e-116
VFG001232,8534,8708,0.01065863604405906,0.05784131832797428,0.051819753865887365,0.05327834950498322,0.04718268228391522,2.44007649841662,0.897666690445822,0.8976276382543555,22.345704372983093,-0.6659633723206555,0.0,0.0
VFG001238,8532,8597,0.013935689170182843,0.12391239967430498,0.058281985993068004,0.08760740357561361,0.10997671050412214,3.1524633877819817,1.4770237300847402,1.4769590495237719,23.319758244273473,-0.8160613109785841,0.0,0.0
VFG001242,8653,8727,0.010591228475673177,0.0049950154692334145,0.10618098256846636,0.028925326245617607,-0.005596213006439763,-1.0843073599330055,-0.0720470583974978,-0.07204394894467461,0.0,-0.08763216014104586,2.257691042882158e-06,2.962320731424997e-06
VFG001243,7640,8737,0.07523157068062826,0.048069703559574226,0.1519115723901383,0.0471989228533163,-0.027161867121054034,-0.6462101962636551,-0.24842880827698616,-0.24841742968456748,22.049263944412104,-0.85315433490715,2.67145761099877e-50,4.957840251042763e-50
VFG001248,8610,8732,0.009611939605110338,0.00700096197892808,0.05776696920529982,0.04394884849629915,-0.0026109776261822584,-0.45727385220242267,-0.05091920680236621,-0.050917004382775286,0.0,-0.11567077028011298,0.0008206144807791483,0.0010183529098825575
VFG001249,8644,8728,0.07557673530772792,0.03452246791934006,0.19044166762847908,0.07881554753531944,-0.04105426738838786,-1.130406370128493,-0.28217967401577065,-0.28216748991666085,0.0,-0.472742175368619,1.422123031771288e-75,3.020178809741086e-75
VFG001251,8661,8693,0.03486720932917677,0.018027838490739672,0.10640100140584853,0.06562281034681984,-0.0168393708384371,-0.9516440828056391,-0.19057923032249588,-0.19057099285810514,0.0,-0.31258860646874387,6.727077467581963e-36,1.0784264267096378e-35
VFG001252,8653,8701,0.001921021611001965,0.003958292150327549,0.02874954305486026,0.04288319537199624,0.0020372705393255845,1.0430004832185436,0.05577581722529901,0.05577340641008331,0.0,-0.018995453471603235,0.00023620351088900896,0.0003013145735598925
VFG001254,8175,8736,0.02167125382262997,0.012314217032967032,0.09401954384588111,0.04308554467122189,-0.009357036789662937,-0.8154572184728182,-0.12935917003087033,-0.12935343221006612,0.0,-0.23951532412541587,2.1423480336005223e-16,3.1410939140335057e-16
VFG001262,8339,8576,0.02233156253747452,0.030074335354477615,0.1187409274325167,0.12882367823803534,0.007742772817003096,0.429448487801147,0.06246413894133665,0.062461368953948083,0.0,-0.16298190551320624,4.800238302288961e-05,6.238795522217829e-05
VFG001263,8691,8733,0.019032309285467727,0.012834283751288218,0.07022100670189087,0.07200346564565156,-0.006198025534179509,-0.5684474705603959,-0.08714887840292718,-0.08714512667541403,0.0,-0.2287475683150167,8.958992136878404e-09,1.214179197497994e-08
VFG001264,7847,8711,0.030086721039887857,0.1297068534037424,0.10235141511692926,0.11367908577220195,0.09962013236385456,2.108055551710174,0.9185099810998733,0.9184683712370869,23.451362181345132,-0.8312972512397993,0.0,0.0
VFG001266,7593,8629,0.25553584880811275,0.20133674817475955,0.2739392428681711,0.09127639591749231,-0.0541991006333532,-0.34391516570137953,-0.2725102388067673,-0.27249763795415827,-0.027801270423823,-0.07566106878789998,5.660355153771224e-60,1.1431697663498745e-59
VFG001267,8441,8604,0.2453562848003791,0.15819396792189677,0.27375291282163255,0.16904878441416524,-0.08716231687848233,-0.6331836045084308,-0.3839438026269814,-0.3839269064188008,-0.2715834465405752,-0.7578102904890021,1.6008761809160022e-134,5.685870573598215e-134
VFG001268,6483,8648,0.17956148388091933,0.2074312904717854,0.17096741538430987,0.11975750819625662,0.027869806590866075,0.20815560284930784,0.19361221750179355,0.1936026192756925,0.3335192588993721,-0.632441525355648,4.5409879861529677e-29,7.113638974505789e-29
VFG002057,8356,8704,0.028082635232168505,0.10515180376838236,0.08859251089949545,0.05471168895780422,0.07706916853621386,1.9047229942283324,1.051559617428899,1.0515133821567753,23.368530040370608,-0.9497486505821812,0.0,0.0
VFG002058,7240,8594,0.09309267955801105,0.05671403304631138,0.17108854658879444,0.08706309004818888,-0.03637864651169967,-0.7149618721480895,-0.275011779293024,-0.2749987511164504,0.0,-0.5178646093831364,1.223028262539801e-59,2.434239826890812e-59
VFG002060,7370,8395,0.19858469470827678,0.11431286480047648,0.285028607829079,0.1705394157430131,-0.0842718299078003,-0.7967666084280416,-0.36445230804625184,-0.3644349672122581,-0.6740136129103879,-0.7830811775763017,1.9402130124590544e-106,5.512881111262968e-106
VFG002063,8666,8711,0.06689015693514885,0.051884146481460225,0.10618525109972725,0.03192547849101862,-0.015006010453688629,-0.36650008606834694,-0.19159919976835565,-0.19159092918029963,0.49828409189101597,-0.8858453158124214,3.8613566394662114e-36,6.263302895512123e-36
VFG002064,8299,8601,0.021458416676708038,0.12037506103941402,0.11664190574944026,0.18138594282236242,0.09891664436270597,2.487920442217007,0.6462859901622867,0.6462573050123335,22.738923697481056,-0.5541261388619753,0.0,0.0
VFG002065,8320,8697,0.014024603365384615,0.01456295274232494,0.0785191633216883,0.06540714167138552,0.0005383493769403249,0.05434289379835031,0.0074650101529642925,0.007464681099783098,0.0,-0.1384889020086502,0.6277979098042031,0.6564790325871362
VFG002067,7190,8413,0.12054888734353268,0.4044950552716034,0.2261402740388587,0.22722101833640945,0.2839461679280707,1.7465036475597642,1.2523888502631315,1.2523286421553357,25.035066250990717,-0.7811550671546634,0.0,0.0
VFG002068,8092,8539,0.23575457241720219,0.37239569036186915,0.3828193085335891,0.22827170493104315,0.13664111794466696,0.6595506026257258,0.4363505899048352,0.4363309093550387,25.135161322682357,-0.8256392683345184,6.079862634565808e-165,2.5560238831031764e-164
VFG002070,8626,8712,0.015323000231857176,0.0041103764921946746,0.05655853198672343,0.03914897452847626,-0.011212623739662501,-1.8983537856427606,-0.23072893258929175,-0.23071895051759356,0.0,-0.12181791195686818,1.453050915389484e-51,2.733593502924509e-51
VFG002074,8495,8727,0.047517916421424375,0.010144539933539589,0.1433289290139681,0.030109672854727754,-0.03737337648788479,-2.227767020599406,-0.3631289572269162,-0.3631131412761666,0.0,-0.31963215105131637,5.727693707984063e-119,1.8293099284414215e-118
VFG002075,8542,8727,0.01729532896277219,0.019881138993926892,0.08897895865297326,0.09232594970876944,0.0025858100311547012,0.20101784852618437,0.02851393848778475,0.02851269995396305,0.0,-0.13075975309430948,0.060924687451915475,0.07063995842189257
VFG002076,8178,8727,0.23812307410124725,0.14185732783316146,0.2778228807713515,0.06090283481632316,-0.09626574626808579,-0.7472667063565218,-0.48588016473877554,-0.4858586055177284,-0.3214954161981728,-0.7595380154908393,2.92724639213546e-196,1.3863784935350496e-195
VFG002077,7914,8675,0.06704638615112458,0.030866213256484153,0.13165278724140125,0.0647071866063842,-0.03618017289464043,-1.1191308192844942,-0.35378746996426835,-0.3537714728218219,0.0,-0.5547804314245575,2.874582344157192e-106,8.056652556413354e-106
VFG013836,8612,8652,0.013834928007431493,0.015204900601017108,0.06662851181825946,0.0699510212189747,0.0013699725935856152,0.1362211544734105,0.020054106648763337,0.020053235324593622,0.0,-0.11753303779585689,0.18764675674644624,0.21065521465813583
VFG013897,8348,8374,0.001564770004791567,0.0017452113685216145,0.02410862053095125,0.022587312609258794,0.00018044136373004754,0.1574502029701703,0.007724647339007145,0.00772430083349694,0.0,-0.012389910976647663,0.6175044169899857,0.6523379994868567
VFG013898,8712,8736,0.0013543158861340678,0.001689686355311355,0.021542925562706906,0.022143966994852184,0.00033537046917728706,0.31918908141717167,0.015351624667104432,0.015350964694417657,0.0,-0.01255672988627534,0.31062440332540453,0.3394622126526967
VFG013910,7833,4430,0.008098033958891868,0.23335916478555307,0.06889946721082846,0.16108500526556335,0.22526113082666122,4.848834904947124,2.02244882372716,2.0223251088958656,24.96499161491338,-0.7799240292344221,0.0,0.0
VFG013911,7833,4430,0.00811798799948934,0.23339437923250567,0.06920054070192348,0.16126373200409247,0.22527639123301632,4.8455020845422485,2.0187352825187626,2.018611794847789,24.96499161491338,-0.7799240868709941,0.0,0.0
VFG013973,8554,8681,0.15363742108954878,0.104077318281304,0.188640112338565,0.10459013037292317,-0.049560102808244785,-0.5618739135347306,-0.32557961224185217,-0.3255654424367322,-0.017466252877929404,-0.7920479143901781,6.5332599982967185e-99,1.7036095691761063e-98
VFG013986,8459,8736,0.03649079087362572,0.01644434523809524,0.10549291212430542,0.07654558499866718,-0.020046445635530482,-1.1499403714188106,-0.21805669287485607,-0.21804718057928635,0.0,-0.31019692812605687,1.2692084028511827e-45,2.3035852950426755e-45
VFG013996,8714,8596,0.045758859306862514,0.04732797812936249,0.1061942475682181,0.09190061627549707,0.0015691188224999791,0.048642191867040045,0.015793287967368806,0.01579260359383813,21.988152444492194,-0.68215440768977,0.29838503402917543,0.3287022300000542
VFG014043,8684,8735,0.018111331183786272,0.05325725243274184,0.09026783760910338,0.08618101686948196,0.03514592124895557,1.5560848871132438,0.39828969126223474,0.39827254011357344,22.369861687083194,-0.5898856024026976,2.6807786692012627e-149,1.072311467680505e-148
VFG014044,8683,8734,0.018583830473338708,0.053724444698877945,0.09391297895863666,0.08977252351690616,0.03514061422553924,1.531530259441563,0.3825452513628204,0.38252877630928694,22.369861687083194,-0.5898158692892663,4.50452233751796e-138,1.6719488315832427e-137
VFG014062,8710,8711,0.16798241102181402,0.12407341292618528,0.1439891911176972,0.09127962173214237,-0.043908998095628746,-0.43711614922154235,-0.3642417742369253,-0.3642260910604242,-0.22015045205556544,-0.40073695702057166,2.885066050776802e-125,9.823530685289608e-125
VFG014075,8515,8686,0.010682419260129184,0.057644819249366805,0.051875093585718395,0.05325364751035118,0.046962399989237624,2.4319514402863067,0.893233238516249,0.8931942865616659,22.345704372983093,-0.6647519398323096,0.0,0.0
VFG014117,8019,8205,0.12567973562788376,0.07487803778184034,0.21986270805605942,0.07982747880770612,-0.05080169784604342,-0.7471374391517547,-0.3085105642354235,-0.30849630048933097,0.3753883562554622,-0.7392261173740399,6.005055666896139e-83,1.3519578878476553e-82
VFG014147,6121,8137,0.46241025976147687,2.8221250583753226,0.6160560064190973,2.4681221337425514,2.3597147986138456,2.60953658099271,1.236918046837033,1.2368529721454085,4.0312523055371035,0.7081275229976154,0.0,0.0
VFG014189,8532,8597,0.013935689170182843,0.12391239967430498,0.058281985993068004,0.08760740357561361,0.10997671050412214,3.1524633877819817,1.4770237300847402,1.4769590495237719,23.319758244273473,-0.8160613109785841,0.0,0.0
VFG014240,8547,8622,0.00972884052884053,0.004952145673857573,0.06773192058296072,0.027474832332601458,-0.0047766948549829566,-0.9742126923364272,-0.09256626241441264,-0.09256221827694859,0.0,-0.0883522678929777,1.5369501894047885e-09,2.117804274363789e-09
VFG014241,8653,8727,0.010591228475673177,0.0049950154692334145,0.10618098256846636,0.028925326245617607,-0.005596213006439763,-1.0843073599330055,-0.0720470583974978,-0.07204394894467461,0.0,-0.08763216014104586,2.257691042882158e-06,2.962320731424997e-06
VFG014254,7640,8737,0.07523157068062826,0.048069703559574226,0.1519115723901383,0.0471989228533163,-0.027161867121054034,-0.6462101962636551,-0.24842880827698616,-0.24841742968456748,22.049263944412104,-0.85315433490715,2.67145761099877e-50,4.957840251042763e-50
VFG014358,8610,8732,0.009536260162601626,0.0069270041227668345,0.057351142724398375,0.0434138691059001,-0.0026092560398347916,-0.4611914927431389,-0.05134959668465814,-0.05134737564931949,0.0,-0.11545693068016342,0.0007411026764140376,0.0009224601289504034
VFG014369,8455,8737,0.04442630396215257,0.07703783907519744,0.11915395034730775,0.08206701790009706,0.03261153511304487,0.7941529768310298,0.31970376253205957,0.31968981364845744,22.60059556167263,-0.8458966255314054,4.705871156217212e-95,1.1968018002231429e-94
VFG014371,8455,8737,0.04442630396215257,0.07703783907519744,0.11915395034730775,0.08206701790009706,0.03261153511304487,0.7941529768310298,0.31970376253205957,0.31968981364845744,22.60059556167263,-0.8458966255314054,4.705871156217212e-95,1.1968018002231429e-94
VFG014384,8644,8728,0.07557673530772792,0.03452246791934006,0.19044166762847908,0.07881554753531944,-0.04105426738838786,-1.130406370128493,-0.28217967401577065,-0.28216748991666085,0.0,-0.472742175368619,1.422123031771288e-75,3.020178809741086e-75
VFG014409,8660,8692,0.03467263279445728,0.017844960883571098,0.10575598584957556,0.06467204892386584,-0.01682767191088618,-0.9582802574049407,-0.19205686895749857,-0.1920485666677412,0.0,-0.31205367628537933,2.0156483159871474e-36,3.295425024550416e-36
VFG014410,8661,8693,0.03486720932917677,0.018027838490739672,0.10640100140584853,0.06562281034681984,-0.0168393708384371,-0.9516440828056391,-0.19057923032249588,-0.19057099285810514,0.0,-0.31258860646874387,6.727077467581963e-36,1.0784264267096378e-35
VFG014423,8646,8694,0.001922576914179968,0.0039614791810443995,0.02876112820160757,0.042900310485514716,0.0020389022668644316,1.0429940427635611,0.0557981304552827,0.05579571672813578,0.0,-0.019010680615946685,0.00023621342465736234,0.0003013145735598925
VFG014449,8175,8736,0.02167125382262997,0.012314217032967032,0.09401954384588111,0.04308554467122189,-0.009357036789662937,-0.8154572184728182,-0.12935917003087033,-0.12935343221006612,0.0,-0.23951532412541587,2.1423480336005223e-16,3.1410939140335057e-16
VFG014473,8135,8731,0.13956140135218192,0.14065716412782042,0.15573409758852394,0.05501522136491777,0.001095762775638498,0.011283045893849328,0.009514065128711302,0.009513641999285965,0.2399830008591474,-0.7498629423575097,0.5480828191585261,0.5804887441987474
VFG014475,8134,8730,0.13955425374969263,0.14066139747995418,0.1557423370821047,0.05501695039832673,0.0011071437302615506,0.0114003551178162,0.009612413295747982,0.009611985741670154,0.2399830008591474,-0.7498405713463293,0.5439796972110441,0.5800545904595554
VFG014501,8249,8249,0.003945472178445872,0.003945472178445872,0.04012061161553607,0.04012061161553607,0.0,0.0,0.0,0.0,0.0,-0.023560620410301554,1.0,1.0
VFG014579,8339,8576,0.02233156253747452,0.030074335354477615,0.1187409274325167,0.12882367823803534,0.007742772817003096,0.429448487801147,0.06246413894133665,0.062461368953948083,0.0,-0.16298190551320624,4.800238302288961e-05,6.238795522217829e-05
VFG014591,8691,8733,0.019032309285467727,0.012834283751288218,0.07022100670189087,0.07200346564565156,-0.006198025534179509,-0.5684474705603959,-0.08714887840292718,-0.08714512667541403,0.0,-0.2287475683150167,8.958992136878404e-09,1.214179197497994e-08
VFG014592,8691,8733,0.019032309285467727,0.012834283751288218,0.07022100670189087,0.07200346564565156,-0.006198025534179509,-0.5684474705603959,-0.08714887840292718,-0.08714512667541403,0.0,-0.2287475683150167,8.958992136878404e-09,1.214179197497994e-08
VFG014605,7847,8711,0.030086721039887857,0.1297068534037424,0.10235141511692926,0.11367908577220195,0.09962013236385456,2.108055551710174,0.9185099810998733,0.9184683712370869,23.451362181345132,-0.8312972512397993,0.0,0.0
VFG014681,8407,8692,0.01738922326632568,0.01903441095260009,0.0721103877790965,0.07050423972582785,0.0016451876862744116,0.13041636013837163,0.023074663220030402,0.023073650981013338,0.0,-0.1702340449861786,0.13160325988532426,0.14923404042601895
VFG014683,8391,8676,0.01742238112263139,0.019069513600737668,0.0721751110836103,0.07056448459412343,0.0016471324781062793,0.1303261632652617,0.023081725127314698,0.023080710679763722,0.0,-0.17053670481320438,0.13184755027929831,0.14923404042601895
VFG014747,8513,8508,0.003113062375190884,0.0030922896097790318,0.03257651351126756,0.032747344524914616,-2.0772765411852454e-05,-0.009659010825623685,-0.000635991534004996,-0.0006359635064676913,0.0,-0.02867393385077531,0.9669080549690352,0.9692606293120255
VFG014748,8514,8509,0.0031126967347897576,0.0030919261957926903,0.032574617587463016,0.03274543712463622,-2.077053899706728e-05,-0.009659110404230939,-0.0006359603959824187,-0.0006359323731105132,0.0,-0.028670606007324722,0.9669077312350242,0.9692606293120255
VFG014759,8152,8126,0.02281164131501472,0.022682672901796697,0.08746139160859794,0.08935936472492632,-0.00012896841321802244,-0.008179593868059248,-0.0014586884252139616,-0.0014586212076467889,0.0,-0.13177567395947584,0.9258647739945336,0.9388062387041295
VFG014760,8152,8126,0.02281164131501472,0.022682672901796697,0.08746139160859794,0.08935936472492632,-0.00012896841321802244,-0.008179593868059248,-0.0014586884252139616,-0.0014586212076467889,0.0,-0.13177567395947584,0.9258647739945336,0.9388062387041295
VFG014771,8678,8738,0.025561039410002307,0.019950915541313802,0.11782705831437086,0.08377619238560652,-0.005610123868688505,-0.3574913914930009,-0.054908914865973865,-0.054906549971212575,0.0,-0.1744911574249446,0.00029663259337341845,0.00037373892498424586
VFG014772,8678,8738,0.025561039410002307,0.019950915541313802,0.11782705831437086,0.08377619238560652,-0.005610123868688505,-0.3574913914930009,-0.054908914865973865,-0.054906549971212575,0.0,-0.1744911574249446,0.00029663259337341845,0.00037373892498424586
VFG014783,7592,8507,0.11855250263435195,0.2707645350887504,0.16741015351051017,0.20070627605731053,0.15221203245439846,1.191512599437291,0.8194470998251235,0.819408919116293,24.33756099705166,-0.8754556620637093,0.0,0.0
VFG014784,7592,8507,0.11838024236037935,0.2706092276948395,0.16703140868353855,0.2005510108786582,0.15222898533446017,1.1927826515377975,0.8206409951117974,0.8206027587754977,24.33756099705166,-0.8755934182015604,0.0,0.0
VFG014796,8079,8740,0.08578600074266618,0.16214152173913043,0.1393678682018776,0.1186494470016721,0.07635552099646425,0.9184393677732634,0.591823442554472,0.5917970481808911,24.1277035287961,-0.7518729661299474,3.7525172208015644e-304,2.342480446924613e-303
VFG014797,8079,8740,0.08578600074266618,0.16214152173913043,0.1393678682018776,0.1186494470016721,0.07635552099646425,0.9184393677732634,0.591823442554472,0.5917970481808911,24.1277035287961,-0.7518729661299474,3.7525172208015644e-304,2.342480446924613e-303
VFG014808,8142,8740,0.06838477032670107,0.04935713958810069,0.17983961920072342,0.12198707147711438,-0.01902763073860038,-0.4704161953564292,-0.12464808753152691,-0.12464254917547019,0.0,-0.40254758640537774,1.4834983150438394e-15,2.1148834110659577e-15
VFG014809,8077,8736,0.07544714621765507,0.05319987408424908,0.1842229581294669,0.12103474316109998,-0.022247272133405986,-0.5040434208956223,-0.14385842679559382,-0.14385200865124592,0.0,-0.44833681572647155,5.118912890553364e-20,7.72524582750178e-20
VFG014820,8101,8733,0.06242858906307863,0.030667777396083822,0.11893213100350007,0.04565228460209479,-0.031760811666994807,-1.0254830076439796,-0.3576072510041852,-0.3575913165090642,0.0,-0.5765171596264628,6.77925132776785e-110,2.0093896021873052e-109
VFG014821,8101,8733,0.06239854338970497,0.030649364479560286,0.11891715075445189,0.04563221570395045,-0.031749178910144685,-1.025654952528705,-0.35753667593446603,-0.3575207445840746,0.0,-0.5763840779595373,7.485397865652809e-110,2.171819662428843e-109
VFG014832,7000,8657,0.05004975714285714,0.034654175811482044,0.15367379680693416,0.06125694527708141,-0.0153955813313751,-0.5303337337144569,-0.1369764849899516,-0.13696992261343696,0.0,-0.382341342266374,3.373568642263255e-15,4.792794071077452e-15
VFG014833,7067,8736,0.050331937172774864,0.03467652243589744,0.15407231959783738,0.06125519103477302,-0.015655414736877427,-0.5375147719283432,-0.13897564441936566,-0.13896904778735045,0.0,-0.38296118237217713,9.878301692044877e-16,1.4131459365008643e-15
VFG014844,7763,8738,0.09206064665722015,0.09161833371480889,0.19360599879879198,0.1567140967781286,-0.0004423129424112604,-0.006948251250325465,-0.002526907378368386,-0.0025267925102399657,0.0,-0.5012337635667924,0.872857416717397,0.8976337317593182
VFG014845,7763,8738,0.0920338786551591,0.09159455252918289,0.19355005140826875,0.15665262195324975,-0.00043932612597620546,-0.00690323126395885,-0.0025106794803968725,-0.0025105653499560635,0.0,-0.50123391098746,0.8736677826104043,0.8976337317593182
VFG014857,8541,8728,0.03186762674159935,0.027167587076076995,0.1215367744960097,0.08747519683187369,-0.004700039665522352,-0.2302050673964923,-0.04446483219961111,-0.044462900821433414,0.0,-0.22645882303196818,0.003603282897688531,0.004290614317478829
VFG014858,8542,8729,0.03159442753453524,0.026988395005155232,0.1192607346843904,0.08521978881345277,-0.004606032529380005,-0.2273308650979171,-0.04451763054265631,-0.04451569709507574,0.0,-0.22644454058372399,0.003564044183374477,0.004256191894348651
VFG014881,8438,8496,0.042237307418819627,0.014896763182674197,0.10844881917705049,0.05622890476032689,-0.02734054423614543,-1.5035183492855844,-0.31682944241610045,-0.31681540830374866,0.0,-0.27090253478457466,1.5292983504468775e-92,3.795607954121166e-92
VFG014882,8438,8496,0.04310436122303863,0.015830861581920902,0.1122213726723835,0.06474751575709231,-0.027273499641117728,-1.4450934942823561,-0.2979589630721954,-0.2979457648367912,0.0,-0.2722859500493017,2.487440054196302e-82,5.509862379616638e-82
VFG014893,7296,8729,0.261530975877193,0.14991344942146867,0.258318968704965,0.0753519819111444,-0.11161752645572431,-0.8028519692746504,-0.61007485970773,-0.6100463030526752,-0.4091521892241645,-0.9086756523928105,2.344280515210486e-259,1.3603430595305918e-258
VFG014895,7296,8729,0.261530975877193,0.14991344942146867,0.258318968704965,0.0753519819111444,-0.11161752645572431,-0.8028519692746504,-0.61007485970773,-0.6100463030526752,-0.4091521892241645,-0.9086756523928105,2.344280515210486e-259,1.3603430595305918e-258
VFG014950,8539,8739,0.02295124721864387,0.051031456688408285,0.07668860580167851,0.044612156750522686,0.028080209469764413,1.1528139232013594,0.44888584126079917,0.44886635357540516,22.391000450269637,-0.9223513699071354,1.870539306073647e-183,8.198533979812155e-183
VFG014951,8538,8738,0.022915893651909117,0.05099502174410621,0.07639735077837616,0.04411748633851811,0.028079128092197092,1.1540075203302955,0.45142748213279404,0.45140788183687686,22.391000450269637,-0.9223424089127271,2.205535749184798e-185,9.985502512792711e-185
VFG014952,8539,8739,0.02295124721864387,0.051031456688408285,0.07668860580167851,0.044612156750522686,0.028080209469764413,1.1528139232013594,0.44888584126079917,0.44886635357540516,22.391000450269637,-0.9223513699071354,1.870539306073647e-183,8.198533979812155e-183
VFG014978,8397,8676,0.02035191139692747,0.02922013600737667,0.07850186151179667,0.09762096669266453,0.008868224610449199,0.5217983832481984,0.0999417274237782,0.09993733650389666,0.0,-0.1792114881310934,5.866833978127521e-11,8.13850370029811e-11
VFG014984,8496,8738,0.023709086629001886,0.03558749141680018,0.09607735495525788,0.0362718290616002,0.01187840478779829,0.5859299515288958,0.16444463383045313,0.1644374764915077,21.709777566333,-0.8797785335088552,1.715173378114039e-26,2.646634575966232e-26
VFG014986,8497,8739,0.023715323055195952,0.035596750200251735,0.09607342043727396,0.03628007950492516,0.011881427145055783,0.5859258122836214,0.16448746455587732,0.16448030618358941,21.709777566333,-0.8798010775879744,1.6534308102925073e-26,2.570616957888728e-26
VFG015000,7615,8676,0.12452739330269207,0.06771703550023052,0.21451560170793474,0.07243317389403467,-0.05681035780246155,-0.8788723195842058,-0.3644090384407615,-0.3643922595732099,22.253496952750517,-0.9584078099235723,7.099308908780572e-105,1.9242863621168392e-104
VFG015001,7614,8675,0.12441645652744943,0.06762767723342938,0.21429828472528858,0.07192524169245063,-0.05678877929402004,-0.8794915172006983,-0.364892514418079,-0.3648757112261707,22.253496952750517,-0.9584267112985407,4.29650061418091e-105,1.1880256731829092e-104
VFG015002,7615,8676,0.12452739330269207,0.06771703550023052,0.21451560170793474,0.07243317389403467,-0.05681035780246155,-0.8788723195842058,-0.3644090384407615,-0.3643922595732099,22.253496952750517,-0.9584078099235723,7.099308908780572e-105,1.9242863621168392e-104
VFG015044,8552,8636,0.0974293966323667,0.029385456229735988,0.18324388825629886,0.04921827162861355,-0.06804394040263072,-1.729254491186176,-0.5082402767634197,-0.5082180967475592,0.0,-0.6210837760743094,8.892107579960413e-229,4.696856824286782e-228
VFG015067,8711,8721,0.03402857306853403,0.014010721247563352,0.10991750294330219,0.07605529396037772,-0.02001785182097068,-1.2802148247067209,-0.21181635820142072,-0.21180724376956422,0.0,-0.3907643142865112,3.814998500648001e-44,6.745834258656551e-44
VFG015069,8711,8721,0.033865583744690626,0.013650280931085883,0.10903075393886982,0.07245039215630417,-0.020215302813604744,-1.3108885899772238,-0.2184133101159952,-0.21840391181810873,0.0,-0.39092685505942576,8.450470943196183e-47,1.5542830484807265e-46
VFG015094,8198,8658,0.06034737740912418,0.08056747516747516,0.12059558982930185,0.04837600887909949,0.02022009775835098,0.4169064095459078,0.22227623618914197,0.2222663447894747,22.694980356267664,-0.8583843475280412,5.338807279736071e-45,9.563428692396788e-45
VFG015108,8498,8566,0.05341823958578489,0.059359117441045994,0.11876540963073999,0.0864939677348415,0.005940877855261102,0.15213718260783327,0.057219090298793934,0.05721657506338584,22.45010396008557,-0.7162679554272346,0.00019015482274117081,0.0002448243342792574
VFG015120,8472,8695,0.04664361425873465,0.017764669350201268,0.10572320837166932,0.04634668897881348,-0.028878944908533384,-1.3926682433430386,-0.3553661326162783,-0.35535060517780925,0.0,-0.42760584404547997,3.2918703534924766e-115,1.0046300634362224e-114
VFG015130,7962,8121,0.10758774177342377,0.41407368550671103,0.22465469179243366,0.22747205470290774,0.30648594373328725,1.9443737118267397,1.3556424850387092,1.3555792583941946,25.05216938463801,-0.8471678720443471,0.0,0.0
VFG015146,7887,8682,0.04878866489159376,0.07534912462566229,0.09797202683900179,0.09711606736307819,0.02656045973406853,0.6270446428039442,0.2723466850260088,0.2723343555097325,22.54274118548846,-0.7533460346234142,5.864900203641394e-68,1.2265679613706874e-67
VFG015148,6720,8664,0.13074419642857144,0.16550197368421057,0.1902942265510924,0.09549573281114682,0.03475777725563914,0.3401014902730949,0.2401164601258207,0.240104752267801,23.79054428304383,-0.9043640316525964,2.7797879639256396e-42,4.7719693380723483e-42
VFG015168,6889,8332,0.2942510959500653,0.1413444191070571,0.3456778367241637,0.1469446144817212,-0.1529066768430082,-1.0578328151961223,-0.5956321902595239,-0.5956028367224269,-0.5908768823057533,-0.8287599669597884,1.3227986643578803e-241,7.465658215280091e-241
VFG015365,8356,8704,0.028082635232168505,0.10515180376838236,0.08859251089949545,0.05471168895780422,0.07706916853621386,1.9047229942283324,1.051559617428899,1.0515133821567753,23.368530040370608,-0.9497486505821812,0.0,0.0
VFG015366,8356,8704,0.028082635232168505,0.10515180376838236,0.08859251089949545,0.05471168895780422,0.07706916853621386,1.9047229942283324,1.051559617428899,1.0515133821567753,23.368530040370608,-0.9497486505821812,0.0,0.0
VFG015372,7235,8588,0.09216739460953699,0.056123952026082904,0.16795670562742707,0.0844306060987012,-0.036043442583454086,-0.7156397672293332,-0.27834991275709164,-0.2783367172742879,0.0,-0.5173713244465445,6.596730811599812e-61,1.3521657185965784e-60
VFG015373,7240,8594,0.09309267955801105,0.05671403304631138,0.17108854658879444,0.08706309004818888,-0.03637864651169967,-0.7149618721480895,-0.275011779293024,-0.2749987511164504,0.0,-0.5178646093831364,1.223028262539801e-59,2.434239826890812e-59
VFG015386,7400,8392,0.1957071081081081,0.11341296472831265,0.28311812435859984,0.16834208395142045,-0.08229414337979545,-0.7871105318612523,-0.35875206888106886,-0.35873502845600447,-0.6709524177483391,-0.8160773452193852,1.3179256091657326e-103,3.5031312966211733e-103
VFG015387,7400,8392,0.19321374324324325,0.11561179694947568,0.2844064727125866,0.1773119963337751,-0.07760194629376757,-0.7409090492516622,-0.33207515996303827,-0.33205938666897267,-0.4525901905238796,-0.7836420947878289,9.63407650021865e-90,2.307697394238421e-89
VFG015403,8666,8711,0.07133157165935841,0.055299839283664325,0.10956507658008759,0.03274923667575217,-0.016031732375694087,-0.3672654147937477,-0.19847770913615728,-0.19846914162975562,0.40275908440945285,-0.9171385444915895,1.237355932381636e-38,2.0391625765649363e-38
VFG015404,8666,8711,0.07133157165935841,0.055299839283664325,0.10956507658008759,0.03274923667575217,-0.016031732375694087,-0.3672654147937477,-0.19847770913615728,-0.19846914162975562,0.40275908440945285,-0.9171385444915895,1.237355932381636e-38,2.0391625765649363e-38
VFG015412,8292,8594,0.022629269175108536,0.1215629741680242,0.11972613793964429,0.18257367578405972,0.09893370499291566,2.425441460796598,0.6385656170196797,0.6385372510338789,22.738923697481056,-0.5565639923567087,0.0,0.0
VFG015413,8299,8601,0.021458416676708038,0.12037506103941402,0.11664190574944026,0.18138594282236242,0.09891664436270597,2.487920442217007,0.6462859901622867,0.6462573050123335,22.738923697481056,-0.5541261388619753,0.0,0.0
VFG015417,8320,8697,0.014024603365384615,0.01456295274232494,0.0785191633216883,0.06540714167138552,0.0005383493769403249,0.05434289379835031,0.0074650101529642925,0.007464681099783098,0.0,-0.1384889020086502,0.6277979098042031,0.6564790325871362
VFG015418,8320,8697,0.014024603365384615,0.01456295274232494,0.0785191633216883,0.06540714167138552,0.0005383493769403249,0.05434289379835031,0.0074650101529642925,0.007464681099783098,0.0,-0.1384889020086502,0.6277979098042031,0.6564790325871362
VFG015433,7451,8404,0.2296540598577372,0.4159057234650167,0.5033098527732356,0.2898703207401058,0.1862516636072795,0.8567942226052301,0.4604998295246371,0.46047804309186396,25.033806805254766,-0.8098824584620792,6.723995998077731e-168,2.885714949175026e-167
VFG015438,8028,8495,0.23224734678624814,0.37048725132430843,0.38009529517794016,0.2261022587440245,0.1382399045380603,0.6737617610258363,0.4450608145900802,0.445040609961904,25.135161322682357,-0.827265430322887,5.875634710879184e-170,2.5481700009286564e-169
VFG015447,8626,8712,0.015323069789009968,0.0041103764921946746,0.056558698249899,0.03914897452847626,-0.011212693296815294,-1.8983603345864806,-0.23072990682263536,-0.23071992470878872,0.0,-0.12181791195686818,1.4516619119360837e-51,2.733593502924509e-51
VFG015448,8626,8712,0.015323000231857176,0.0041103764921946746,0.05655853198672343,0.03914897452847626,-0.011212623739662501,-1.8983537856427606,-0.23072893258929175,-0.23071895051759356,0.0,-0.12181791195686818,1.453050915389484e-51,2.733593502924509e-51
VFG015473,8496,8728,0.04752103342749529,0.010151856095325389,0.1433773062406652,0.03038266308821886,-0.037369177332169906,-2.226821568934909,-0.3628274988814641,-0.3628116978958406,0.0,-0.3195993402189805,8.389937839717267e-119,2.658964915356549e-118
VFG015474,8495,8727,0.047517916421424375,0.010144539933539589,0.1433289290139681,0.030109672854727754,-0.03737337648788479,-2.227767020599406,-0.3631289572269162,-0.3631131412761666,0.0,-0.31963215105131637,5.727693707984063e-119,1.8293099284414215e-118
VFG015483,8542,8727,0.01730090142823695,0.019887086054772542,0.0890290170950741,0.09238194861453587,0.0025861846265355926,0.2009845845471556,0.028501378563376537,0.028500140575108766,0.0,-0.13075910919687558,0.061038410675227556,0.07063995842189257
VFG015491,8178,8726,0.23774685742235263,0.14103421957368784,0.27794824960548775,0.06152786259333982,-0.0967126378486648,-0.7533809791098816,-0.4876681525147986,-0.4876465126778358,-0.3214954161981728,-0.8093446906491015,1.1460215655392772e-197,5.620962916692645e-197
VFG015492,8178,8727,0.23812302518953288,0.1418572934570872,0.27782287750041273,0.06090280495807701,-0.09626573173244568,-0.7472667596256112,-0.4858801084345364,-0.4858585492159876,-0.3214954161981728,-0.7595380154908393,2.927546818872556e-196,1.3863784935350496e-195
VFG015500,7923,8682,0.06752819639025621,0.031359536973047684,0.1326065663881165,0.06711818876535881,-0.03616865941720853,-1.1065855206355568,-0.34891114380467503,-0.348895382358056,0.0,-0.5552122372956034,8.5395364023127e-104,2.284603245294047e-103
VFG015501,7914,8675,0.0669327899924185,0.030770628242074927,0.1311176383411664,0.06367601142645787,-0.03616216175034358,-1.1211589994226958,-0.3559386515762465,-0.3559225571642199,0.0,-0.5548077277418124,1.9891319269508852e-107,5.691127457665032e-107
VFG015515,7770,8637,0.08979528957528957,0.08131552622438346,0.1911646257999636,0.18878047827383154,-0.008479763350906111,-0.1431089062940753,-0.04465071245270852,-0.04464867109064329,0.0,-0.44066262461538597,0.004325973789123915,0.005121555175629463
VFG015516,7515,8601,0.0733420492348636,0.05525270317404953,0.19621792127313933,0.16519826831249718,-0.01808934606081406,-0.4085954638498673,-0.10031357202810644,-0.10030890302312491,0.0,-0.37112352050539854,3.4731448525453706e-10,4.801797581371452e-10
VFG015517,7736,8656,0.0850388055842813,0.08317216959334564,0.19229068160673135,0.2036419721552982,-0.0018666359909356584,-0.03202046374676465,-0.009410066432395501,-0.009409635824861873,0.0,-0.4364651868881978,0.5462650026657949,0.5800545904595554
VFG015537,7498,8627,0.0656474926647106,0.05748634519531703,0.16927219040791416,0.15133470313588987,-0.008161147469393566,-0.19152056722577993,-0.0510308158085683,-0.051028441951015684,0.0,-0.38686554581550175,0.0013442542947321532,0.001658181944400141
VFG015538,7675,8655,0.08421834527687297,0.08491110340843443,0.19124348591248663,0.2081923644772841,0.0006927581315614578,0.011818689174543677,0.0034567877401389465,0.0034566289558113383,0.0,-0.4320636938600007,0.8246317980358658,0.855789170757624
VFG015547,6798,8588,0.024505295675198588,0.0695171751280857,0.08583272432217263,0.12457481839243781,0.04501187945288711,1.504275523296549,0.4123234276804201,0.41230332578258894,0.0,-0.36831797154509816,5.2497251888788306e-151,2.1204772331549785e-150
VFG015549,8669,8704,0.05098247779443996,0.04993138786764706,0.13405392568566232,0.05299011474507001,-0.0010510899267928975,-0.03005447774009714,-0.010319727945126781,-0.010319282380257167,22.06907242095931,-0.8212770354601928,0.4970858813037474,0.5319464496029712
VFG015550,8671,8705,0.05162807058009457,0.05037192418150488,0.13708922834831827,0.05789449130066695,-0.0012561463985896887,-0.03553583416485964,-0.011945702217153088,-0.011945186538231562,22.06907242095931,-0.821334386489431,0.431734353914177,0.46321498388708576
VFG015551,8276,8586,0.08099480425326244,0.08081392965292337,0.14729786573176776,0.11649486837154308,-0.00018087460033906766,-0.0032253755290820555,-0.0013649783512217426,-0.0013649176306438327,22.651847253479342,-0.7248139315893768,0.9296916150273904,0.9388062387041295
VFG015552,8276,8586,0.08099480425326244,0.08081392965292337,0.14729786573176776,0.11649486837154308,-0.00018087460033906766,-0.0032253755290820555,-0.0013649783512217426,-0.0013649176306438327,22.651847253479342,-0.7248139315893768,0.9296916150273904,0.9388062387041295
VFG015555,8021,8700,0.09899638449071188,0.10939286206896551,0.1708816235912768,0.05754130407394128,0.010396477578253627,0.14407084918997556,0.08289364125738759,0.08288992266413492,23.072347388677827,-0.6845457971674928,2.2085654455642353e-07,2.9543148167937174e-07
VFG015558,8047,8737,0.012179259351311048,0.08965324482087672,0.056954771674141653,0.017134661957480517,0.07747398546956567,2.8799283735671395,1.8745755793892904,1.8744918019712893,23.159617771178215,-0.9715378514964995,0.0,0.0
VFG015561,8523,8575,0.0737935116742931,0.10016080466472305,0.11902796046850563,0.09075320201412272,0.026367292990429947,0.4407521287804073,0.24922674509524162,0.2492158113802059,22.8745523551179,-0.8931476994679804,4.029610781809278e-59,7.905712581454393e-59
VFG015846,8577,8707,0.06377539932377288,0.08724367750086139,0.13590193751212526,0.08186237471602753,0.023468278177088506,0.4520504958216038,0.20956215730606798,0.2095530626473685,22.936968736729895,-0.8333416421242658,1.3241396353315658e-42,2.29220810822103e-42
VFG015848,8577,8707,0.06377539932377288,0.08724367750086139,0.13590193751212526,0.08186237471602753,0.023468278177088506,0.4520504958216038,0.20956215730606798,0.2095530626473685,22.936968736729895,-0.8333416421242658,1.3241396353315658e-42,2.29220810822103e-42
VFG015850,7971,8633,0.21588194705808558,0.16040735549635118,0.21924743208486386,0.11370402942334318,-0.0554745915617344,-0.4285022829183856,-0.32136427496138764,-0.3213497570216391,-0.0048331534121134325,-0.903963215550149,2.2068779916185454e-89,5.19562132883909e-89
VFG015851,7973,8635,0.21586580960742505,0.16040411117544875,0.2192228612167137,0.11369160362478702,-0.05546169843197629,-0.42842361513881494,-0.32132448379404005,-0.32130997114855003,-0.0048331534121134325,-0.9037616605725853,2.2026694911047978e-89,5.19562132883909e-89
VFG015852,8378,8740,0.041595189782764386,0.04424346681922196,0.11633273059927839,0.060505982674952496,0.0026482770364575775,0.0890477160284095,0.028736872179924735,0.02873561295061051,21.559175874345346,-0.9920639377513188,0.06336318030009419,0.07251563967677446
VFG015853,8378,8740,0.041595189782764386,0.04424346681922196,0.11633273059927839,0.060505982674952496,0.0026482770364575775,0.0890477160284095,0.028736872179924735,0.02873561295061051,21.559175874345346,-0.9920639377513188,0.06336318030009419,0.07251563967677446
VFG015854,8378,8740,0.041595189782764386,0.04424346681922196,0.11633273059927839,0.060505982674952496,0.0026482770364575775,0.0890477160284095,0.028736872179924735,0.02873561295061051,21.559175874345346,-0.9920639377513188,0.06336318030009419,0.07251563967677446
VFG015856,8368,8432,0.02285560468451243,0.05397682637571157,0.06074833423234202,0.037470942004530564,0.03112122169119914,1.2397918021478573,0.6171565942745054,0.6171290389503873,21.984680253421054,-0.8706092616763599,0.0,0.0
VFG015858,8228,8290,0.02326712445308702,0.054139420989143545,0.06118293483804289,0.03778158608024737,0.030872296536056526,1.218386183331352,0.6076737486955461,0.6076461535023807,21.984680253421054,-0.8681144088296575,0.0,0.0
VFG015862,8513,8560,0.18350929167156116,0.1344443224299065,0.20029707202062708,0.1285026485939111,-0.049064969241654655,-0.4488442529313703,-0.2917464026639346,-0.29173358484386236,0.15853407803166006,-0.9310799947523908,7.714826692204359e-80,1.6906960623341467e-79
VFG015920,6781,8552,0.10912359533992037,0.06621497895229188,0.15660378014739032,0.07630349565294725,-0.042908616387628495,-0.7207334764767038,-0.3614422789073354,-0.36142459668636245,22.439997475405224,-0.7695773448869199,4.368652261570775e-93,1.090839231374036e-92
VFG015922,6781,8552,0.10912359533992037,0.06621497895229188,0.15660378014739032,0.07630349565294725,-0.042908616387628495,-0.7207334764767038,-0.3614422789073354,-0.36142459668636245,22.439997475405224,-0.7695773448869199,4.368652261570775e-93,1.090839231374036e-92
VFG015926,7561,8553,0.1065060970771062,0.032896901671927985,0.19021679094321847,0.036357234904791084,-0.07360919540517821,-1.6949121004752161,-0.5536095375821767,-0.553583767125635,21.554499388651756,-0.8801940174549465,1.3317615576622717e-225,6.8585720219607e-225
VFG015928,7561,8553,0.1065060970771062,0.032896901671927985,0.19021679094321847,0.036357234904791084,-0.07360919540517821,-1.6949121004752161,-0.5536095375821767,-0.553583767125635,21.554499388651756,-0.8801940174549465,1.3317615576622717e-225,6.8585720219607e-225
VFG015950,8313,8661,0.10127870804763624,0.11452650964091907,0.09151958054226904,0.10833190781560348,0.01324780159328283,0.17735065711897133,0.13188412746100933,0.1318782993586866,0.11520976593923947,-0.910473054078762,7.357558606076529e-18,1.0943372367160757e-17
VFG015952,8313,8661,0.10127870804763624,0.11452650964091907,0.09151958054226904,0.10833190781560348,0.01324780159328283,0.17735065711897133,0.13188412746100933,0.1318782993586866,0.11520976593923947,-0.910473054078762,7.357558606076529e-18,1.0943372367160757e-17
VFG016046,8619,8660,0.037635398538113464,0.033292355658198616,0.1012350018917311,0.08033200099506824,-0.004343042879914848,-0.17689924441498517,-0.0475384676354274,-0.04753640394574465,0.0,-0.4590784578996883,0.0017947349295465583,0.0021747964440387707
VFG016048,8619,8660,0.037635398538113464,0.033292355658198616,0.1012350018917311,0.08033200099506824,-0.004343042879914848,-0.17689924441498517,-0.0475384676354274,-0.04753640394574465,0.0,-0.4590784578996883,0.0017947349295465583,0.0021747964440387707
VFG016058,8706,8706,0.10808164484263726,0.08124695612221457,0.08776421951509139,0.07251625426090241,-0.02683468872042269,-0.411735822255088,-0.3333416140942831,-0.3333272539678843,-0.2965312818431335,-0.7689313500531886,1.0359567347145681e-105,2.883879558800014e-105
VFG016059,8686,8690,0.10652901220354594,0.08079582278481012,0.08676768058245289,0.07238498150207481,-0.025733189418735813,-0.39889373423427976,-0.322071627598909,-0.322057724226252,-0.2978463944366531,-0.7595539506850303,1.0648350818716715e-98,2.759195306485086e-98
VFG016060,8701,8706,0.10789864383404206,0.08128715828164484,0.08742257966304937,0.07223851121461347,-0.026611485552397215,-0.4085773291655428,-0.3318613310116812,-0.33184703054782744,-0.2965312818431335,-0.7656963733212643,9.180237405187641e-105,2.472063928717195e-104
VFG016107,7593,8629,0.25553584880811275,0.20133674817475955,0.2739392428681711,0.09127639591749231,-0.0541991006333532,-0.34391516570137953,-0.2725102388067673,-0.27249763795415827,-0.027801270423823,-0.07566106878789998,5.660355153771224e-60,1.1431697663498745e-59
VFG016111,8440,8604,0.2437736137440758,0.15738111343561137,0.2532604187218557,0.16709174198841253,-0.08639250030846443,-0.6312795232147098,-0.4034392435196304,-0.4034214883341219,-0.2715834465405752,-0.7580522450706273,2.911076414443983e-148,1.1209004511690851e-147
VFG016115,6482,8647,0.17955178957112,0.20743152538452644,0.17097882279270682,0.11976443160531695,0.027879735813406442,0.20823512815664505,0.19366961486051593,0.19366001251955403,0.3335192588993721,-0.6324646983023363,4.4176060563945254e-29,6.973385805496339e-29
VFG016117,8723,8724,0.19052667660208641,0.1672415749656121,0.12858672444342933,0.08513205569651493,-0.02328510163647432,-0.18805946547259483,-0.2135372739436033,-0.2135280933617401,-0.041688809994181286,-0.2839516768136517,7.056318361119371e-45,1.258529508563282e-44
VFG016118,8724,8725,0.19096194406235673,0.16788851575931232,0.12971675205442026,0.08689600585326518,-0.023073428303044402,-0.18578160080237968,-0.20899630153363175,-0.2089873172112708,-0.041688809994181286,-0.35364569497706816,4.4189308894266455e-43,7.747232027420332e-43
VFG016122,8470,8740,0.25833147579693033,0.18885107551487412,0.25423454388116146,0.11386410782052567,-0.06948040028205621,-0.45197441542494604,-0.3545898911029661,-0.3545744362981063,-0.3184221340477911,-0.6807756275345208,1.1821103491121923e-114,3.581098998781053e-114
VFG016130,8373,8685,0.1920862056610534,0.12232689694876224,0.22064244086862483,0.10217723466751943,-0.06975930871229115,-0.6510122201228488,-0.40815263510606103,-0.4081346872306331,-0.26891779785571623,-0.8751546369849464,1.5069942068813349e-148,5.857373709765188e-148
VFG016146,7760,8736,0.08311990979381444,0.18093589743589747,0.17732367983602354,0.08234363462953745,0.09781598764208303,1.122212577591684,0.7214545024964443,0.7214216966835229,24.060851668708853,-0.9221235124948076,0.0,0.0
VFG016153,7949,8724,0.05782755063530004,0.07147881705639615,0.1316682985336761,0.07513146163254468,0.013651266421096112,0.3057587148477921,0.12888378745935616,0.1288779891095162,22.34299508623389,-0.730522769265715,5.1990654127742705e-16,7.595797695258863e-16
VFG019737,8612,8652,0.013834928007431493,0.015204900601017108,0.06662851181825946,0.0699510212189747,0.0013699725935856152,0.1362211544734105,0.020054106648763337,0.020053235324593622,0.0,-0.11753303779585689,0.18764675674644624,0.21065521465813583
VFG019744,8712,8736,0.0013543158861340678,0.001689686355311355,0.021542925562706906,0.022143966994852184,0.00033537046917728706,0.31918908141717167,0.015351624667104432,0.015350964694417657,0.0,-0.01255672988627534,0.31062440332540453,0.3394622126526967
VFG019758,8553,8674,0.15304995907868585,0.1034227115517639,0.18667123129296823,0.10045347645700686,-0.04962724752692195,-0.5654495786771515,-0.33172244410896073,-0.3317080002515415,-0.017466252877929404,-0.7934826940407466,1.7959029284855443e-102,4.7430256829233605e-102
VFG019759,8459,8736,0.03649079087362572,0.01644434523809524,0.10549291212430542,0.07654558499866718,-0.020046445635530482,-1.1499403714188106,-0.21805669287485607,-0.21804718057928635,0.0,-0.31019692812605687,1.2692084028511827e-45,2.3035852950426755e-45
VFG019761,8714,8596,0.045758859306862514,0.04732797812936249,0.1061942475682181,0.09190061627549707,0.0015691188224999791,0.048642191867040045,0.015793287967368806,0.01579260359383813,21.988152444492194,-0.68215440768977,0.29838503402917543,0.3287022300000542
VFG019768,8683,8734,0.018583830473338708,0.053724444698877945,0.09391297895863666,0.08977252351690616,0.03514061422553924,1.531530259441563,0.3825452513628204,0.38252877630928694,22.369861687083194,-0.5898158692892663,4.50452233751796e-138,1.6719488315832427e-137
VFG019771,8710,8711,0.16863607347876006,0.12489716450464931,0.14671307636082398,0.09635540476563999,-0.04373890897411074,-0.4331724264853848,-0.3524101881331258,-0.3523950143898262,-0.22015045205556544,-0.39723533371177366,1.434319539067078e-117,4.5109896953865355e-117
VFG019773,8541,8715,0.010649900480037465,0.057550223752151464,0.051799410032103026,0.05330222581148929,0.046900323272114,2.4339804845340356,0.8922557644780107,0.8922169791807066,22.345704372983093,-0.6633166482646595,0.0,0.0
VFG019790,8373,8463,0.1142775468768661,0.08858136594588208,0.17198312999177953,0.13161444416714246,-0.025696180930984025,-0.3674667864736967,-0.16791834824926738,-0.16791086692388316,0.4094949511371074,-0.7459651929202674,1.8266151672594644e-27,2.850626700420073e-27
VFG019797,8532,8597,0.013935689170182843,0.12391239967430498,0.058281985993068004,0.08760740357561361,0.10997671050412214,3.1524633877819817,1.4770237300847402,1.4769590495237719,23.319758244273473,-0.8160613109785841,0.0,0.0
VFG019805,8653,8727,0.010591228475673177,0.0049950154692334145,0.10618098256846636,0.028925326245617607,-0.005596213006439763,-1.0843073599330055,-0.0720470583974978,-0.07204394894467461,0.0,-0.08763216014104586,2.257691042882158e-06,2.962320731424997e-06
VFG019807,7640,8737,0.07523157068062826,0.048069703559574226,0.1519115723901383,0.0471989228533163,-0.027161867121054034,-0.6462101962636551,-0.24842880827698616,-0.24841742968456748,22.049263944412104,-0.85315433490715,2.67145761099877e-50,4.957840251042763e-50
VFG019823,8610,8732,0.009536260162601626,0.0069270041227668345,0.057351142724398375,0.0434138691059001,-0.0026092560398347916,-0.4611914927431389,-0.05134959668465814,-0.05134737564931949,0.0,-0.11545693068016342,0.0007411026764140376,0.0009224601289504034
VFG019825,8455,8737,0.04442630396215257,0.07703783907519744,0.11915395034730775,0.08206701790009706,0.03261153511304487,0.7941529768310298,0.31970376253205957,0.31968981364845744,22.60059556167263,-0.8458966255314054,4.705871156217212e-95,1.1968018002231429e-94
VFG019827,8644,8728,0.07557673530772792,0.03452246791934006,0.19044166762847908,0.07881554753531944,-0.04105426738838786,-1.130406370128493,-0.28217967401577065,-0.28216748991666085,0.0,-0.472742175368619,1.422123031771288e-75,3.020178809741086e-75
VFG019831,8661,8693,0.03486720932917677,0.018027838490739672,0.10640100140584853,0.06562281034681984,-0.0168393708384371,-0.9516440828056391,-0.19057923032249588,-0.19057099285810514,0.0,-0.31258860646874387,6.727077467581963e-36,1.0784264267096378e-35
VFG019833,8638,8686,0.0019243574901597594,0.003965127791848953,0.02877438553373558,0.042919895728022635,0.002040770301689194,1.042986669491038,0.055823664106711815,0.055821247044458865,0.0,-0.019028112985919117,0.0002362247749025371,0.0003013145735598925
VFG019837,8175,8736,0.02167125382262997,0.012314217032967032,0.09401954384588111,0.04308554467122189,-0.009357036789662937,-0.8154572184728182,-0.12935917003087033,-0.12935343221006612,0.0,-0.23951532412541587,2.1423480336005223e-16,3.1410939140335057e-16
VFG019841,8134,8731,0.1395525571674453,0.14065693505898524,0.15576046953856135,0.05507887998445139,0.0011043778915399427,0.011372124697385771,0.009586359789934336,0.009585933419986228,0.2399830008591474,-0.7498592257388885,0.5450729562776992,0.5800545904595554
VFG019859,8691,8733,0.019032309285467727,0.012834283751288218,0.07022100670189087,0.07200346564565156,-0.006198025534179509,-0.5684474705603959,-0.08714887840292718,-0.08714512667541403,0.0,-0.2287475683150167,8.958992136878404e-09,1.214179197497994e-08
VFG019861,7847,8711,0.030086721039887857,0.1297068534037424,0.10235141511692926,0.11367908577220195,0.09962013236385456,2.108055551710174,0.9185099810998733,0.9184683712370869,23.451362181345132,-0.8312972512397993,0.0,0.0
VFG019873,8407,8692,0.01738922326632568,0.01903441095260009,0.0721103877790965,0.07050423972582785,0.0016451876862744116,0.13041636013837163,0.023074663220030402,0.023073650981013338,0.0,-0.1702340449861786,0.13160325988532426,0.14923404042601895
VFG019885,8152,8126,0.02281164131501472,0.022682672901796697,0.08746139160859794,0.08935936472492632,-0.00012896841321802244,-0.008179593868059248,-0.0014586884252139616,-0.0014586212076467889,0.0,-0.13177567395947584,0.9258647739945336,0.9388062387041295
VFG019887,8678,8738,0.025561039410002307,0.019950915541313802,0.11782705831437086,0.08377619238560652,-0.005610123868688505,-0.3574913914930009,-0.054908914865973865,-0.054906549971212575,0.0,-0.1744911574249446,0.00029663259337341845,0.00037373892498424586
VFG019889,7592,8507,0.11838024236037935,0.2706092276948395,0.16703140868353855,0.2005510108786582,0.15222898533446017,1.1927826515377975,0.8206409951117974,0.8206027587754977,24.33756099705166,-0.8755934182015604,0.0,0.0
VFG019891,8079,8740,0.08578600074266618,0.16214152173913043,0.1393678682018776,0.1186494470016721,0.07635552099646425,0.9184393677732634,0.591823442554472,0.5917970481808911,24.1277035287961,-0.7518729661299474,3.7525172208015644e-304,2.342480446924613e-303
VFG019893,8077,8736,0.07544714621765507,0.05319987408424908,0.1842229581294669,0.12103474316109998,-0.022247272133405986,-0.5040434208956223,-0.14385842679559382,-0.14385200865124592,0.0,-0.44833681572647155,5.118912890553364e-20,7.72524582750178e-20
VFG019895,8101,8733,0.06239854338970497,0.030649364479560286,0.11891715075445189,0.04563221570395045,-0.031749178910144685,-1.025654952528705,-0.35753667593446603,-0.3575207445840746,0.0,-0.5763840779595373,7.485397865652809e-110,2.171819662428843e-109
VFG019897,7067,8736,0.050331937172774864,0.03467652243589744,0.15407231959783738,0.06125519103477302,-0.015655414736877427,-0.5375147719283432,-0.13897564441936566,-0.13896904778735045,0.0,-0.38296118237217713,9.878301692044877e-16,1.4131459365008643e-15
VFG019899,7763,8738,0.0920338786551591,0.09159455252918289,0.19355005140826875,0.15665262195324975,-0.00043932612597620546,-0.00690323126395885,-0.0025106794803968725,-0.0025105653499560635,0.0,-0.50123391098746,0.8736677826104043,0.8976337317593182
VFG019901,8542,8729,0.03159442753453524,0.026988395005155232,0.1192607346843904,0.08521978881345277,-0.004606032529380005,-0.2273308650979171,-0.04451763054265631,-0.04451569709507574,0.0,-0.22644454058372399,0.003564044183374477,0.004256191894348651
VFG019905,8438,8496,0.043104467883384685,0.015830920433145008,0.1122215793247119,0.06474761796878106,-0.027273547450239678,-1.4450917009741635,-0.29795895635789726,-0.2979457581227905,0.0,-0.27229581205817643,2.4874621422541136e-82,5.509862379616638e-82
VFG019907,7296,8729,0.261530975877193,0.14991344942146867,0.258318968704965,0.0753519819111444,-0.11161752645572431,-0.8028519692746504,-0.61007485970773,-0.6100463030526752,-0.4091521892241645,-0.9086756523928105,2.344280515210486e-259,1.3603430595305918e-258
VFG019916,8539,8739,0.02295124721864387,0.051031456688408285,0.07668860580167851,0.044612156750522686,0.028080209469764413,1.1528139232013594,0.44888584126079917,0.44886635357540516,22.391000450269637,-0.9223513699071354,1.870539306073647e-183,8.198533979812155e-183
VFG019921,8496,8738,0.023709086629001886,0.03558749141680018,0.09607735495525788,0.0362718290616002,0.01187840478779829,0.5859299515288958,0.16444463383045313,0.1644374764915077,21.709777566333,-0.8797785335088552,1.715173378114039e-26,2.646634575966232e-26
VFG019924,7615,8676,0.12452739330269207,0.06771703550023052,0.21451560170793474,0.07243317389403467,-0.05681035780246155,-0.8788723195842058,-0.3644090384407615,-0.3643922595732099,22.253496952750517,-0.9584078099235723,7.099308908780572e-105,1.9242863621168392e-104
VFG019932,8552,8636,0.09738992048643592,0.029313547938860582,0.18322850622394654,0.0488057319989905,-0.06807637254757534,-1.7322045282676468,-0.5088108211196928,-0.5087886162048162,0.0,-0.6210099016625426,3.1223066333737278e-229,1.692618859144705e-228
VFG019941,8711,8721,0.033865583744690626,0.013650280931085883,0.10903075393886982,0.07245039215630417,-0.020215302813604744,-1.3108885899772238,-0.2184133101159952,-0.21840391181810873,0.0,-0.39092685505942576,8.450470943196183e-47,1.5542830484807265e-46
VFG019945,8228,8688,0.06029511424404472,0.08053531307550645,0.12058687190122783,0.048297959159562365,0.020240198831461727,0.4175803496173885,0.2225551315446762,0.22254526286690465,22.694980356267664,-0.8589262616488995,2.892436106066329e-45,5.203858845848592e-45
VFG019951,8516,8578,0.05412640911225928,0.05987824667754721,0.1209400025716496,0.09294585162911995,0.00575183756528793,0.14569927313494574,0.05335424958209764,0.053351908353891836,22.45010396008557,-0.7165916534602319,0.0004941992199333403,0.0006188756188830887
VFG019957,8472,8695,0.04664361425873465,0.017764669350201268,0.10572320837166932,0.04634668897881348,-0.028878944908533384,-1.3926682433430386,-0.3553661326162783,-0.35535060517780925,0.0,-0.42760584404547997,3.2918703534924766e-115,1.0046300634362224e-114
VFG019961,7962,8121,0.10758774177342377,0.4140737470754834,0.22465469179243366,0.22747203815680597,0.3064860053020596,1.944373926341588,1.3556428077743496,1.3555795811147828,25.05216938463801,-0.8471678720443471,0.0,0.0
VFG019968,7887,8682,0.04878866489159376,0.07534912462566229,0.09797202683900179,0.09711606736307819,0.02656045973406853,0.6270446428039442,0.2723466850260088,0.2723343555097325,22.54274118548846,-0.7533460346234142,5.864900203641394e-68,1.2265679613706874e-67
VFG019969,6720,8664,0.13074419642857144,0.16550197368421057,0.1902942265510924,0.09549573281114682,0.03475777725563914,0.3401014902730949,0.2401164601258207,0.240104752267801,23.79054428304383,-0.9043640316525964,2.7797879639256396e-42,4.7719693380723483e-42
VFG019979,6889,8359,0.2936438815502976,0.1418105275750688,0.3466556003866295,0.1496434690084763,-0.1518333539752288,-1.050102887358075,-0.588484254777765,-0.5884553048611598,-0.5870756783090613,-0.8297372876559792,1.7571243206300214e-236,9.652469601327584e-236
VFG019981,8356,8704,0.028082635232168505,0.10515180376838236,0.08859251089949545,0.05471168895780422,0.07706916853621386,1.9047229942283324,1.051559617428899,1.0515133821567753,23.368530040370608,-0.9497486505821812,0.0,0.0
VFG019983,7240,8594,0.09309267955801105,0.05671403304631138,0.17108854658879444,0.08706309004818888,-0.03637864651169967,-0.7149618721480895,-0.275011779293024,-0.2749987511164504,0.0,-0.5178646093831364,1.223028262539801e-59,2.434239826890812e-59
VFG019987,7388,8376,0.1755590822956145,0.11026506685768862,0.25108048393135995,0.15433087064246478,-0.06529401543792589,-0.6709807830031914,-0.3178447675535673,-0.31782964337156555,-0.2643864760242302,-0.8361077153948503,3.123350630930754e-82,6.881392833922302e-82
VFG019993,8666,8711,0.07133157165935841,0.055299839283664325,0.10956507658008759,0.03274923667575217,-0.016031732375694087,-0.3672654147937477,-0.19847770913615728,-0.19846914162975562,0.40275908440945285,-0.9171385444915895,1.237355932381636e-38,2.0391625765649363e-38
VFG019995,8299,8601,0.021458416676708038,0.12037506103941402,0.11664190574944026,0.18138594282236242,0.09891664436270597,2.487920442217007,0.6462859901622867,0.6462573050123335,22.738923697481056,-0.5541261388619753,0.0,0.0
VFG019997,8320,8697,0.014024603365384615,0.01456295274232494,0.0785191633216883,0.06540714167138552,0.0005383493769403249,0.05434289379835031,0.0074650101529642925,0.007464681099783098,0.0,-0.1384889020086502,0.6277979098042031,0.6564790325871362
VFG020001,6915,8389,0.1581570788141721,0.4375576946000715,0.32602800825949696,0.24583711306126907,0.27940061578589936,1.468115069588851,0.9807674813572871,0.9807194100183214,25.03674380350409,-0.8977875600101948,0.0,0.0
VFG020003,8085,8573,0.2353983178726036,0.37234550332439054,0.38322832093219966,0.2278442608605435,0.13694718545178694,0.6615379011405369,0.4374673068023562,0.4374476078707499,25.135161322682357,-0.8280094248233423,1.3817070925642226e-165,5.868694042643914e-165
VFG020007,8626,8712,0.015323000231857176,0.0041103764921946746,0.05655853198672343,0.03914897452847626,-0.011212623739662501,-1.8983537856427606,-0.23072893258929175,-0.23071895051759356,0.0,-0.12181791195686818,1.453050915389484e-51,2.733593502924509e-51
VFG020014,8495,8727,0.047517916421424375,0.010144539933539589,0.1433289290139681,0.030109672854727754,-0.03737337648788479,-2.227767020599406,-0.3631289572269162,-0.3631131412761666,0.0,-0.31963215105131637,5.727693707984063e-119,1.8293099284414215e-118
VFG020016,8542,8727,0.01729532896277219,0.019881138993926892,0.08897895865297326,0.09232594970876944,0.0025858100311547012,0.20101784852618437,0.02851393848778475,0.02851269995396305,0.0,-0.13075975309430948,0.060924687451915475,0.07063995842189257
VFG020018,8178,8727,0.23812307410124725,0.14185732783316146,0.2778228807713515,0.06090283481632316,-0.09626574626808579,-0.7472667063565218,-0.48588016473877554,-0.4858586055177284,-0.3214954161981728,-0.7595380154908393,2.92724639213546e-196,1.3863784935350496e-195
VFG020020,7914,8675,0.06704638615112458,0.030866213256484153,0.13165278724140125,0.0647071866063842,-0.03618017289464043,-1.1191308192844942,-0.35378746996426835,-0.3537714728218219,0.0,-0.5547804314245575,2.874582344157192e-106,8.056652556413354e-106
VFG020026,7490,8623,0.07846153538050733,0.08126461788240752,0.18088938531425078,0.19446213153259176,0.0028030825019001865,0.050641774887003166,0.014888255103521462,0.014887562014042222,0.0,-0.42698825926934625,0.34345138903207206,0.37434384201379284
VFG020036,6862,8666,0.024701705042261733,0.06960835448880683,0.08582991897079711,0.12442819687339778,0.04490664944654509,1.4946494662021705,0.4117267401668323,0.4117068509469798,0.0,-0.36987895555672295,6.533140773934755e-152,2.691653998861119e-151
VFG020037,8671,8704,0.04911540768077499,0.04977331112132353,0.133085942799683,0.05184333521708954,0.0006579034405485365,0.01919668602792981,0.00651884009711399,0.006518558671889265,22.06907242095931,-0.8461358263176104,0.6679047556723794,0.6948908064066169
VFG020038,8276,8586,0.08099480425326244,0.08081392965292337,0.14729786573176776,0.11649486837154308,-0.00018087460033906766,-0.0032253755290820555,-0.0013649783512217426,-0.0013649176306438327,22.651847253479342,-0.7248139315893768,0.9296916150273904,0.9388062387041295
VFG020039,8020,8699,0.09897190773067331,0.10937611219680422,0.17087821576818732,0.05752339697748399,0.010404204466130912,0.14420668063585948,0.08295971587051645,0.08295599386792009,23.072347388677827,-0.6845392267119303,2.1643569013573174e-07,2.914101448886323e-07
VFG020040,8047,8737,0.012179259351311048,0.08965324482087672,0.056954771674141653,0.017134661957480517,0.07747398546956567,2.8799283735671395,1.8745755793892904,1.8744918019712893,23.159617771178215,-0.9715378514964995,0.0,0.0
VFG020041,8523,8575,0.0737935116742931,0.10016080466472305,0.11902796046850563,0.09075320201412272,0.026367292990429947,0.4407521287804073,0.24922674509524162,0.2492158113802059,22.8745523551179,-0.8931476994679804,4.029610781809278e-59,7.905712581454393e-59
VFG020043,8577,8707,0.06377539932377288,0.08724367750086139,0.13590193751212526,0.08186237471602753,0.023468278177088506,0.4520504958216038,0.20956215730606798,0.2095530626473685,22.936968736729895,-0.8333416421242658,1.3241396353315658e-42,2.29220810822103e-42
VFG020044,7973,8635,0.21586580960742505,0.16040411117544875,0.2192228612167137,0.11369160362478702,-0.05546169843197629,-0.42842361513881494,-0.32132448379404005,-0.32130997114855003,-0.0048331534121134325,-0.9037616605725853,2.2026694911047978e-89,5.19562132883909e-89
VFG020045,8378,8740,0.041595189782764386,0.04424346681922196,0.11633273059927839,0.060505982674952496,0.0026482770364575775,0.0890477160284095,0.028736872179924735,0.02873561295061051,21.559175874345346,-0.9920639377513188,0.06336318030009419,0.07251563967677446
VFG020047,8513,8560,0.18349283448842948,0.13443835280373834,0.2002906132615293,0.12849062707189746,-0.04905448168469115,-0.4487789259738991,-0.2916986829459026,-0.2916858672223867,0.15853407803166006,-0.9310272853722344,8.176522459956401e-80,1.7730415348502937e-79
VFG020049,6781,8552,0.10912359533992037,0.06621497895229188,0.15660378014739032,0.07630349565294725,-0.042908616387628495,-0.7207334764767038,-0.3614422789073354,-0.36142459668636245,22.439997475405224,-0.7695773448869199,4.368652261570775e-93,1.090839231374036e-92
VFG020051,8313,8661,0.10127870804763624,0.11452650964091907,0.09151958054226904,0.10833190781560348,0.01324780159328283,0.17735065711897133,0.13188412746100933,0.1318782993586866,0.11520976593923947,-0.910473054078762,7.357558606076529e-18,1.0943372367160757e-17
VFG020072,8619,8660,0.037635398538113464,0.033292355658198616,0.1012350018917311,0.08033200099506824,-0.004343042879914848,-0.17689924441498517,-0.0475384676354274,-0.04753640394574465,0.0,-0.4590784578996883,0.0017947349295465583,0.0021747964440387707
VFG020074,8706,8706,0.10825142430507695,0.08138666436940041,0.08668506291052833,0.07167971119729208,-0.026864759935676538,-0.41152163732983443,-0.33776414474454397,-0.33774959409858074,-0.2981071365965421,-0.7708713737245831,1.920426849222066e-108,5.5329780551013365e-108
VFG020086,7593,8629,0.25553584880811275,0.20133674817475955,0.2739392428681711,0.09127639591749231,-0.0541991006333532,-0.34391516570137953,-0.2725102388067673,-0.27249763795415827,-0.027801270423823,-0.07566106878789998,5.660355153771224e-60,1.1431697663498745e-59
VFG020087,8443,8603,0.24423934620395593,0.15699862838544695,0.2534859356451779,0.1611649397674791,-0.08724071781850898,-0.6375436448344852,-0.41155426700576947,-0.41153615680700134,-0.2715834465405752,-0.7584708495527006,6.038554095533839e-154,2.5130144316767084e-153
VFG020088,6483,8648,0.17956148388091933,0.2074312904717854,0.17096741538430987,0.11975750819625662,0.027869806590866075,0.20815560284930784,0.19361221750179355,0.1936026192756925,0.3335192588993721,-0.632441525355648,4.5409879861529677e-29,7.113638974505789e-29
VFG020089,8724,8725,0.1909384685923888,0.1677475873925501,0.1297187403502949,0.08630635896403525,-0.023190881199838698,-0.18681576580105494,-0.2104993822541321,-0.21049033331741374,-0.041688809994181286,-0.364204164909501,1.1311297101459638e-43,1.9915617118809277e-43
VFG020090,8470,8740,0.2586041204250295,0.18920318077803203,0.25537533164450227,0.11595890938574485,-0.06940093964699748,-0.4508088991423523,-0.3517620517704352,-0.35174672021698816,-0.3272030190555555,-0.6800130896771213,6.040696549704514e-113,1.8166182324658828e-112
VFG020092,8373,8685,0.19200278275409052,0.12224166954519287,0.2205380420560761,0.1018466182060241,-0.06976111320889765,-0.6513910250529521,-0.40856165623541746,-0.4085436903739234,-0.2676550451146062,-0.8749430981412758,8.073235010542611e-149,3.1982431003303425e-148
VFG020095,7760,8735,0.08312559278350515,0.18094567830566685,0.17733031826411022,0.0823538409799654,0.0978200855221617,1.1221919282985129,0.721431723616553,0.7213989168503852,24.060851668708853,-0.9221300875137939,0.0,0.0
VFG020096,7948,8723,0.05781985405133366,0.07146064427375903,0.13165310127281107,0.07505130896396595,0.01364079022242537,0.30558390620639786,0.12883219545214772,0.1288263987279429,22.34299508623389,-0.7305331150241098,5.373802032818813e-16,7.795797315216024e-16
VFG040875,6095,7252,0.39547806398687446,0.21059023717595146,0.6980333771002445,0.06437252406694935,-0.184887826810923,-0.9091590872832185,-0.3899903758283138,-0.3899684576371247,0.30506036153063687,-0.6634670212895925,2.7317581206548256e-91,6.739427219819091e-91
VFG040877,8119,8690,0.15800614607710312,0.06856275028768699,0.18542009040024315,0.09002017487987438,-0.08944339578941612,-1.2044836707294282,-0.6202416645121966,-0.6202139862728949,-1.2273799690635505,-0.8520932515483506,0.0,0.0
VFG040878,8606,8690,0.02752138043225657,0.03535597238204833,0.11040248141722023,0.04840840399678177,0.007834591949791761,0.36140098626362355,0.0920625943764077,0.09205860178106068,21.898737545832468,-0.7127715777281727,1.6494895420707146e-09,2.265298971110448e-09
VFG040879,8284,8681,0.06912036455818446,0.07758276696233153,0.11859308296895521,0.08183374805359779,0.00846240240414707,0.1666253805780376,0.08340550416462651,0.08340181642955269,22.819094035024538,-0.7902170226846722,7.341072881459679e-08,9.916465662824222e-08
VFG041011,7812,8662,0.046644342037890425,0.06181032094204573,0.12003718246752987,0.13586645057139016,0.015165978904155303,0.4061455875039492,0.11792832596393425,0.11792295639212355,0.0,-0.4475954085166738,2.973555554141447e-14,4.209982434042186e-14
VFG041012,7654,7792,0.1491638228377319,0.37383062114989735,0.2756090054072313,0.2877002359886658,0.22466679831216543,1.3254870128488292,0.7973311845129314,0.7972924634517653,24.91022187998905,-0.8777702731161761,0.0,0.0
VFG041014,8341,8721,0.0738064380769692,0.06772655658754731,0.15690991524346593,0.12902232846261336,-0.006079881489421887,-0.12402500250263594,-0.04241727237404426,-0.042415407578002086,0.0,-0.5400757756252621,0.0058270640490226105,0.006839744695718848
VFG041016,8627,8720,0.010745971948533673,0.008525986238532112,0.05169435781271538,0.04021415257857698,-0.0022199857100015617,-0.3338569957397597,-0.047967733454689854,-0.0479656592939155,0.0,-0.14232930164844104,0.0016097830992113473,0.0019680434328637245
VFG041018,7923,8714,0.09797893474693929,0.09411124627036951,0.12312827838445922,0.08760124661800493,-0.0038676884765697778,-0.058104465338321774,-0.03648230162530656,-0.03648065677183903,0.22499887319916287,-0.8405157443932392,0.020692433448551917,0.024150942155250398
VFG041019,8114,8453,0.02616609563717032,0.03541352182657045,0.07228317047554036,0.03841658276803166,0.009247426189400127,0.43660151162930727,0.16068553284524845,0.16067825750758058,21.93156892999789,-0.6966955796497567,1.9956889299152408e-24,3.0679993997204445e-24
VFG041020,8647,8721,0.1722927836243784,0.32051840385276925,0.2169974808240428,0.20269247268585744,0.14822562022839086,0.8955448821868937,0.7060502062465196,0.7060197130253985,1.1617978282357462,0.160067219828457,0.0,0.0
VFG041021,8291,8719,0.07766819442769268,0.07524346828764768,0.13319306524748417,0.05631863042752616,-0.0024247261400450054,-0.04575757139309987,-0.02392316436726583,-0.023922109414478105,22.620867953533697,-0.907014930260219,0.12543750084459115,0.14315858822152785
VFG041023,8650,8719,0.2577965549132948,0.17724929464388117,0.45849344904393413,0.10709252512218315,-0.08054726026941361,-0.5404530724846612,-0.24236640287458144,-0.24235593604560332,0.28001171494932053,-0.8673263161244429,2.6576476313536357e-56,5.140614197735671e-56
VFG041025,8580,8722,0.01952692307692308,0.03724763815638615,0.06374400788083626,0.02085271735676451,0.017720715079463066,0.9316839599984645,0.37490615544519795,0.37488990205329437,21.738923903580304,-0.9599395120663179,7.601459970497148e-129,2.6098345898706874e-128
VFG041027,8534,8712,0.09725042184204359,0.060738269054178146,0.14993522562264266,0.0709325779314133,-0.036512152787865446,-0.6790986243607416,-0.3123328370070585,-0.31231925239653263,-0.12191235903955726,-0.8888499370421947,9.452847589047059e-91,2.2775281910452565e-90
VFG041031,8580,8693,0.027516480186480185,0.06141639249971241,0.08147930798813376,0.06503383442223107,0.03389991231323222,1.158327546560152,0.46020191657173215,0.4601819318323648,22.19760576325606,-0.9054244539922672,5.547715063260528e-195,2.5973393250719746e-194
VFG041032,6607,8675,0.18416662630543362,0.10888440345821326,0.23678736028764752,0.11388183153622522,-0.07528222284722036,-0.7582142754329299,-0.4234812892510371,-0.4234605028528998,-0.09953566210095491,-0.8422753267100782,1.0033248148200983e-121,3.312112198957804e-121
VFG041033,8644,8694,0.19936899583526144,0.14969902231423968,0.1762914498557607,0.04995924914968068,-0.04966997352102176,-0.41337624837716863,-0.38382858918376933,-0.3838119835311793,-0.22711762917408873,-0.11454457466770607,5.3566451261193104e-136,1.9359103438255753e-135
VFG041035,8576,8693,0.0997787546641791,0.09776883699528359,0.13444422615438234,0.07045356727144955,-0.0020099176688955084,-0.029357968863155802,-0.018762938697980222,-0.018762123709402553,1.0173344505738826,-0.8307889153393277,0.21944654329566934,0.24435669145355612
VFG041038,8651,8694,0.015635776210842677,0.0047410167931907065,0.0680748352384869,0.02972546273985542,-0.01089475941765197,-1.7215803124370568,-0.2075947997996137,-0.20758582220956312,0.0,-0.1611846275066913,4.375733650795471e-42,7.358376588276466e-42
VFG041041,8417,8682,0.14840532256148273,0.10606150656530752,0.18070168469052514,0.07346871618884661,-0.042343815996175205,-0.48464164967998746,-0.3087078751165137,-0.30869433272358304,-0.8128872375433225,-0.8355260249978946,4.276546981869418e-87,9.734460533316022e-87
VFG041042,8426,8360,0.16068591265131732,0.06125824162679427,0.2529383785473764,0.12367532253450511,-0.09942767102452305,-1.391267446490249,-0.4988095393929439,-0.49878724954981923,-1.464768324060318,-0.797982279160993,6.476768744915778e-221,3.254181369396708e-220
VFG041043,8667,8695,0.08428783892927195,0.07050083956296721,0.14325006275681657,0.10139353334448879,-0.013786999366304745,-0.25768402228051784,-0.11112638799465971,-0.11112158695829709,-0.2087527060010813,-0.8709935892013178,2.652320861716294e-13,3.7168578062146703e-13
VFG041047,8447,8702,0.016111163726766898,0.01691667432774075,0.06517035805622068,0.06640741347099001,0.0008055106009738529,0.07038522706307061,0.012241618146010613,0.012241082696808315,0.0,-0.2005220840142207,0.42274856721172094,0.4551514423371534
VFG042297,7606,8729,0.13942780699447804,0.05806291671440028,0.21736559521705784,0.059624057856056095,-0.08136489028007776,-1.2638292201704473,-0.5263130572743616,-0.5262888889749047,22.31561865249767,-0.8236221761121173,9.281938351462973e-208,4.607420000967162e-207
VFG042695,8459,8661,0.16712704811443435,0.3587055651772313,0.28979570830226725,0.16807846106194368,0.19157851706279694,1.1018548418003913,0.8111100455465509,0.8110745074335302,25.01222627530223,-0.8120643842909882,0.0,0.0
VFG042696,8184,8571,0.10544358504398826,0.45478947614047366,0.16368940563815862,0.286989268834205,0.3493458910964854,2.108727438050155,1.4866407422883432,1.48657418721191,25.073573526167024,-0.4210351992835875,0.0,0.0
VFG042698,6193,7564,0.19165861456483127,0.38381940772078266,0.25418781485371933,0.2195369998970703,0.1921607931559514,1.0018887801115117,0.815046586895486,0.8150021451615271,25.037581848836393,-0.8608030142354647,0.0,0.0
VFG042699,8559,8093,0.21170084121976868,0.21946881255405906,0.2064764907745514,0.22453958208613642,0.0077679713342903856,0.05198893676428048,0.03605555646063352,0.03605393231208202,-0.10068431035055354,-0.8878676667765731,0.020353036797176063,0.02382230443305835
VFG042701,7174,8580,0.3664485921382771,0.2750705827505827,0.6400704887403897,0.1805507640531417,-0.09137800938769436,-0.4138089487616407,-0.20215825308780358,-0.20214862757382476,25.208437436512263,-0.6610932024020957,2.0547180193594243e-31,3.2559377845233952e-31
VFG042706,7744,8437,0.0989474819214876,0.20414727983880526,0.15013159673681067,0.05993862667369617,0.10519979791731766,1.0448753711301397,0.9349601239973523,0.9349167819534369,24.181013986261487,0.6934934528106717,0.0,0.0
VFG042735,8466,8734,0.013138317977793527,0.0884865010304557,0.08492594936371088,0.050089794462264456,0.07534818305266218,2.7516758603919023,1.0848424274330737,1.084795117068603,23.069072257016717,-0.9222642127664201,0.0,0.0
VFG042736,8334,8739,0.017897744180465563,0.013430758668039822,0.08234985889776188,0.058858802663305086,-0.0044669855124257404,-0.4142366934530347,-0.0626512441959874,-0.06264849162605655,0.0,-0.21810566860796005,4.918200759869193e-05,6.372008531654427e-05
VFG042738,6927,8738,0.05738661758336943,0.016465403982604713,0.13461454869727751,0.05551746543021293,-0.040921213600764714,-1.8012758091917371,-0.4148037633788026,-0.4147839007861842,0.0,-0.5331486720735414,6.658283652355953e-121,2.177153067278296e-120
VFG042740,8702,8704,0.11714215122960239,0.10812722886029412,0.10145767084064566,0.06616465294384613,-0.009014922369308273,-0.11553041179175874,-0.10525699626119531,-0.10525246029927929,-0.32921041878697727,-0.5579972265926021,3.995107620612737e-12,5.5796079311608395e-12
VFG042744,7826,8735,0.18087191413237924,0.17357547796222092,0.1803946628166825,0.13512420567875194,-0.007296436170158321,-0.059405255610199985,-0.04613901517645149,-0.04613692538939737,0.3231314906799646,-0.698801874367961,0.003517833014373775,0.00423785731556139
VFG042749,8412,8598,0.06483127674750358,0.13521945801349153,0.15123284524234817,0.10913480963378197,0.07038818126598795,1.0605407639628366,0.5346732936934777,0.5346497159145082,23.433644652704032,-0.842399113153409,1.1935977750096555e-254,6.83003171255525e-254
VFG042750,8663,8740,0.01157243449151564,0.004597974828375285,0.0714516038781669,0.03168909169326297,-0.006974459663140355,-1.3316200317789948,-0.12637687911523401,-0.1263714320707482,0.0,-0.09432129488333957,1.051102935194665e-16,1.5577496737417337e-16
VFG042751,8528,8702,0.06197131801125705,0.03500587221328431,0.13792792977895957,0.04659352837633898,-0.02696544579797274,-0.8240035191135751,-0.2630002017526059,-0.26298875219295276,21.83460722518437,-0.7233237232130113,7.79427860842737e-65,1.613689842548782e-64
VFG043014,8539,8715,0.0841004567279541,0.049191359724612735,0.18278570208548692,0.15261425001221937,-0.03490909700334137,-0.7737085797539898,-0.20751581781481349,-0.20750679630317778,20.95304900742166,-0.9271962055640628,6.398953730125639e-42,1.0716946897608794e-41
VFG043015,8416,8727,0.041579028041825096,0.1217107024177839,0.08709333224480044,0.05270029989506527,0.0801316743759588,1.5495278670260766,1.1179469125935886,1.1178979964035476,23.577731341713296,-0.7856265638608557,0.0,0.0
VFG043480,8440,8433,0.03295439573459716,0.014651938811810743,0.07829792466813636,0.06223436271553809,-0.018302456922786415,-1.1693787887037015,-0.2587760892998068,-0.2587645852429643,0.0,-0.21018853376180127,7.275478984110846e-63,1.498748670726834e-62
VFG043648,8109,8635,0.015952497225305215,0.023200579038795598,0.09498280435468212,0.09694156882696131,0.007248081813490383,0.5403782468885859,0.0755024661701413,0.07549908379675574,0.0,-0.14166043819719495,1.0402817505451355e-06,1.3870423340601807e-06
VFG043810,8497,8571,0.3459705307755679,0.3237146890677867,0.24211719373377658,0.07483726129423594,-0.022255841707781165,-0.09592632212945344,-0.12442224841703264,-0.12441678034874894,0.041057880283823935,-0.06682706148959325,6.210529756378089e-16,8.97802898115008e-16
VFG044081,7143,8347,0.1539070838583228,0.052240038337127113,0.18907278051527607,0.049458596378322776,-0.10166704552119568,-1.558831592734143,-0.7619644080227665,-0.7619275096155727,-0.8362457604549175,-0.8836764824545369,0.0,0.0
VFG044089,8624,8629,0.08954922309833024,0.09698000927106269,0.1285507203031362,0.06852617679113258,0.007430786172732448,0.1150064634236428,0.07214407195103073,0.07214093538862253,23.0426000486915,-0.939078574728915,2.188259586783866e-06,2.898916237154189e-06
VFG044090,8082,8112,0.06700524622618163,0.074982741617357,0.1528090694337877,0.15523636896922433,0.007977495391175371,0.16228449650509805,0.05179191312515092,0.051789514129684466,0.0,-0.46881453513713234,0.0009845883024103808,0.001218169311090321
VFG044091,8436,8639,0.1533947012802276,0.12222348651464289,0.20152187800910992,0.09139909048856987,-0.031171214765584723,-0.3277270839790297,-0.2000018798452169,-0.19999309383183977,0.19302748291818955,-0.9111552548399527,3.566377583956134e-38,5.853974360916045e-38
VFG044093,7533,8674,0.1489217974246648,0.1267523287987088,0.1503592695216221,0.068699059119109,-0.022169468625956007,-0.23254266333753917,-0.19418553686381104,-0.19417654942786491,0.29230289888846633,-0.6626506732149352,8.510506787431534e-32,1.3537949020933557e-31
VFG044096,7779,8520,0.10959751896130607,0.1690438262910798,0.15680200664534455,0.13060086799439777,0.05944630732977374,0.6251821423981988,0.41367497820842175,0.4136559402877531,0.9990578914656548,-0.7882033276058631,1.2761160923412277e-147,4.8681465744869056e-147
VFG044097,6440,8720,0.3384336024844721,0.2496633371559633,0.3375785930287298,0.1179599727360786,-0.08877026532850876,-0.4388888247893107,-0.3737478914858681,-0.37372939857507237,0.11100716223908566,-0.6376416391247365,1.6037871905126055e-88,3.7331091666169123e-88
VFG044101,8032,8327,0.020257507470119524,0.03464114326888436,0.08344355509400578,0.10742918032382437,0.014383635798764834,0.7740295761332482,0.14920581736378008,0.14919897588469513,0.0,-0.26245241204032194,1.0812158821484489e-21,1.6559886373426056e-21
VFG044103,8576,7899,0.10316212686567165,0.1398629193568806,0.17973317776785486,0.1931289772202038,0.03670079249120896,0.43910006507291954,0.1970236639109082,0.19701469347501052,23.37517535340043,-0.6585316775645131,3.267211154218013e-36,5.320517768924195e-36
VFG044104,7223,8728,0.08785276201024506,0.09365004582951421,0.1328477757461016,0.10134428402786186,0.005797283819269153,0.09219204635909624,0.04969029830966148,0.04968796159212987,0.32571962609443295,-0.7366712284682816,0.002316442762385037,0.002798751959245265
VFG044448,6699,8729,0.16165158978952082,0.06339344713025546,0.20963636190482715,0.04646308601662059,-0.09825814265926536,-1.350481933306517,-0.6895774225076783,-0.6895438952518314,-0.885913031261747,-0.9124955274057948,1.7525521744264895e-283,1.0618404350936966e-282
VFG050297,8367,3342,0.022889422732162067,0.4391647217235188,0.08993517439435757,0.25889854023669767,0.41627529899135673,4.262008585383643,2.637563526837943,2.637394549739677,24.92705313342723,-0.8447485444262988,0.0,0.0
VFG050300,8404,8627,0.058486625416468346,0.0431308450214443,0.1291431188740944,0.0952037894268455,-0.015355780395024048,-0.43938668079663373,-0.13561601269221385,-0.1356100397341565,0.0,-0.46525977158922427,1.3323616069941751e-18,2.003405044093431e-18
VFG051484,8695,8733,0.20669130534790106,0.11072971487461354,0.20121415838414602,0.1021889853365667,-0.09596159047328752,-0.9004352127802321,-0.6017364021423399,-0.6017105035553864,-0.8118145061778954,-0.8755840427869489,0.0,0.0
VFG051485,8074,8550,0.07470474362150112,0.10065316959064327,0.12787123344758322,0.06734291046767023,0.025948425969142153,0.43012079430948114,0.25600231643238697,0.2559907651975697,23.365863320743394,-0.8227794653837964,1.2521538912307413e-58,2.433431147108799e-58
VFG051487,7782,7961,0.18494696736057573,0.3784553322446929,0.2697958316970614,0.2692193819781215,0.19350836488411718,1.033011349852536,0.7180153831393765,0.7179811718383042,24.956154251924875,-0.8461597725302523,0.0,0.0
VFG051488,8701,8701,0.2732302149178255,0.2713156074014481,0.18267961845386052,0.1177657195210561,-0.001914607516377398,-0.01014499032654328,-0.012457675656293746,-0.012457138679800278,0.14696772547798231,-0.17807713409683684,0.411268032513063,0.44707765011974127
VFG051489,7660,7848,0.12877028720626632,0.4046329383282365,0.26016785449597596,0.2993279527584959,0.27586265112197017,1.6518139473586049,0.9828753717946048,0.9828278309449945,24.92433704540387,-0.8572608178099291,0.0,0.0
VFG051491,7361,7735,0.12313188425485669,0.35166072398190046,0.2423125161590549,0.2913426011722549,0.22852883972704377,1.5139797498500032,0.8509555010505252,0.8509132175473674,24.908848538623932,-0.8354766165293827,0.0,0.0
VFG051504,8341,8721,0.0738064380769692,0.06772655658754731,0.15690991524346593,0.12902232846261336,-0.006079881489421887,-0.12402500250263594,-0.04241727237404426,-0.042415407578002086,0.0,-0.5400757756252621,0.0058270640490226105,0.006839744695718848
VFG051507,8341,8721,0.0738064380769692,0.06772655658754731,0.15690991524346593,0.12902232846261336,-0.006079881489421887,-0.12402500250263594,-0.04241727237404426,-0.042415407578002086,0.0,-0.5400757756252621,0.0058270640490226105,0.006839744695718848
VFG051519,8627,8720,0.010745971948533673,0.008525986238532112,0.05169435781271538,0.04021415257857698,-0.0022199857100015617,-0.3338569957397597,-0.047967733454689854,-0.0479656592939155,0.0,-0.14232930164844104,0.0016097830992113473,0.0019680434328637245
VFG051522,8627,8720,0.010745971948533673,0.008525986238532112,0.05169435781271538,0.04021415257857698,-0.0022199857100015617,-0.3338569957397597,-0.047967733454689854,-0.0479656592939155,0.0,-0.14232930164844104,0.0016097830992113473,0.0019680434328637245
VFG051535,8347,8714,0.13205966215406734,0.09808455359192104,0.16511525830410684,0.12082988277601106,-0.03397510856214629,-0.42909195934886357,-0.23560195582663299,-0.2355915974201337,-0.3262539764471305,-0.8556257845006578,2.4026131613437587e-52,4.604077313830831e-52
VFG051538,8347,8714,0.13205966215406734,0.09808455359192104,0.16511525830410684,0.12082988277601106,-0.03397510856214629,-0.42909195934886357,-0.23560195582663299,-0.2355915974201337,-0.3262539764471305,-0.8556257845006578,2.4026131613437587e-52,4.604077313830831e-52
VFG051543,8223,8579,0.02459678949288581,0.03540997785289661,0.06861878106231957,0.03835914744629618,0.0108131883600108,0.5256857428586393,0.1956138688152195,0.1956051359232651,21.93156892999789,-0.6958179826960951,7.779288584003913e-36,1.242273990933958e-35
VFG051546,7921,8257,0.026663502083070317,0.035464539178878526,0.07294280940743246,0.038819869145063725,0.00880103709580821,0.4115107854876511,0.15151226779133384,0.15150524281871475,21.93156892999789,-0.6959390690101204,2.014765480839106e-21,3.0743828818730056e-21
VFG051551,8647,8721,0.17229263328321962,0.32051835798646944,0.2169973554378713,0.20269251878958627,0.14822572470324982,0.8955459346201076,0.7060508457357679,0.7060203524870282,1.1617978282357462,0.13397802350752622,0.0,0.0
VFG051554,8647,8721,0.1722927836243784,0.32051840385276925,0.2169974808240428,0.20269247268585744,0.14822562022839086,0.8955448821868937,0.7060502062465196,0.7060197130253985,1.1617978282357462,0.160067219828457,0.0,0.0
VFG051567,8580,8722,0.01952692307692308,0.03724763815638615,0.06374400788083626,0.02085271735676451,0.017720715079463066,0.9316839599984645,0.37490615544519795,0.37488990205329437,21.738923903580304,-0.9599395120663179,7.601459970497148e-129,2.6098345898706874e-128
VFG051568,8580,8722,0.01952692307692308,0.03724763815638615,0.06374400788083626,0.02085271735676451,0.017720715079463066,0.9316839599984645,0.37490615544519795,0.37488990205329437,21.738923903580304,-0.9599395120663179,7.601459970497148e-129,2.6098345898706874e-128
VFG051570,8580,8722,0.01952692307692308,0.03724763815638615,0.06374400788083626,0.02085271735676451,0.017720715079463066,0.9316839599984645,0.37490615544519795,0.37488990205329437,21.738923903580304,-0.9599395120663179,7.601459970497148e-129,2.6098345898706874e-128
VFG051583,8534,8712,0.09725042184204359,0.060738269054178146,0.14993522562264266,0.0709325779314133,-0.036512152787865446,-0.6790986243607416,-0.3123328370070585,-0.31231925239653263,-0.12191235903955726,-0.8888499370421947,9.452847589047059e-91,2.2775281910452565e-90
VFG051584,8534,8712,0.09723252870869464,0.060719352617079884,0.149845298751596,0.07073473531487406,-0.03651317609161476,-0.679282543564818,-0.31265631235604535,-0.31264271367627633,-0.12191235903955726,-0.8888500446439812,6.290088862566809e-91,1.5334417818801927e-90
VFG051586,8534,8712,0.09723252870869464,0.060719352617079884,0.149845298751596,0.07073473531487406,-0.03651317609161476,-0.679282543564818,-0.31265631235604535,-0.31264271367627633,-0.12191235903955726,-0.8888500446439812,6.290088862566809e-91,1.5334417818801927e-90
VFG051593,7948,8063,0.21296659536990434,0.39741488279796605,0.34438458629758617,0.28590678429279537,0.1844482874280617,0.90001871374693,0.5831620250518118,0.5831347042729385,25.144137947082612,-0.8869027195935181,6.790625485340077e-285,4.175727910388226e-284
VFG051596,7813,8058,0.21332872136183284,0.40920506329113926,0.32371519427811696,0.29189575451641325,0.19587634192930642,0.9397457489981733,0.6360220989710658,0.6359920388482314,25.32422948437767,-0.8648361709616035,0.0,0.0
VFG051601,6607,8675,0.18416662630543362,0.1088844265129683,0.23678736028764752,0.11388182536411019,-0.07528219979246532,-0.7582139699624205,-0.42348116490918875,-0.42346037851715473,-0.09953566210095491,-0.8422753267100782,1.0034850233648762e-121,3.312112198957804e-121
VFG051602,6607,8675,0.18416689874375664,0.10888468011527377,0.23678770094328624,0.11388313286790343,-0.07528221862848286,-0.7582127439731217,-0.4234796708660554,-0.42345888454735586,-0.09953566210095491,-0.8422752918156404,1.0048884098779744e-121,3.312112198957804e-121
VFG051604,6607,8675,0.18416689874375664,0.10888468011527377,0.23678770094328624,0.11388313286790343,-0.07528221862848286,-0.7582127439731217,-0.4234796708660554,-0.42345888454735586,-0.09953566210095491,-0.8422752918156404,1.0048884098779744e-121,3.312112198957804e-121
VFG051606,8644,8694,0.19936899583526144,0.14969902231423968,0.1762914498557607,0.04995924914968068,-0.04966997352102176,-0.41337624837716863,-0.38382858918376933,-0.3838119835311793,-0.22711762917408873,-0.11454457466770607,5.3566451261193104e-136,1.9359103438255753e-135
VFG051607,8644,8694,0.19936899583526144,0.14969902231423968,0.1762914498557607,0.04995924914968068,-0.04966997352102176,-0.41337624837716863,-0.38382858918376933,-0.3838119835311793,-0.22711762917408873,-0.11454457466770607,5.3566451261193104e-136,1.9359103438255753e-135
VFG051609,8644,8694,0.19937279037482647,0.1497030250747642,0.17630618852973828,0.05001969724803481,-0.04966976530006226,-0.4133651312603676,-0.3837625739681326,-0.383745971171572,-0.22711762917408873,-0.11454457466770607,5.917353436060361e-136,2.119956187527712e-135
VFG051616,8575,8693,0.09967075218658891,0.09766661681812955,0.1340735643444008,0.06973136880699578,-0.0020041353684593644,-0.029304690659876145,-0.01879165559647873,-0.018790839313276585,1.0173344505738826,-0.830827913883997,0.21878675001953193,0.24435669145355612
VFG051617,8576,8693,0.0997787546641791,0.09776883699528359,0.13444422615438234,0.07045356727144955,-0.0020099176688955084,-0.029357968863155802,-0.018762938697980222,-0.018762123709402553,1.0173344505738826,-0.8307889153393277,0.21944654329566934,0.24435669145355612
VFG051619,8575,8693,0.09974514285714285,0.09775365236397102,0.13440890788963347,0.07030749014389111,-0.0019914904931718352,-0.029095980538289906,-0.018603444792127305,-0.018602636684538924,1.0173344505738826,-0.8307718921326398,0.22342287728376778,0.24811381520461542
VFG051626,8651,8694,0.015635776210842677,0.0047410167931907065,0.0680748352384869,0.02972546273985542,-0.01089475941765197,-1.7215803124370568,-0.2075947997996137,-0.20758582220956312,0.0,-0.1611846275066913,4.375733650795471e-42,7.358376588276466e-42
VFG051627,8651,8694,0.015635776210842677,0.0047410167931907065,0.0680748352384869,0.02972546273985542,-0.01089475941765197,-1.7215803124370568,-0.2075947997996137,-0.20758582220956312,0.0,-0.1611846275066913,4.375733650795471e-42,7.358376588276466e-42
VFG051629,8651,8694,0.015635776210842677,0.0047410167931907065,0.0680748352384869,0.02972546273985542,-0.01089475941765197,-1.7215803124370568,-0.2075947997996137,-0.20758582220956312,0.0,-0.1611846275066913,4.375733650795471e-42,7.358376588276466e-42
VFG051641,8417,8682,0.14840092669597243,0.10603901174844504,0.18069464478003477,0.0733943715296282,-0.04236191494752739,-0.4849049322223941,-0.30889562192230147,-0.3088820712932964,-0.8128872375433225,-0.8355601262974196,3.3974408976821586e-87,7.776364721361386e-87
VFG051642,8417,8682,0.14840092669597243,0.10603901174844504,0.18069464478003477,0.0733943715296282,-0.04236191494752739,-0.4849049322223941,-0.30889562192230147,-0.3088820712932964,-0.8128872375433225,-0.8355601262974196,3.3974408976821586e-87,7.776364721361386e-87
VFG051644,8417,8682,0.14840092669597243,0.10603901174844504,0.18069464478003477,0.0733943715296282,-0.04236191494752739,-0.4849049322223941,-0.30889562192230147,-0.3088820712932964,-0.8128872375433225,-0.8355601262974196,3.3974408976821586e-87,7.776364721361386e-87
VFG051646,8409,8343,0.16109342371268878,0.061433369291621714,0.2530781059383053,0.12378778948063182,-0.09966005442106707,-1.3908030404002538,-0.4996639168863418,-0.49964154354120743,-1.464768324060318,-0.7990265220278833,3.407101267844312e-221,1.7329947189529094e-220
VFG051647,8314,8248,0.162712581188357,0.0629471629485936,0.2658877799912205,0.14574230914815095,-0.0997654182397634,-1.370112404473579,-0.4648196748278086,-0.46479862289428786,-1.464768324060318,-0.7987597375280194,6.865017647680994e-191,3.142652523160633e-190
VFG051649,8363,8297,0.16212611503049149,0.06253727853441003,0.26525459904554777,0.14537260609271513,-0.09958883649608145,-1.3743280117409489,-0.46512410406130317,-0.46510316227276355,-1.464768324060318,-0.7981798993486046,3.047360674397988e-192,1.4106883121932258e-191
VFG051651,8667,8695,0.08444202146071306,0.07059231742380678,0.14361289587947043,0.10175090975481878,-0.013849704036906274,-0.25844989906327,-0.11131292202592204,-0.11130811293065744,-0.2087527060010813,-0.8719627694241601,2.4207422200142627e-13,3.403910561931318e-13
VFG051652,5525,8432,1.3153883076923076,1.68283889943074,1.0738154753673594,1.0718189701641867,0.3674505917384323,0.35540831810634593,0.3425762281754818,0.3425578163679516,0.42284480754681736,0.034999334575459146,9.873179075084762e-86,2.2350273510631437e-85
VFG051654,8667,8695,0.08444202146071306,0.07059231742380678,0.14361289587947043,0.10175090975481878,-0.013849704036906274,-0.25844989906327,-0.11131292202592204,-0.11130811293065744,-0.2087527060010813,-0.8719627694241601,2.4207422200142627e-13,3.403910561931318e-13
VFG051661,8636,8721,0.22404608615099583,0.17635453503038642,0.20004398220436354,0.13227312050683965,-0.04769155112060941,-0.345316831189302,-0.2815058174805792,-0.28149365197182163,-0.06903404448173005,-0.6426014647155326,1.2455447257827191e-75,2.686724748808797e-75
VFG051663,8591,8720,0.21182463042719124,0.24869441513761467,0.2146281320989064,0.15065501800793468,0.03686978471042343,0.23150374763406562,0.19909552342487888,0.19908689647939937,0.4887561025469495,-0.3814993608630325,8.491115766998742e-39,1.4163318607301547e-38
VFG051818,8447,8702,0.016111163726766898,0.01691667432774075,0.06517035805622068,0.06640741347099001,0.0008055106009738529,0.07038522706307061,0.012241618146010613,0.012241082696808315,0.0,-0.2005220840142207,0.42274856721172094,0.4551514423371534
VFG051819,8447,8702,0.016114667929442404,0.01692008733624454,0.06521625694275861,0.06645032665809772,0.0008054194068021353,0.07036251312421253,0.012231984532451657,0.012231449504624264,0.0,-0.2005220568054812,0.4231140835318683,0.4551514423371534
VFG051821,8447,8702,0.016111163726766898,0.01691667432774075,0.06517035805622068,0.06640741347099001,0.0008055106009738529,0.07038522706307061,0.012241618146010613,0.012241082696808315,0.0,-0.2005220840142207,0.42274856721172094,0.4551514423371534
VFG051830,8695,8733,0.20678608395629675,0.11084047864422306,0.20134686744559496,0.10268271969096465,-0.09594560531207369,-0.8996541937955187,-0.6007234489022614,-0.6006975939125664,-0.8118145061778954,-0.875588151648875,0.0,0.0
VFG051833,8695,8733,0.206703645773433,0.1107456544142906,0.20124290275481038,0.10228318000979579,-0.0959579913591424,-0.9003136848117055,-0.6015314692822731,-0.6015055795155795,-0.8118145061778954,-0.8755921814942258,0.0,0.0
VFG051834,8074,8550,0.07470474362150112,0.10065316959064327,0.12787123344758322,0.06734291046767023,0.025948425969142153,0.43012079430948114,0.25600231643238697,0.2559907651975697,23.365863320743394,-0.8227794653837964,1.2521538912307413e-58,2.433431147108799e-58
