kegg_gene_id	locus_tag	pathway_id
pae:PA0552	PA0552	pae00010
pae:PA0555	PA0555	pae00010
pae:PA0887	PA0887	pae00010
pae:PA1017	PA1017	pae00010
pae:PA1498	PA1498	pae00010
pae:PA1587	PA1587	pae00010
pae:PA1770	PA1770	pae00010
pae:PA1982	PA1982	pae00010
pae:PA1984	PA1984	pae00010
pae:PA2119	PA2119	pae00010
pae:PA2250	PA2250	pae00010
pae:PA2266	PA2266	pae00010
pae:PA2275	PA2275	pae00010
pae:PA2323	PA2323	pae00010
pae:PA2555	PA2555	pae00010
pae:PA3001	PA3001	pae00010
pae:PA3193	PA3193	pae00010
pae:PA3195	PA3195	pae00010
pae:PA3629	PA3629	pae00010
pae:PA3635	PA3635	pae00010
pae:PA4022	PA4022	pae00010
pae:PA4152	PA4152	pae00010
pae:PA4329	PA4329	pae00010
pae:PA4732	PA4732	pae00010
pae:PA4733	PA4733	pae00010
pae:PA4748	PA4748	pae00010
pae:PA4829	PA4829	pae00010
pae:PA4899	PA4899	pae00010
pae:PA5015	PA5015	pae00010
pae:PA5016	PA5016	pae00010
pae:PA5110	PA5110	pae00010
pae:PA5131	PA5131	pae00010
pae:PA5192	PA5192	pae00010
pae:PA5322	PA5322	pae00010
pae:PA5422	PA5422	pae00010
pae:PA5427	PA5427	pae00010
pae:PA0795	PA0795	pae00020
pae:PA0854	PA0854	pae00020
pae:PA1562	PA1562	pae00020
pae:PA1580	PA1580	pae00020
pae:PA1581	PA1581	pae00020
pae:PA1582	PA1582	pae00020
pae:PA1583	PA1583	pae00020
pae:PA1584	PA1584	pae00020
pae:PA1585	PA1585	pae00020
pae:PA1586	PA1586	pae00020
pae:PA1587	PA1587	pae00020
pae:PA1588	PA1588	pae00020
pae:PA1589	PA1589	pae00020
pae:PA1787	PA1787	pae00020
pae:PA2250	PA2250	pae00020
pae:PA2623	PA2623	pae00020
pae:PA2624	PA2624	pae00020
pae:PA3452	PA3452	pae00020
pae:PA4152	PA4152	pae00020
pae:PA4333	PA4333	pae00020
pae:PA4470	PA4470	pae00020
pae:PA4640	PA4640	pae00020
pae:PA4829	PA4829	pae00020
pae:PA5015	PA5015	pae00020
pae:PA5016	PA5016	pae00020
pae:PA5192	PA5192	pae00020
pae:PA5435	PA5435	pae00020
pae:PA5436	PA5436	pae00020
pae:PA5445	PA5445	pae00020
pae:PA0330	PA0330	pae00030
pae:PA0548	PA0548	pae00030
pae:PA0555	PA0555	pae00030
pae:PA0607	PA0607	pae00030
pae:PA0849	PA0849	pae00030
pae:PA1499	PA1499	pae00030
pae:PA1950	PA1950	pae00030
pae:PA2261	PA2261	pae00030
pae:PA2263	PA2263	pae00030
pae:PA2264	PA2264	pae00030
pae:PA2265	PA2265	pae00030
pae:PA2266	PA2266	pae00030
pae:PA2290	PA2290	pae00030
pae:PA2321	PA2321	pae00030
pae:PA2323	PA2323	pae00030
pae:PA2796	PA2796	pae00030
pae:PA3131	PA3131	pae00030
pae:PA3181	PA3181	pae00030
pae:PA3182	PA3182	pae00030
pae:PA3183	PA3183	pae00030
pae:PA3194	PA3194	pae00030
pae:PA3373	PA3373	pae00030
pae:PA3896	PA3896	pae00030
pae:PA4204	PA4204	pae00030
pae:PA4670	PA4670	pae00030
pae:PA4732	PA4732	pae00030
pae:PA5110	PA5110	pae00030
pae:PA5322	PA5322	pae00030
pae:PA5439	PA5439	pae00030
pae:PA0224	PA0224	pae00040
pae:PA0607	PA0607	pae00040
pae:PA1253	PA1253	pae00040
pae:PA2022	PA2022	pae00040
pae:PA2023	PA2023	pae00040
pae:PA2217	PA2217	pae00040
pae:PA2343	PA2343	pae00040
pae:PA3559	PA3559	pae00040
pae:PA0224	PA0224	pae00051
pae:PA0555	PA0555	pae00051
pae:PA2232	PA2232	pae00051
pae:PA2342	PA2342	pae00051
pae:PA2344	PA2344	pae00051
pae:PA3540	PA3540	pae00051
pae:PA3541	PA3541	pae00051
pae:PA3542	PA3542	pae00051
pae:PA3545	PA3545	pae00051
pae:PA3547	PA3547	pae00051
pae:PA3551	PA3551	pae00051
pae:PA3560	PA3560	pae00051
pae:PA3561	PA3561	pae00051
pae:PA4748	PA4748	pae00051
pae:PA5110	PA5110	pae00051
pae:PA5322	PA5322	pae00051
pae:PA5452	PA5452	pae00051
pae:PA5453	PA5453	pae00051
pae:PA5454	PA5454	pae00051
pae:PA1384	PA1384	pae00052
pae:PA2023	PA2023	pae00052
pae:PA3193	PA3193	pae00052
pae:PA4068	PA4068	pae00052
pae:PA5322	PA5322	pae00052
pae:PA1253	PA1253	pae00053
pae:PA2022	PA2022	pae00053
pae:PA2215	PA2215	pae00053
pae:PA2217	PA2217	pae00053
pae:PA3559	PA3559	pae00053
pae:PA4899	PA4899	pae00053
pae:PA0098	PA0098	pae00061
pae:PA0182	PA0182	pae00061
pae:PA0493	PA0493	pae00061
pae:PA0494	PA0494	pae00061
pae:PA1373	PA1373	pae00061
pae:PA1470	PA1470	pae00061
pae:PA1609	PA1609	pae00061
pae:PA1610	PA1610	pae00061
pae:PA1617	PA1617	pae00061
pae:PA1806	PA1806	pae00061
pae:PA2950	PA2950	pae00061
pae:PA2965	PA2965	pae00061
pae:PA2967	PA2967	pae00061
pae:PA2968	PA2968	pae00061
pae:PA3112	PA3112	pae00061
pae:PA3299	PA3299	pae00061
pae:PA3300	PA3300	pae00061
pae:PA3333	PA3333	pae00061
pae:PA3639	PA3639	pae00061
pae:PA3645	PA3645	pae00061
pae:PA4089	PA4089	pae00061
pae:PA4389	PA4389	pae00061
pae:PA4786	PA4786	pae00061
pae:PA4847	PA4847	pae00061
pae:PA4848	PA4848	pae00061
pae:PA5174	PA5174	pae00061
pae:PA5524	PA5524	pae00061
pae:PA0447	PA0447	pae00071
pae:PA0879	PA0879	pae00071
pae:PA1187	PA1187	pae00071
pae:PA1525	PA1525	pae00071
pae:PA1535	PA1535	pae00071
pae:PA1617	PA1617	pae00071
pae:PA1629	PA1629	pae00071
pae:PA1736	PA1736	pae00071
pae:PA1737	PA1737	pae00071
pae:PA2001	PA2001	pae00071
pae:PA2550	PA2550	pae00071
pae:PA2552	PA2552	pae00071
pae:PA2553	PA2553	pae00071
pae:PA2574	PA2574	pae00071
pae:PA2815	PA2815	pae00071
pae:PA2940	PA2940	pae00071
pae:PA3013	PA3013	pae00071
pae:PA3014	PA3014	pae00071
pae:PA3299	PA3299	pae00071
pae:PA3300	PA3300	pae00071
pae:PA3454	PA3454	pae00071
pae:PA3591	PA3591	pae00071
pae:PA3629	PA3629	pae00071
pae:PA3925	PA3925	pae00071
pae:PA4435	PA4435	pae00071
pae:PA4785	PA4785	pae00071
pae:PA4899	PA4899	pae00071
pae:PA4979	PA4979	pae00071
pae:PA4994	PA4994	pae00071
pae:PA5349	PA5349	pae00071
pae:PA5427	PA5427	pae00071
pae:PA1165	PA1165	pae00074
pae:PA2968	PA2968	pae00074
pae:PA0655	PA0655	pae00130
pae:PA0853	PA0853	pae00130
pae:PA0865	PA0865	pae00130
pae:PA0949	PA0949	pae00130
pae:PA0968	PA0968	pae00130
pae:PA1224	PA1224	pae00130
pae:PA1225	PA1225	pae00130
pae:PA1618	PA1618	pae00130
pae:PA3171	PA3171	pae00130
pae:PA3911	PA3911	pae00130
pae:PA3912	PA3912	pae00130
pae:PA3913	PA3913	pae00130
pae:PA4019	PA4019	pae00130
pae:PA4231	PA4231	pae00130
pae:PA4975	PA4975	pae00130
pae:PA5063	PA5063	pae00130
pae:PA5221	PA5221	pae00130
pae:PA5223	PA5223	pae00130
pae:PA5237	PA5237	pae00130
pae:PA5357	PA5357	pae00130
pae:PA5358	PA5358	pae00130
pae:PA0105	PA0105	pae00190
pae:PA0106	PA0106	pae00190
pae:PA0107	PA0107	pae00190
pae:PA0108	PA0108	pae00190
pae:PA0112	PA0112	pae00190
pae:PA0113	PA0113	pae00190
pae:PA0141	PA0141	pae00190
pae:PA0518	PA0518	pae00190
pae:PA1317	PA1317	pae00190
pae:PA1318	PA1318	pae00190
pae:PA1319	PA1319	pae00190
pae:PA1320	PA1320	pae00190
pae:PA1321	PA1321	pae00190
pae:PA1552	PA1552	pae00190
pae:PA1553	PA1553	pae00190
pae:PA1554	PA1554	pae00190
pae:PA1555	PA1555	pae00190
pae:PA1556	PA1556	pae00190
pae:PA1557	PA1557	pae00190
pae:PA1581	PA1581	pae00190
pae:PA1582	PA1582	pae00190
pae:PA1583	PA1583	pae00190
pae:PA1584	PA1584	pae00190
pae:PA1856	PA1856	pae00190
pae:PA1883	PA1883	pae00190
pae:PA2428	PA2428	pae00190
pae:PA2637	PA2637	pae00190
pae:PA2638	PA2638	pae00190
pae:PA2639	PA2639	pae00190
pae:PA2640	PA2640	pae00190
pae:PA2641	PA2641	pae00190
pae:PA2642	PA2642	pae00190
pae:PA2643	PA2643	pae00190
pae:PA2644	PA2644	pae00190
pae:PA2645	PA2645	pae00190
pae:PA2646	PA2646	pae00190
pae:PA2647	PA2647	pae00190
pae:PA2648	PA2648	pae00190
pae:PA2649	PA2649	pae00190
pae:PA2691	PA2691	pae00190
pae:PA3929	PA3929	pae00190
pae:PA3930	PA3930	pae00190
pae:PA4031	PA4031	pae00190
pae:PA4133	PA4133	pae00190
pae:PA4429	PA4429	pae00190
pae:PA4430	PA4430	pae00190
pae:PA4431	PA4431	pae00190
pae:PA4538	PA4538	pae00190
pae:PA5242	PA5242	pae00190
pae:PA5553	PA5553	pae00190
pae:PA5554	PA5554	pae00190
pae:PA5555	PA5555	pae00190
pae:PA5556	PA5556	pae00190
pae:PA5557	PA5557	pae00190
pae:PA5558	PA5558	pae00190
pae:PA5559	PA5559	pae00190
pae:PA5560	PA5560	pae00190
pae:PA0296	PA0296	pae00220
pae:PA0298	PA0298	pae00220
pae:PA0530	PA0530	pae00220
pae:PA0662	PA0662	pae00220
pae:PA0870	PA0870	pae00220
pae:PA1337	PA1337	pae00220
pae:PA1566	PA1566	pae00220
pae:PA1638	PA1638	pae00220
pae:PA2040	PA2040	pae00220
pae:PA2828	PA2828	pae00220
pae:PA3068	PA3068	pae00220
pae:PA3356	PA3356	pae00220
pae:PA3525	PA3525	pae00220
pae:PA3537	PA3537	pae00220
pae:PA4402	PA4402	pae00220
pae:PA4534	PA4534	pae00220
pae:PA4588	PA4588	pae00220
pae:PA4756	PA4756	pae00220
pae:PA4758	PA4758	pae00220
pae:PA4865	PA4865	pae00220
pae:PA4867	PA4867	pae00220
pae:PA4868	PA4868	pae00220
pae:PA5119	PA5119	pae00220
pae:PA5171	PA5171	pae00220
pae:PA5172	PA5172	pae00220
pae:PA5173	PA5173	pae00220
pae:PA5204	PA5204	pae00220
pae:PA5206	PA5206	pae00220
pae:PA5263	PA5263	pae00220
pae:PA5323	PA5323	pae00220
pae:PA5390	PA5390	pae00220
pae:PA5508	PA5508	pae00220
pae:PA5522	PA5522	pae00220
pae:PA0134	PA0134	pae00230
pae:PA0148	PA0148	pae00230
pae:PA0387	PA0387	pae00230
pae:PA0590	PA0590	pae00230
pae:PA0934	PA0934	pae00230
pae:PA0935	PA0935	pae00230
pae:PA0944	PA0944	pae00230
pae:PA0945	PA0945	pae00230
pae:PA1013	PA1013	pae00230
pae:PA1124	PA1124	pae00230
pae:PA1140	PA1140	pae00230
pae:PA1155	PA1155	pae00230
pae:PA1156	PA1156	pae00230
pae:PA1393	PA1393	pae00230
pae:PA1469	PA1469	pae00230
pae:PA1514	PA1514	pae00230
pae:PA1515	PA1515	pae00230
pae:PA1516	PA1516	pae00230
pae:PA1517	PA1517	pae00230
pae:PA1518	PA1518	pae00230
pae:PA1521	PA1521	pae00230
pae:PA1523	PA1523	pae00230
pae:PA1524	PA1524	pae00230
pae:PA1543	PA1543	pae00230
pae:PA1574	PA1574	pae00230
pae:PA1920	PA1920	pae00230
pae:PA1931	PA1931	pae00230
pae:PA1932	PA1932	pae00230
pae:PA1933	PA1933	pae00230
pae:PA2499	PA2499	pae00230
pae:PA2629	PA2629	pae00230
pae:PA3043	PA3043	pae00230
pae:PA3108	PA3108	pae00230
pae:PA3217	PA3217	pae00230
pae:PA3625	PA3625	pae00230
pae:PA3686	PA3686	pae00230
pae:PA3751	PA3751	pae00230
pae:PA3763	PA3763	pae00230
pae:PA3769	PA3769	pae00230
pae:PA3770	PA3770	pae00230
pae:PA3807	PA3807	pae00230
pae:PA3970	PA3970	pae00230
pae:PA4115	PA4115	pae00230
pae:PA4442	PA4442	pae00230
pae:PA4443	PA4443	pae00230
pae:PA4543	PA4543	pae00230
pae:PA4645	PA4645	pae00230
pae:PA4670	PA4670	pae00230
pae:PA4854	PA4854	pae00230
pae:PA4855	PA4855	pae00230
pae:PA4865	PA4865	pae00230
pae:PA4867	PA4867	pae00230
pae:PA4868	PA4868	pae00230
pae:PA4938	PA4938	pae00230
pae:PA4969	PA4969	pae00230
pae:PA4971	PA4971	pae00230
pae:PA5173	PA5173	pae00230
pae:PA5176	PA5176	pae00230
pae:PA5177	PA5177	pae00230
pae:PA5241	PA5241	pae00230
pae:PA5272	PA5272	pae00230
pae:PA5298	PA5298	pae00230
pae:PA5322	PA5322	pae00230
pae:PA5336	PA5336	pae00230
pae:PA5338	PA5338	pae00230
pae:PA5425	PA5425	pae00230
pae:PA5426	PA5426	pae00230
pae:PA5497	PA5497	pae00230
pae:PA0342	PA0342	pae00240
pae:PA0401	PA0401	pae00240
pae:PA0402	PA0402	pae00240
pae:PA0403	PA0403	pae00240
pae:PA0437	PA0437	pae00240
pae:PA0439	PA0439	pae00240
pae:PA0440	PA0440	pae00240
pae:PA0441	PA0441	pae00240
pae:PA0444	PA0444	pae00240
pae:PA0560	PA0560	pae00240
pae:PA0935	PA0935	pae00240
pae:PA1155	PA1155	pae00240
pae:PA1156	PA1156	pae00240
pae:PA1574	PA1574	pae00240
pae:PA1920	PA1920	pae00240
pae:PA2876	PA2876	pae00240
pae:PA2962	PA2962	pae00240
pae:PA3050	PA3050	pae00240
pae:PA3163	PA3163	pae00240
pae:PA3480	PA3480	pae00240
pae:PA3527	PA3527	pae00240
pae:PA3625	PA3625	pae00240
pae:PA3637	PA3637	pae00240
pae:PA3654	PA3654	pae00240
pae:PA3807	PA3807	pae00240
pae:PA4115	PA4115	pae00240
pae:PA4478	PA4478	pae00240
pae:PA4646	PA4646	pae00240
pae:PA4756	PA4756	pae00240
pae:PA4758	PA4758	pae00240
pae:PA5321	PA5321	pae00240
pae:PA5331	PA5331	pae00240
pae:PA5497	PA5497	pae00240
pae:PA5541	PA5541	pae00240
pae:PA0051	PA0051	pae00250
pae:PA0265	PA0265	pae00250
pae:PA0266	PA0266	pae00250
pae:PA0296	PA0296	pae00250
pae:PA0298	PA0298	pae00250
pae:PA0402	PA0402	pae00250
pae:PA0761	PA0761	pae00250
pae:PA0782	PA0782	pae00250
pae:PA0870	PA0870	pae00250
pae:PA1337	PA1337	pae00250
pae:PA1566	PA1566	pae00250
pae:PA1638	PA1638	pae00250
pae:PA2040	PA2040	pae00250
pae:PA2084	PA2084	pae00250
pae:PA2253	PA2253	pae00250
pae:PA2629	PA2629	pae00250
pae:PA2828	PA2828	pae00250
pae:PA3068	PA3068	pae00250
pae:PA3108	PA3108	pae00250
pae:PA3356	PA3356	pae00250
pae:PA3459	PA3459	pae00250
pae:PA3525	PA3525	pae00250
pae:PA3759	PA3759	pae00250
pae:PA3797	PA3797	pae00250
pae:PA4588	PA4588	pae00250
pae:PA4756	PA4756	pae00250
pae:PA4758	PA4758	pae00250
pae:PA4938	PA4938	pae00250
pae:PA5035	PA5035	pae00250
pae:PA5036	PA5036	pae00250
pae:PA5119	PA5119	pae00250
pae:PA5263	PA5263	pae00250
pae:PA5429	PA5429	pae00250
pae:PA5508	PA5508	pae00250
pae:PA5522	PA5522	pae00250
pae:PA5549	PA5549	pae00250
pae:PA0035	PA0035	pae00260
pae:PA0036	PA0036	pae00260
pae:PA0316	PA0316	pae00260
pae:PA0331	PA0331	pae00260
pae:PA0399	PA0399	pae00260
pae:PA0400	PA0400	pae00260
pae:PA0421	PA0421	pae00260
pae:PA0851	PA0851	pae00260
pae:PA0902	PA0902	pae00260
pae:PA0904	PA0904	pae00260
pae:PA1052	PA1052	pae00260
pae:PA1326	PA1326	pae00260
pae:PA1499	PA1499	pae00260
pae:PA1587	PA1587	pae00260
pae:PA1757	PA1757	pae00260
pae:PA2250	PA2250	pae00260
pae:PA2413	PA2413	pae00260
pae:PA2442	PA2442	pae00260
pae:PA2443	PA2443	pae00260
pae:PA2444	PA2444	pae00260
pae:PA2445	PA2445	pae00260
pae:PA2446	PA2446	pae00260
pae:PA3117	PA3117	pae00260
pae:PA3167	PA3167	pae00260
pae:PA3357	PA3357	pae00260
pae:PA3735	PA3735	pae00260
pae:PA3736	PA3736	pae00260
pae:PA3896	PA3896	pae00260
pae:PA4602	PA4602	pae00260
pae:PA4626	PA4626	pae00260
pae:PA4693	PA4693	pae00260
pae:PA4796	PA4796	pae00260
pae:PA4829	PA4829	pae00260
pae:PA4960	PA4960	pae00260
pae:PA5131	PA5131	pae00260
pae:PA5213	PA5213	pae00260
pae:PA5214	PA5214	pae00260
pae:PA5215	PA5215	pae00260
pae:PA5372	PA5372	pae00260
pae:PA5373	PA5373	pae00260
pae:PA5379	PA5379	pae00260
pae:PA5398	PA5398	pae00260
pae:PA5399	PA5399	pae00260
pae:PA5400	PA5400	pae00260
pae:PA5401	PA5401	pae00260
pae:PA5410	PA5410	pae00260
pae:PA5411	PA5411	pae00260
pae:PA5413	PA5413	pae00260
pae:PA5415	PA5415	pae00260
pae:PA5416	PA5416	pae00260
pae:PA5417	PA5417	pae00260
pae:PA5418	PA5418	pae00260
pae:PA5419	PA5419	pae00260
pae:PA5495	PA5495	pae00260
pae:PA0223	PA0223	pae00261
pae:PA0904	PA0904	pae00261
pae:PA1010	PA1010	pae00261
pae:PA2412	PA2412	pae00261
pae:PA3117	PA3117	pae00261
pae:PA4188	PA4188	pae00261
pae:PA4442	PA4442	pae00261
pae:PA4443	PA4443	pae00261
pae:PA4759	PA4759	pae00261
pae:PA0316	PA0316	pae00270
pae:PA0390	PA0390	pae00270
pae:PA0399	PA0399	pae00270
pae:PA0400	PA0400	pae00270
pae:PA0432	PA0432	pae00270
pae:PA0546	PA0546	pae00270
pae:PA0654	PA0654	pae00270
pae:PA0870	PA0870	pae00270
pae:PA0904	PA0904	pae00270
pae:PA0932	PA0932	pae00270
pae:PA1061	PA1061	pae00270
pae:PA1292	PA1292	pae00270
pae:PA1432	PA1432	pae00270
pae:PA1469	PA1469	pae00270
pae:PA1683	PA1683	pae00270
pae:PA1684	PA1684	pae00270
pae:PA1685	PA1685	pae00270
pae:PA1687	PA1687	pae00270
pae:PA1843	PA1843	pae00270
pae:PA1927	PA1927	pae00270
pae:PA2104	PA2104	pae00270
pae:PA2105	PA2105	pae00270
pae:PA2443	PA2443	pae00270
pae:PA2709	PA2709	pae00270
pae:PA2822	PA2822	pae00270
pae:PA3004	PA3004	pae00270
pae:PA3107	PA3107	pae00270
pae:PA3117	PA3117	pae00270
pae:PA3139	PA3139	pae00270
pae:PA3167	PA3167	pae00270
pae:PA3169	PA3169	pae00270
pae:PA3170	PA3170	pae00270
pae:PA3476	PA3476	pae00270
pae:PA3736	PA3736	pae00270
pae:PA3816	PA3816	pae00270
pae:PA4543	PA4543	pae00270
pae:PA4773	PA4773	pae00270
pae:PA4774	PA4774	pae00270
pae:PA4956	PA4956	pae00270
pae:PA5013	PA5013	pae00270
pae:PA5025	PA5025	pae00270
pae:PA5203	PA5203	pae00270
pae:PA5379	PA5379	pae00270
pae:PA0130	PA0130	pae00280
pae:PA0132	PA0132	pae00280
pae:PA0747	PA0747	pae00280
pae:PA0879	PA0879	pae00280
pae:PA1535	PA1535	pae00280
pae:PA1587	PA1587	pae00280
pae:PA1629	PA1629	pae00280
pae:PA1736	PA1736	pae00280
pae:PA1737	PA1737	pae00280
pae:PA1997	PA1997	pae00280
pae:PA1999	PA1999	pae00280
pae:PA2000	PA2000	pae00280
pae:PA2001	PA2001	pae00280
pae:PA2011	PA2011	pae00280
pae:PA2012	PA2012	pae00280
pae:PA2013	PA2013	pae00280
pae:PA2014	PA2014	pae00280
pae:PA2015	PA2015	pae00280
pae:PA2247	PA2247	pae00280
pae:PA2248	PA2248	pae00280
pae:PA2249	PA2249	pae00280
pae:PA2250	PA2250	pae00280
pae:PA2550	PA2550	pae00280
pae:PA2552	PA2552	pae00280
pae:PA2553	PA2553	pae00280
pae:PA2940	PA2940	pae00280
pae:PA3013	PA3013	pae00280
pae:PA3014	PA3014	pae00280
pae:PA3415	PA3415	pae00280
pae:PA3416	PA3416	pae00280
pae:PA3417	PA3417	pae00280
pae:PA3418	PA3418	pae00280
pae:PA3454	PA3454	pae00280
pae:PA3569	PA3569	pae00280
pae:PA3570	PA3570	pae00280
pae:PA3591	PA3591	pae00280
pae:PA3925	PA3925	pae00280
pae:PA4785	PA4785	pae00280
pae:PA4829	PA4829	pae00280
pae:PA4899	PA4899	pae00280
pae:PA4979	PA4979	pae00280
pae:PA4994	PA4994	pae00280
pae:PA5013	PA5013	pae00280
pae:PA5313	PA5313	pae00280
pae:PA0331	PA0331	pae00290
pae:PA0353	PA0353	pae00290
pae:PA0851	PA0851	pae00290
pae:PA1326	PA1326	pae00290
pae:PA1417	PA1417	pae00290
pae:PA2035	PA2035	pae00290
pae:PA2828	PA2828	pae00290
pae:PA3118	PA3118	pae00290
pae:PA3120	PA3120	pae00290
pae:PA3121	PA3121	pae00290
pae:PA3418	PA3418	pae00290
pae:PA3506	PA3506	pae00290
pae:PA3792	PA3792	pae00290
pae:PA4180	PA4180	pae00290
pae:PA4694	PA4694	pae00290
pae:PA4695	PA4695	pae00290
pae:PA4696	PA4696	pae00290
pae:PA5013	PA5013	pae00290
pae:PA0223	PA0223	pae00300
pae:PA0530	PA0530	pae00300
pae:PA0904	PA0904	pae00300
pae:PA1010	PA1010	pae00300
pae:PA1162	PA1162	pae00300
pae:PA1654	PA1654	pae00300
pae:PA3117	PA3117	pae00300
pae:PA3659	PA3659	pae00300
pae:PA3666	PA3666	pae00300
pae:PA3736	PA3736	pae00300
pae:PA4188	PA4188	pae00300
pae:PA4416	PA4416	pae00300
pae:PA4417	PA4417	pae00300
pae:PA4759	PA4759	pae00300
pae:PA5277	PA5277	pae00300
pae:PA5278	PA5278	pae00300
pae:PA0265	PA0265	pae00310
pae:PA0266	PA0266	pae00310
pae:PA0446	PA0446	pae00310
pae:PA0447	PA0447	pae00310
pae:PA1027	PA1027	pae00310
pae:PA1028	PA1028	pae00310
pae:PA1252	PA1252	pae00310
pae:PA1586	PA1586	pae00310
pae:PA1587	PA1587	pae00310
pae:PA1629	PA1629	pae00310
pae:PA1736	PA1736	pae00310
pae:PA1737	PA1737	pae00310
pae:PA2001	PA2001	pae00310
pae:PA2250	PA2250	pae00310
pae:PA2553	PA2553	pae00310
pae:PA3014	PA3014	pae00310
pae:PA3591	PA3591	pae00310
pae:PA3925	PA3925	pae00310
pae:PA4785	PA4785	pae00310
pae:PA4829	PA4829	pae00310
pae:PA4899	PA4899	pae00310
pae:PA0202	PA0202	pae00330
pae:PA0219	PA0219	pae00330
pae:PA0221	PA0221	pae00330
pae:PA0292	PA0292	pae00330
pae:PA0293	PA0293	pae00330
pae:PA0299	PA0299	pae00330
pae:PA0393	PA0393	pae00330
pae:PA0421	PA0421	pae00330
pae:PA0437	PA0437	pae00330
pae:PA0654	PA0654	pae00330
pae:PA0704	PA0704	pae00330
pae:PA0782	PA0782	pae00330
pae:PA0870	PA0870	pae00330
pae:PA0895	PA0895	pae00330
pae:PA0896	PA0896	pae00330
pae:PA0897	PA0897	pae00330
pae:PA0898	PA0898	pae00330
pae:PA0899	PA0899	pae00330
pae:PA0901	PA0901	pae00330
pae:PA1255	PA1255	pae00330
pae:PA1259	PA1259	pae00330
pae:PA1421	PA1421	pae00330
pae:PA1565	PA1565	pae00330
pae:PA1687	PA1687	pae00330
pae:PA1818	PA1818	pae00330
pae:PA2317	PA2317	pae00330
pae:PA2776	PA2776	pae00330
pae:PA3366	PA3366	pae00330
pae:PA3713	PA3713	pae00330
pae:PA4007	PA4007	pae00330
pae:PA4114	PA4114	pae00330
pae:PA4163	PA4163	pae00330
pae:PA4189	PA4189	pae00330
pae:PA4342	PA4342	pae00330
pae:PA4519	PA4519	pae00330
pae:PA4565	PA4565	pae00330
pae:PA4773	PA4773	pae00330
pae:PA4774	PA4774	pae00330
pae:PA4839	PA4839	pae00330
pae:PA4899	PA4899	pae00330
pae:PA4976	PA4976	pae00330
pae:PA4977	PA4977	pae00330
pae:PA5080	PA5080	pae00330
pae:PA5309	PA5309	pae00330
pae:PA5312	PA5312	pae00330
pae:PA4007	PA4007	pae00332
pae:PA4565	PA4565	pae00332
pae:PA0335	PA0335	pae00340
pae:PA0421	PA0421	pae00340
pae:PA1143	PA1143	pae00340
pae:PA2531	PA2531	pae00340
pae:PA3151	PA3151	pae00340
pae:PA3152	PA3152	pae00340
pae:PA3165	PA3165	pae00340
pae:PA3175	PA3175	pae00340
pae:PA4447	PA4447	pae00340
pae:PA4448	PA4448	pae00340
pae:PA4449	PA4449	pae00340
pae:PA4899	PA4899	pae00340
pae:PA4939	PA4939	pae00340
pae:PA5066	PA5066	pae00340
pae:PA5067	PA5067	pae00340
pae:PA5091	PA5091	pae00340
pae:PA5092	PA5092	pae00340
pae:PA5093	PA5093	pae00340
pae:PA5098	PA5098	pae00340
pae:PA5100	PA5100	pae00340
pae:PA5106	PA5106	pae00340
pae:PA5140	PA5140	pae00340
pae:PA5141	PA5141	pae00340
pae:PA5142	PA5142	pae00340
pae:PA5143	PA5143	pae00340
pae:PA5203	PA5203	pae00340
pae:PA0265	PA0265	pae00350
pae:PA0421	PA0421	pae00350
pae:PA0865	PA0865	pae00350
pae:PA0870	PA0870	pae00350
pae:PA1966	PA1966	pae00350
pae:PA2007	PA2007	pae00350
pae:PA2008	PA2008	pae00350
pae:PA2009	PA2009	pae00350
pae:PA2470	PA2470	pae00350
pae:PA2471	PA2471	pae00350
pae:PA2473	PA2473	pae00350
pae:PA2531	PA2531	pae00350
pae:PA3139	PA3139	pae00350
pae:PA3165	PA3165	pae00350
pae:PA3629	PA3629	pae00350
pae:PA4073	PA4073	pae00350
pae:PA4091	PA4091	pae00350
pae:PA4092	PA4092	pae00350
pae:PA4121	PA4121	pae00350
pae:PA4122	PA4122	pae00350
pae:PA4123	PA4123	pae00350
pae:PA4124	PA4124	pae00350
pae:PA4125	PA4125	pae00350
pae:PA4127	PA4127	pae00350
pae:PA4128	PA4128	pae00350
pae:PA4447	PA4447	pae00350
pae:PA5427	PA5427	pae00350
pae:PA0202	PA0202	pae00360
pae:PA0421	PA0421	pae00360
pae:PA0704	PA0704	pae00360
pae:PA0865	PA0865	pae00360
pae:PA0870	PA0870	pae00360
pae:PA0872	PA0872	pae00360
pae:PA1377	PA1377	pae00360
pae:PA1628	PA1628	pae00360
pae:PA1629	PA1629	pae00360
pae:PA2531	PA2531	pae00360
pae:PA3139	PA3139	pae00360
pae:PA3165	PA3165	pae00360
pae:PA3366	PA3366	pae00360
pae:PA3590	PA3590	pae00360
pae:PA3591	PA3591	pae00360
pae:PA4073	PA4073	pae00360
pae:PA4163	PA4163	pae00360
pae:PA4342	PA4342	pae00360
pae:PA4447	PA4447	pae00360
pae:PA4980	PA4980	pae00360
pae:PA5084	PA5084	pae00360
pae:PA5304	PA5304	pae00360
pae:PA0810	PA0810	pae00361
pae:PA2086	PA2086	pae00361
pae:PA2507	PA2507	pae00361
pae:PA2509	PA2509	pae00361
pae:PA2682	PA2682	pae00361
pae:PA3498	PA3498	pae00361
pae:PA0153	PA0153	pae00362
pae:PA0154	PA0154	pae00362
pae:PA0228	PA0228	pae00362
pae:PA0230	PA0230	pae00362
pae:PA0231	PA0231	pae00362
pae:PA0232	PA0232	pae00362
pae:PA0247	PA0247	pae00362
pae:PA0447	PA0447	pae00362
pae:PA0480	PA0480	pae00362
pae:PA0968	PA0968	pae00362
pae:PA1628	PA1628	pae00362
pae:PA1629	PA1629	pae00362
pae:PA1736	PA1736	pae00362
pae:PA1737	PA1737	pae00362
pae:PA2001	PA2001	pae00362
pae:PA2507	PA2507	pae00362
pae:PA2508	PA2508	pae00362
pae:PA2509	PA2509	pae00362
pae:PA2515	PA2515	pae00362
pae:PA2516	PA2516	pae00362
pae:PA2517	PA2517	pae00362
pae:PA2518	PA2518	pae00362
pae:PA2553	PA2553	pae00362
pae:PA2940	PA2940	pae00362
pae:PA3013	PA3013	pae00362
pae:PA3014	PA3014	pae00362
pae:PA3226	PA3226	pae00362
pae:PA3454	PA3454	pae00362
pae:PA3590	PA3590	pae00362
pae:PA3591	PA3591	pae00362
pae:PA3809	PA3809	pae00362
pae:PA3925	PA3925	pae00362
pae:PA4486	PA4486	pae00362
pae:PA4785	PA4785	pae00362
pae:PA2507	PA2507	pae00364
pae:PA2509	PA2509	pae00364
pae:PA2515	PA2515	pae00364
pae:PA2516	PA2516	pae00364
pae:PA2517	PA2517	pae00364
pae:PA2518	PA2518	pae00364
pae:PA2682	PA2682	pae00364
pae:PA0202	PA0202	pae00380
pae:PA0421	PA0421	pae00380
pae:PA0447	PA0447	pae00380
pae:PA0704	PA0704	pae00380
pae:PA1586	PA1586	pae00380
pae:PA1587	PA1587	pae00380
pae:PA1629	PA1629	pae00380
pae:PA1736	PA1736	pae00380
pae:PA1737	PA1737	pae00380
pae:PA2001	PA2001	pae00380
pae:PA2080	PA2080	pae00380
pae:PA2081	PA2081	pae00380
pae:PA2147	PA2147	pae00380
pae:PA2250	PA2250	pae00380
pae:PA2553	PA2553	pae00380
pae:PA2579	PA2579	pae00380
pae:PA3014	PA3014	pae00380
pae:PA3366	PA3366	pae00380
pae:PA3591	PA3591	pae00380
pae:PA3925	PA3925	pae00380
pae:PA4163	PA4163	pae00380
pae:PA4236	PA4236	pae00380
pae:PA4342	PA4342	pae00380
pae:PA4613	PA4613	pae00380
pae:PA4785	PA4785	pae00380
pae:PA4829	PA4829	pae00380
pae:PA4899	PA4899	pae00380
pae:PA0025	PA0025	pae00400
pae:PA0035	PA0035	pae00400
pae:PA0036	PA0036	pae00400
pae:PA0242	PA0242	pae00400
pae:PA0244	PA0244	pae00400
pae:PA0245	PA0245	pae00400
pae:PA0609	PA0609	pae00400
pae:PA0649	PA0649	pae00400
pae:PA0650	PA0650	pae00400
pae:PA0651	PA0651	pae00400
pae:PA0870	PA0870	pae00400
pae:PA0872	PA0872	pae00400
pae:PA1001	PA1001	pae00400
pae:PA1002	PA1002	pae00400
pae:PA1681	PA1681	pae00400
pae:PA1750	PA1750	pae00400
pae:PA1901	PA1901	pae00400
pae:PA2531	PA2531	pae00400
pae:PA2843	PA2843	pae00400
pae:PA2943	PA2943	pae00400
pae:PA3113	PA3113	pae00400
pae:PA3139	PA3139	pae00400
pae:PA3165	PA3165	pae00400
pae:PA3166	PA3166	pae00400
pae:PA3475	PA3475	pae00400
pae:PA4212	PA4212	pae00400
pae:PA4447	PA4447	pae00400
pae:PA4846	PA4846	pae00400
pae:PA5038	PA5038	pae00400
pae:PA5039	PA5039	pae00400
pae:PA5184	PA5184	pae00400
pae:PA0870	PA0870	pae00401
pae:PA2531	PA2531	pae00401
pae:PA3139	PA3139	pae00401
pae:PA3165	PA3165	pae00401
pae:PA4447	PA4447	pae00401
pae:PA0609	PA0609	pae00405
pae:PA0649	PA0649	pae00405
pae:PA0996	PA0996	pae00405
pae:PA0997	PA0997	pae00405
pae:PA0998	PA0998	pae00405
pae:PA0999	PA0999	pae00405
pae:PA1000	PA1000	pae00405
pae:PA1001	PA1001	pae00405
pae:PA1002	PA1002	pae00405
pae:PA1899	PA1899	pae00405
pae:PA1900	PA1900	pae00405
pae:PA1902	PA1902	pae00405
pae:PA1903	PA1903	pae00405
pae:PA1904	PA1904	pae00405
pae:PA1905	PA1905	pae00405
pae:PA2587	PA2587	pae00405
pae:PA4209	PA4209	pae00405
pae:PA4210	PA4210	pae00405
pae:PA4211	PA4211	pae00405
pae:PA4213	PA4213	pae00405
pae:PA4214	PA4214	pae00405
pae:PA4215	PA4215	pae00405
pae:PA4216	PA4216	pae00405
pae:PA4217	PA4217	pae00405
pae:PA0130	PA0130	pae00410
pae:PA0132	PA0132	pae00410
pae:PA0439	PA0439	pae00410
pae:PA0440	PA0440	pae00410
pae:PA0441	PA0441	pae00410
pae:PA0444	PA0444	pae00410
pae:PA0747	PA0747	pae00410
pae:PA1629	PA1629	pae00410
pae:PA1737	PA1737	pae00410
pae:PA2552	PA2552	pae00410
pae:PA3014	PA3014	pae00410
pae:PA3570	PA3570	pae00410
pae:PA3591	PA3591	pae00410
pae:PA3713	PA3713	pae00410
pae:PA4730	PA4730	pae00410
pae:PA4731	PA4731	pae00410
pae:PA4899	PA4899	pae00410
pae:PA5313	PA5313	pae00410
pae:PA0164	PA0164	pae00430
pae:PA0361	PA0361	pae00430
pae:PA0835	PA0835	pae00430
pae:PA0836	PA0836	pae00430
pae:PA1338	PA1338	pae00430
pae:PA3068	PA3068	pae00430
pae:PA3935	PA3935	pae00430
pae:PA1310	PA1310	pae00440
pae:PA1311	PA1311	pae00440
pae:PA3372	PA3372	pae00440
pae:PA3374	PA3374	pae00440
pae:PA3375	PA3375	pae00440
pae:PA3377	PA3377	pae00440
pae:PA3378	PA3378	pae00440
pae:PA3379	PA3379	pae00440
pae:PA3380	PA3380	pae00440
pae:PA0400	PA0400	pae00450
pae:PA1642	PA1642	pae00450
pae:PA1843	PA1843	pae00450
pae:PA1927	PA1927	pae00450
pae:PA2616	PA2616	pae00450
pae:PA3482	PA3482	pae00450
pae:PA4442	PA4442	pae00450
pae:PA4443	PA4443	pae00450
pae:PA4808	PA4808	pae00450
pae:PA0164	PA0164	pae00460
pae:PA0361	PA0361	pae00460
pae:PA1338	PA1338	pae00460
pae:PA1726	PA1726	pae00460
pae:PA2193	PA2193	pae00460
pae:PA2194	PA2194	pae00460
pae:PA2195	PA2195	pae00460
pae:PA2253	PA2253	pae00460
pae:PA2444	PA2444	pae00460
pae:PA4602	PA4602	pae00460
pae:PA5415	PA5415	pae00460
pae:PA1253	PA1253	pae00470
pae:PA1254	PA1254	pae00470
pae:PA1266	PA1266	pae00470
pae:PA1267	PA1267	pae00470
pae:PA1268	PA1268	pae00470
pae:PA1337	PA1337	pae00470
pae:PA1638	PA1638	pae00470
pae:PA2217	PA2217	pae00470
pae:PA3357	PA3357	pae00470
pae:PA3862	PA3862	pae00470
pae:PA3863	PA3863	pae00470
pae:PA4201	PA4201	pae00470
pae:PA4410	PA4410	pae00470
pae:PA4414	PA4414	pae00470
pae:PA4662	PA4662	pae00470
pae:PA4835	PA4835	pae00470
pae:PA4836	PA4836	pae00470
pae:PA4930	PA4930	pae00470
pae:PA5084	PA5084	pae00470
pae:PA5277	PA5277	pae00470
pae:PA5278	PA5278	pae00470
pae:PA5302	PA5302	pae00470
pae:PA5304	PA5304	pae00470
pae:PA0164	PA0164	pae00480
pae:PA0361	PA0361	pae00480
pae:PA0407	PA0407	pae00480
pae:PA0473	PA0473	pae00480
pae:PA0492	PA0492	pae00480
pae:PA0838	PA0838	pae00480
pae:PA1287	PA1287	pae00480
pae:PA1338	PA1338	pae00480
pae:PA1466	PA1466	pae00480
pae:PA1655	PA1655	pae00480
pae:PA1687	PA1687	pae00480
pae:PA1890	PA1890	pae00480
pae:PA2025	PA2025	pae00480
pae:PA2110	PA2110	pae00480
pae:PA2111	PA2111	pae00480
pae:PA2112	PA2112	pae00480
pae:PA2181	PA2181	pae00480
pae:PA2263	PA2263	pae00480
pae:PA2623	PA2623	pae00480
pae:PA2624	PA2624	pae00480
pae:PA2813	PA2813	pae00480
pae:PA2821	PA2821	pae00480
pae:PA2826	PA2826	pae00480
pae:PA3035	PA3035	pae00480
pae:PA3083	PA3083	pae00480
pae:PA3183	PA3183	pae00480
pae:PA3831	PA3831	pae00480
pae:PA4401	PA4401	pae00480
pae:PA4509	PA4509	pae00480
pae:PA4510	PA4510	pae00480
pae:PA4511	PA4511	pae00480
pae:PA4519	PA4519	pae00480
pae:PA4774	PA4774	pae00480
pae:PA5203	PA5203	pae00480
pae:PA5439	PA5439	pae00480
pae:PA1726	PA1726	pae00500
pae:PA2023	PA2023	pae00500
pae:PA2144	PA2144	pae00500
pae:PA2151	PA2151	pae00500
pae:PA2152	PA2152	pae00500
pae:PA2153	PA2153	pae00500
pae:PA2160	PA2160	pae00500
pae:PA2162	PA2162	pae00500
pae:PA2163	PA2163	pae00500
pae:PA2164	PA2164	pae00500
pae:PA2165	PA2165	pae00500
pae:PA2344	PA2344	pae00500
pae:PA2416	PA2416	pae00500
pae:PA3193	PA3193	pae00500
pae:PA4732	PA4732	pae00500
pae:PA5322	PA5322	pae00500
pae:PA0596	PA0596	pae00520
pae:PA0597	PA0597	pae00520
pae:PA0666	PA0666	pae00520
pae:PA1384	PA1384	pae00520
pae:PA2022	PA2022	pae00520
pae:PA2023	PA2023	pae00520
pae:PA2232	PA2232	pae00520
pae:PA2300	PA2300	pae00520
pae:PA2344	PA2344	pae00520
pae:PA2977	PA2977	pae00520
pae:PA3005	PA3005	pae00520
pae:PA3172	PA3172	pae00520
pae:PA3193	PA3193	pae00520
pae:PA3540	PA3540	pae00520
pae:PA3551	PA3551	pae00520
pae:PA3559	PA3559	pae00520
pae:PA3758	PA3758	pae00520
pae:PA3759	PA3759	pae00520
pae:PA3761	PA3761	pae00520
pae:PA4068	PA4068	pae00520
pae:PA4450	PA4450	pae00520
pae:PA4732	PA4732	pae00520
pae:PA4749	PA4749	pae00520
pae:PA5163	PA5163	pae00520
pae:PA5322	PA5322	pae00520
pae:PA5452	PA5452	pae00520
pae:PA5549	PA5549	pae00520
pae:PA5552	PA5552	pae00520
pae:PA3193	PA3193	pae00521
pae:PA3818	PA3818	pae00521
pae:PA4069	PA4069	pae00521
pae:PA5161	PA5161	pae00521
pae:PA5162	PA5162	pae00521
pae:PA5163	PA5163	pae00521
pae:PA5164	PA5164	pae00521
pae:PA5322	PA5322	pae00521
pae:PA4069	PA4069	pae00523
pae:PA5161	PA5161	pae00523
pae:PA5162	PA5162	pae00523
pae:PA5163	PA5163	pae00523
pae:PA5164	PA5164	pae00523
pae:PA5161	PA5161	pae00525
pae:PA5163	PA5163	pae00525
pae:PA0011	PA0011	pae00540
pae:PA0936	PA0936	pae00540
pae:PA1792	PA1792	pae00540
pae:PA1972	PA1972	pae00540
pae:PA2981	PA2981	pae00540
pae:PA3242	PA3242	pae00540
pae:PA3310	PA3310	pae00540
pae:PA3556	PA3556	pae00540
pae:PA3643	PA3643	pae00540
pae:PA3644	PA3644	pae00540
pae:PA3646	PA3646	pae00540
pae:PA4406	PA4406	pae00540
pae:PA4512	PA4512	pae00540
pae:PA4517	PA4517	pae00540
pae:PA4661	PA4661	pae00540
pae:PA4988	PA4988	pae00540
pae:PA4999	PA4999	pae00540
pae:PA5009	PA5009	pae00540
pae:PA5010	PA5010	pae00540
pae:PA5011	PA5011	pae00540
pae:PA5012	PA5012	pae00540
pae:PA0006	PA0006	pae00541
pae:PA2022	PA2022	pae00541
pae:PA2023	PA2023	pae00541
pae:PA2232	PA2232	pae00541
pae:PA2979	PA2979	pae00541
pae:PA3141	PA3141	pae00541
pae:PA3146	PA3146	pae00541
pae:PA3148	PA3148	pae00541
pae:PA3150	PA3150	pae00541
pae:PA3155	PA3155	pae00541
pae:PA3156	PA3156	pae00541
pae:PA3158	PA3158	pae00541
pae:PA3159	PA3159	pae00541
pae:PA3337	PA3337	pae00541
pae:PA3551	PA3551	pae00541
pae:PA3552	PA3552	pae00541
pae:PA3553	PA3553	pae00541
pae:PA3554	PA3554	pae00541
pae:PA3555	PA3555	pae00541
pae:PA3559	PA3559	pae00541
pae:PA3636	PA3636	pae00541
pae:PA4069	PA4069	pae00541
pae:PA4425	PA4425	pae00541
pae:PA4457	PA4457	pae00541
pae:PA4458	PA4458	pae00541
pae:PA4996	PA4996	pae00541
pae:PA5161	PA5161	pae00541
pae:PA5162	PA5162	pae00541
pae:PA5163	PA5163	pae00541
pae:PA5164	PA5164	pae00541
pae:PA5236	PA5236	pae00541
pae:PA5452	PA5452	pae00541
pae:PA5453	PA5453	pae00541
pae:PA5454	PA5454	pae00541
pae:PA5552	PA5552	pae00541
pae:PA2105	PA2105	pae00543
pae:PA2231	PA2231	pae00543
pae:PA2233	PA2233	pae00543
pae:PA2236	PA2236	pae00543
pae:PA2238	PA2238	pae00543
pae:PA2239	PA2239	pae00543
pae:PA3541	PA3541	pae00543
pae:PA3542	PA3542	pae00543
pae:PA3546	PA3546	pae00543
pae:PA3548	PA3548	pae00543
pae:PA3549	PA3549	pae00543
pae:PA3550	PA3550	pae00543
pae:PA3816	PA3816	pae00543
pae:PA0378	PA0378	pae00550
pae:PA1959	PA1959	pae00550
pae:PA2272	PA2272	pae00550
pae:PA2977	PA2977	pae00550
pae:PA3047	PA3047	pae00550
pae:PA3652	PA3652	pae00550
pae:PA3999	PA3999	pae00550
pae:PA4002	PA4002	pae00550
pae:PA4003	PA4003	pae00550
pae:PA4201	PA4201	pae00550
pae:PA4410	PA4410	pae00550
pae:PA4411	PA4411	pae00550
pae:PA4412	PA4412	pae00550
pae:PA4413	PA4413	pae00550
pae:PA4414	PA4414	pae00550
pae:PA4415	PA4415	pae00550
pae:PA4416	PA4416	pae00550
pae:PA4417	PA4417	pae00550
pae:PA4418	PA4418	pae00550
pae:PA4450	PA4450	pae00550
pae:PA4700	PA4700	pae00550
pae:PA5045	PA5045	pae00550
pae:PA1959	PA1959	pae00552
pae:PA3141	PA3141	pae00552
pae:PA0005	PA0005	pae00561
pae:PA0581	PA0581	pae00561
pae:PA1052	PA1052	pae00561
pae:PA1487	PA1487	pae00561
pae:PA1499	PA1499	pae00561
pae:PA2275	PA2275	pae00561
pae:PA2862	PA2862	pae00561
pae:PA2969	PA2969	pae00561
pae:PA3579	PA3579	pae00561
pae:PA3582	PA3582	pae00561
pae:PA3603	PA3603	pae00561
pae:PA3673	PA3673	pae00561
pae:PA4813	PA4813	pae00561
pae:PA4899	PA4899	pae00561
pae:PA0130	PA0130	pae00562
pae:PA0747	PA0747	pae00562
pae:PA0844	PA0844	pae00562
pae:PA3319	PA3319	pae00562
pae:PA3570	PA3570	pae00562
pae:PA3818	PA3818	pae00562
pae:PA4748	PA4748	pae00562
pae:PA0005	PA0005	pae00564
pae:PA0347	PA0347	pae00564
pae:PA0581	PA0581	pae00564
pae:PA0844	PA0844	pae00564
pae:PA1489	PA1489	pae00564
pae:PA1614	PA1614	pae00564
pae:PA2155	PA2155	pae00564
pae:PA2352	PA2352	pae00564
pae:PA2536	PA2536	pae00564
pae:PA2584	PA2584	pae00564
pae:PA2990	PA2990	pae00564
pae:PA3025	PA3025	pae00564
pae:PA3319	PA3319	pae00564
pae:PA3584	PA3584	pae00564
pae:PA3603	PA3603	pae00564
pae:PA3651	PA3651	pae00564
pae:PA3673	PA3673	pae00564
pae:PA3857	PA3857	pae00564
pae:PA4024	PA4024	pae00564
pae:PA4025	PA4025	pae00564
pae:PA4050	PA4050	pae00564
pae:PA4339	PA4339	pae00564
pae:PA4693	PA4693	pae00564
pae:PA4957	PA4957	pae00564
pae:PA5292	PA5292	pae00564
pae:PA5310	PA5310	pae00564
pae:PA5394	PA5394	pae00564
pae:PA0844	PA0844	pae00565
pae:PA3026	PA3026	pae00565
pae:PA3319	PA3319	pae00565
pae:PA2940	PA2940	pae00592
pae:PA3013	PA3013	pae00592
pae:PA3454	PA3454	pae00592
pae:PA0183	PA0183	pae00600
pae:PA0845	PA0845	pae00600
pae:PA0318	PA0318	pae00620
pae:PA0482	PA0482	pae00620
pae:PA0493	PA0493	pae00620
pae:PA0494	PA0494	pae00620
pae:PA0710	PA0710	pae00620
pae:PA0832	PA0832	pae00620
pae:PA0835	PA0835	pae00620
pae:PA0836	PA0836	pae00620
pae:PA0854	PA0854	pae00620
pae:PA0887	PA0887	pae00620
pae:PA0927	PA0927	pae00620
pae:PA0954	PA0954	pae00620
pae:PA1017	PA1017	pae00620
pae:PA1135	PA1135	pae00620
pae:PA1498	PA1498	pae00620
pae:PA1587	PA1587	pae00620
pae:PA1736	PA1736	pae00620
pae:PA1770	PA1770	pae00620
pae:PA1813	PA1813	pae00620
pae:PA1982	PA1982	pae00620
pae:PA1984	PA1984	pae00620
pae:PA2001	PA2001	pae00620
pae:PA2108	PA2108	pae00620
pae:PA2119	PA2119	pae00620
pae:PA2250	PA2250	pae00620
pae:PA2266	PA2266	pae00620
pae:PA2275	PA2275	pae00620
pae:PA2382	PA2382	pae00620
pae:PA2553	PA2553	pae00620
pae:PA2555	PA2555	pae00620
pae:PA3112	PA3112	pae00620
pae:PA3452	PA3452	pae00620
pae:PA3471	PA3471	pae00620
pae:PA3524	PA3524	pae00620
pae:PA3629	PA3629	pae00620
pae:PA3639	PA3639	pae00620
pae:PA3687	PA3687	pae00620
pae:PA3792	PA3792	pae00620
pae:PA3896	PA3896	pae00620
pae:PA3925	PA3925	pae00620
pae:PA4022	PA4022	pae00620
pae:PA4152	PA4152	pae00620
pae:PA4329	PA4329	pae00620
pae:PA4333	PA4333	pae00620
pae:PA4470	PA4470	pae00620
pae:PA4640	PA4640	pae00620
pae:PA4733	PA4733	pae00620
pae:PA4771	PA4771	pae00620
pae:PA4772	PA4772	pae00620
pae:PA4785	PA4785	pae00620
pae:PA4829	PA4829	pae00620
pae:PA4847	PA4847	pae00620
pae:PA4848	PA4848	pae00620
pae:PA4872	PA4872	pae00620
pae:PA4899	PA4899	pae00620
pae:PA5015	PA5015	pae00620
pae:PA5016	PA5016	pae00620
pae:PA5046	PA5046	pae00620
pae:PA5111	PA5111	pae00620
pae:PA5192	PA5192	pae00620
pae:PA5297	PA5297	pae00620
pae:PA5427	PA5427	pae00620
pae:PA5435	PA5435	pae00620
pae:PA5436	PA5436	pae00620
pae:PA5445	PA5445	pae00620
pae:PA2083	PA2083	pae00622
pae:PA2085	PA2085	pae00622
pae:PA2515	PA2515	pae00622
pae:PA2516	PA2516	pae00622
pae:PA2517	PA2517	pae00622
pae:PA2518	PA2518	pae00622
pae:PA2507	PA2507	pae00623
pae:PA2509	PA2509	pae00623
pae:PA0810	PA0810	pae00625
pae:PA1982	PA1982	pae00625
pae:PA2086	PA2086	pae00625
pae:PA3629	PA3629	pae00625
pae:PA4899	PA4899	pae00625
pae:PA5421	PA5421	pae00625
pae:PA5427	PA5427	pae00625
pae:PA3629	PA3629	pae00626
pae:PA5427	PA5427	pae00626
pae:PA0202	PA0202	pae00627
pae:PA0704	PA0704	pae00627
pae:PA0954	PA0954	pae00627
pae:PA1208	PA1208	pae00627
pae:PA1629	PA1629	pae00627
pae:PA2512	PA2512	pae00627
pae:PA2513	PA2513	pae00627
pae:PA2514	PA2514	pae00627
pae:PA3366	PA3366	pae00627
pae:PA3591	PA3591	pae00627
pae:PA4019	PA4019	pae00627
pae:PA4163	PA4163	pae00627
pae:PA4342	PA4342	pae00627
pae:PA4901	PA4901	pae00627
pae:PA4904	PA4904	pae00627
pae:PA4905	PA4905	pae00627
pae:PA0065	PA0065	pae00630
pae:PA0296	PA0296	pae00630
pae:PA0298	PA0298	pae00630
pae:PA0482	PA0482	pae00630
pae:PA0608	PA0608	pae00630
pae:PA0795	PA0795	pae00630
pae:PA0887	PA0887	pae00630
pae:PA1052	PA1052	pae00630
pae:PA1499	PA1499	pae00630
pae:PA1500	PA1500	pae00630
pae:PA1501	PA1501	pae00630
pae:PA1502	PA1502	pae00630
pae:PA1562	PA1562	pae00630
pae:PA1566	PA1566	pae00630
pae:PA1580	PA1580	pae00630
pae:PA1587	PA1587	pae00630
pae:PA1654	PA1654	pae00630
pae:PA1736	PA1736	pae00630
pae:PA1787	PA1787	pae00630
pae:PA2001	PA2001	pae00630
pae:PA2040	PA2040	pae00630
pae:PA2081	PA2081	pae00630
pae:PA2147	PA2147	pae00630
pae:PA2250	PA2250	pae00630
pae:PA2442	PA2442	pae00630
pae:PA2444	PA2444	pae00630
pae:PA2445	PA2445	pae00630
pae:PA2446	PA2446	pae00630
pae:PA2553	PA2553	pae00630
pae:PA2555	PA2555	pae00630
pae:PA2634	PA2634	pae00630
pae:PA2974	PA2974	pae00630
pae:PA3131	PA3131	pae00630
pae:PA3181	PA3181	pae00630
pae:PA3302	PA3302	pae00630
pae:PA3356	PA3356	pae00630
pae:PA3896	PA3896	pae00630
pae:PA3925	PA3925	pae00630
pae:PA4236	PA4236	pae00630
pae:PA4314	PA4314	pae00630
pae:PA4602	PA4602	pae00630
pae:PA4613	PA4613	pae00630
pae:PA4626	PA4626	pae00630
pae:PA4733	PA4733	pae00630
pae:PA4785	PA4785	pae00630
pae:PA4796	PA4796	pae00630
pae:PA4810	PA4810	pae00630
pae:PA4811	PA4811	pae00630
pae:PA4812	PA4812	pae00630
pae:PA4829	PA4829	pae00630
pae:PA5091	PA5091	pae00630
pae:PA5119	PA5119	pae00630
pae:PA5213	PA5213	pae00630
pae:PA5214	PA5214	pae00630
pae:PA5215	PA5215	pae00630
pae:PA5353	PA5353	pae00630
pae:PA5354	PA5354	pae00630
pae:PA5355	PA5355	pae00630
pae:PA5415	PA5415	pae00630
pae:PA5420	PA5420	pae00630
pae:PA5508	PA5508	pae00630
pae:PA5522	PA5522	pae00630
pae:PA1334	PA1334	pae00633
pae:PA2932	PA2932	pae00633
pae:PA0130	PA0130	pae00640
pae:PA0132	PA0132	pae00640
pae:PA0493	PA0493	pae00640
pae:PA0494	PA0494	pae00640
pae:PA0747	PA0747	pae00640
pae:PA0792	PA0792	pae00640
pae:PA0793	PA0793	pae00640
pae:PA0794	PA0794	pae00640
pae:PA0795	PA0795	pae00640
pae:PA0796	PA0796	pae00640
pae:PA0835	PA0835	pae00640
pae:PA0836	PA0836	pae00640
pae:PA0887	PA0887	pae00640
pae:PA1017	PA1017	pae00640
pae:PA1562	PA1562	pae00640
pae:PA1587	PA1587	pae00640
pae:PA1588	PA1588	pae00640
pae:PA1589	PA1589	pae00640
pae:PA1629	PA1629	pae00640
pae:PA1737	PA1737	pae00640
pae:PA1787	PA1787	pae00640
pae:PA1833	PA1833	pae00640
pae:PA2247	PA2247	pae00640
pae:PA2248	PA2248	pae00640
pae:PA2249	PA2249	pae00640
pae:PA2250	PA2250	pae00640
pae:PA2552	PA2552	pae00640
pae:PA2555	PA2555	pae00640
pae:PA2634	PA2634	pae00640
pae:PA3014	PA3014	pae00640
pae:PA3112	PA3112	pae00640
pae:PA3415	PA3415	pae00640
pae:PA3416	PA3416	pae00640
pae:PA3417	PA3417	pae00640
pae:PA3568	PA3568	pae00640
pae:PA3570	PA3570	pae00640
pae:PA3591	PA3591	pae00640
pae:PA3639	PA3639	pae00640
pae:PA4733	PA4733	pae00640
pae:PA4829	PA4829	pae00640
pae:PA4847	PA4847	pae00640
pae:PA4848	PA4848	pae00640
pae:PA5313	PA5313	pae00640
pae:PA0202	PA0202	pae00643
pae:PA0226	PA0226	pae00643
pae:PA0227	PA0227	pae00643
pae:PA0704	PA0704	pae00643
pae:PA2007	PA2007	pae00643
pae:PA2008	PA2008	pae00643
pae:PA2009	PA2009	pae00643
pae:PA2473	PA2473	pae00643
pae:PA3366	PA3366	pae00643
pae:PA4073	PA4073	pae00643
pae:PA4163	PA4163	pae00643
pae:PA4342	PA4342	pae00643
pae:PA0226	PA0226	pae00650
pae:PA0227	PA0227	pae00650
pae:PA0265	PA0265	pae00650
pae:PA0266	PA0266	pae00650
pae:PA1417	PA1417	pae00650
pae:PA1581	PA1581	pae00650
pae:PA1582	PA1582	pae00650
pae:PA1583	PA1583	pae00650
pae:PA1584	PA1584	pae00650
pae:PA1628	PA1628	pae00650
pae:PA1629	PA1629	pae00650
pae:PA1736	PA1736	pae00650
pae:PA1737	PA1737	pae00650
pae:PA1997	PA1997	pae00650
pae:PA1999	PA1999	pae00650
pae:PA2000	PA2000	pae00650
pae:PA2001	PA2001	pae00650
pae:PA2003	PA2003	pae00650
pae:PA2011	PA2011	pae00650
pae:PA2035	PA2035	pae00650
pae:PA2119	PA2119	pae00650
pae:PA2552	PA2552	pae00650
pae:PA2553	PA2553	pae00650
pae:PA2950	PA2950	pae00650
pae:PA3014	PA3014	pae00650
pae:PA3302	PA3302	pae00650
pae:PA3506	PA3506	pae00650
pae:PA3590	PA3590	pae00650
pae:PA3591	PA3591	pae00650
pae:PA3925	PA3925	pae00650
pae:PA4097	PA4097	pae00650
pae:PA4148	PA4148	pae00650
pae:PA4153	PA4153	pae00650
pae:PA4180	PA4180	pae00650
pae:PA4695	PA4695	pae00650
pae:PA4696	PA4696	pae00650
pae:PA4785	PA4785	pae00650
pae:PA5056	PA5056	pae00650
pae:PA5058	PA5058	pae00650
pae:PA5445	PA5445	pae00650
pae:PA0878	PA0878	pae00660
pae:PA0882	PA0882	pae00660
pae:PA0883	PA0883	pae00660
pae:PA1417	PA1417	pae00660
pae:PA1588	PA1588	pae00660
pae:PA1589	PA1589	pae00660
pae:PA2035	PA2035	pae00660
pae:PA3118	PA3118	pae00660
pae:PA3120	PA3120	pae00660
pae:PA3121	PA3121	pae00660
pae:PA3506	PA3506	pae00660
pae:PA4180	PA4180	pae00660
pae:PA4695	PA4695	pae00660
pae:PA4696	PA4696	pae00660
pae:PA0342	PA0342	pae00670
pae:PA0350	PA0350	pae00670
pae:PA0399	PA0399	pae00670
pae:PA0400	PA0400	pae00670
pae:PA0430	PA0430	pae00670
pae:PA0432	PA0432	pae00670
pae:PA0546	PA0546	pae00670
pae:PA0944	PA0944	pae00670
pae:PA1587	PA1587	pae00670
pae:PA1796	PA1796	pae00670
pae:PA1843	PA1843	pae00670
pae:PA2250	PA2250	pae00670
pae:PA2442	PA2442	pae00670
pae:PA2444	PA2444	pae00670
pae:PA2445	PA2445	pae00670
pae:PA2446	PA2446	pae00670
pae:PA3437	PA3437	pae00670
pae:PA4314	PA4314	pae00670
pae:PA4602	PA4602	pae00670
pae:PA4796	PA4796	pae00670
pae:PA4829	PA4829	pae00670
pae:PA4854	PA4854	pae00670
pae:PA5213	PA5213	pae00670
pae:PA5214	PA5214	pae00670
pae:PA5215	PA5215	pae00670
pae:PA5228	PA5228	pae00670
pae:PA5372	PA5372	pae00670
pae:PA5373	PA5373	pae00670
pae:PA5415	PA5415	pae00670
pae:PA5420	PA5420	pae00670
pae:PA0316	PA0316	pae00680
pae:PA0555	PA0555	pae00680
pae:PA0835	PA0835	pae00680
pae:PA0836	PA0836	pae00680
pae:PA0887	PA0887	pae00680
pae:PA1499	PA1499	pae00680
pae:PA1757	PA1757	pae00680
pae:PA1770	PA1770	pae00680
pae:PA2444	PA2444	pae00680
pae:PA2555	PA2555	pae00680
pae:PA3167	PA3167	pae00680
pae:PA3628	PA3628	pae00680
pae:PA3629	PA3629	pae00680
pae:PA3635	PA3635	pae00680
pae:PA3687	PA3687	pae00680
pae:PA4602	PA4602	pae00680
pae:PA4626	PA4626	pae00680
pae:PA4733	PA4733	pae00680
pae:PA4810	PA4810	pae00680
pae:PA4811	PA4811	pae00680
pae:PA4812	PA4812	pae00680
pae:PA4960	PA4960	pae00680
pae:PA5110	PA5110	pae00680
pae:PA5131	PA5131	pae00680
pae:PA5415	PA5415	pae00680
pae:PA5421	PA5421	pae00680
pae:PA0330	PA0330	pae00710
pae:PA0548	PA0548	pae00710
pae:PA0552	PA0552	pae00710
pae:PA0555	PA0555	pae00710
pae:PA0607	PA0607	pae00710
pae:PA2796	PA2796	pae00710
pae:PA3001	PA3001	pae00710
pae:PA3195	PA3195	pae00710
pae:PA3687	PA3687	pae00710
pae:PA4748	PA4748	pae00710
pae:PA5046	PA5046	pae00710
pae:PA5110	PA5110	pae00710
pae:PA5192	PA5192	pae00710
pae:PA0430	PA0430	pae00720
pae:PA0493	PA0493	pae00720
pae:PA0494	PA0494	pae00720
pae:PA0835	PA0835	pae00720
pae:PA0836	PA0836	pae00720
pae:PA0854	PA0854	pae00720
pae:PA0887	PA0887	pae00720
pae:PA1562	PA1562	pae00720
pae:PA1581	PA1581	pae00720
pae:PA1582	PA1582	pae00720
pae:PA1583	PA1583	pae00720
pae:PA1584	PA1584	pae00720
pae:PA1588	PA1588	pae00720
pae:PA1589	PA1589	pae00720
pae:PA1736	PA1736	pae00720
pae:PA1770	PA1770	pae00720
pae:PA1787	PA1787	pae00720
pae:PA1796	PA1796	pae00720
pae:PA2001	PA2001	pae00720
pae:PA2553	PA2553	pae00720
pae:PA2555	PA2555	pae00720
pae:PA2623	PA2623	pae00720
pae:PA2624	PA2624	pae00720
pae:PA3112	PA3112	pae00720
pae:PA3639	PA3639	pae00720
pae:PA3687	PA3687	pae00720
pae:PA3925	PA3925	pae00720
pae:PA4333	PA4333	pae00720
pae:PA4470	PA4470	pae00720
pae:PA4733	PA4733	pae00720
pae:PA4785	PA4785	pae00720
pae:PA4847	PA4847	pae00720
pae:PA4848	PA4848	pae00720
pae:PA5435	PA5435	pae00720
pae:PA5436	PA5436	pae00720
pae:PA0381	PA0381	pae00730
pae:PA2062	PA2062	pae00730
pae:PA3296	PA3296	pae00730
pae:PA3686	PA3686	pae00730
pae:PA3814	PA3814	pae00730
pae:PA3975	PA3975	pae00730
pae:PA3976	PA3976	pae00730
pae:PA4044	PA4044	pae00730
pae:PA4051	PA4051	pae00730
pae:PA4548	PA4548	pae00730
pae:PA4952	PA4952	pae00730
pae:PA4973	PA4973	pae00730
pae:PA5118	PA5118	pae00730
pae:PA0190	PA0190	pae00740
pae:PA1274	PA1274	pae00740
pae:PA2357	PA2357	pae00740
pae:PA3446	PA3446	pae00740
pae:PA4019	PA4019	pae00740
pae:PA4047	PA4047	pae00740
pae:PA4053	PA4053	pae00740
pae:PA4054	PA4054	pae00740
pae:PA4055	PA4055	pae00740
pae:PA4056	PA4056	pae00740
pae:PA4092	PA4092	pae00740
pae:PA4561	PA4561	pae00740
pae:PA4971	PA4971	pae00740
pae:PA5281	PA5281	pae00740
pae:PA0551	PA0551	pae00750
pae:PA0593	PA0593	pae00750
pae:PA0773	PA0773	pae00750
pae:PA1049	PA1049	pae00750
pae:PA1375	PA1375	pae00750
pae:PA2212	PA2212	pae00750
pae:PA3167	PA3167	pae00750
pae:PA3735	PA3735	pae00750
pae:PA5516	PA5516	pae00750
pae:PA0093	PA0093	pae00760
pae:PA0195	PA0195	pae00760
pae:PA0196	PA0196	pae00760
pae:PA0265	PA0265	pae00760
pae:PA0761	PA0761	pae00760
pae:PA0935	PA0935	pae00760
pae:PA1004	PA1004	pae00760
pae:PA1125	PA1125	pae00760
pae:PA1197	PA1197	pae00760
pae:PA1601	PA1601	pae00760
pae:PA1602	PA1602	pae00760
pae:PA1823	PA1823	pae00760
pae:PA2141	PA2141	pae00760
pae:PA2991	PA2991	pae00760
pae:PA3088	PA3088	pae00760
pae:PA3505	PA3505	pae00760
pae:PA3618	PA3618	pae00760
pae:PA3625	PA3625	pae00760
pae:PA4006	PA4006	pae00760
pae:PA4376	PA4376	pae00760
pae:PA4524	PA4524	pae00760
pae:PA4918	PA4918	pae00760
pae:PA4919	PA4919	pae00760
pae:PA4920	PA4920	pae00760
pae:PA0353	PA0353	pae00770
pae:PA0363	PA0363	pae00770
pae:PA0439	PA0439	pae00770
pae:PA0440	PA0440	pae00770
pae:PA0441	PA0441	pae00770
pae:PA0444	PA0444	pae00770
pae:PA0935	PA0935	pae00770
pae:PA1165	PA1165	pae00770
pae:PA1417	PA1417	pae00770
pae:PA1598	PA1598	pae00770
pae:PA1752	PA1752	pae00770
pae:PA2035	PA2035	pae00770
pae:PA3506	PA3506	pae00770
pae:PA4180	PA4180	pae00770
pae:PA4279	PA4279	pae00770
pae:PA4353	PA4353	pae00770
pae:PA4397	PA4397	pae00770
pae:PA4529	PA4529	pae00770
pae:PA4694	PA4694	pae00770
pae:PA4695	PA4695	pae00770
pae:PA4696	PA4696	pae00770
pae:PA4729	PA4729	pae00770
pae:PA4730	PA4730	pae00770
pae:PA4731	PA4731	pae00770
pae:PA4899	PA4899	pae00770
pae:PA5013	PA5013	pae00770
pae:PA5320	PA5320	pae00770
pae:PA0098	PA0098	pae00780
pae:PA0182	PA0182	pae00780
pae:PA0420	PA0420	pae00780
pae:PA0500	PA0500	pae00780
pae:PA0501	PA0501	pae00780
pae:PA0502	PA0502	pae00780
pae:PA0503	PA0503	pae00780
pae:PA0504	PA0504	pae00780
pae:PA1373	PA1373	pae00780
pae:PA1470	PA1470	pae00780
pae:PA1609	PA1609	pae00780
pae:PA1806	PA1806	pae00780
pae:PA2965	PA2965	pae00780
pae:PA2967	PA2967	pae00780
pae:PA3645	PA3645	pae00780
pae:PA4089	PA4089	pae00780
pae:PA4280	PA4280	pae00780
pae:PA4389	PA4389	pae00780
pae:PA4786	PA4786	pae00780
pae:PA5524	PA5524	pae00780
pae:PA1585	PA1585	pae00785
pae:PA1586	PA1586	pae00785
pae:PA1587	PA1587	pae00785
pae:PA2247	PA2247	pae00785
pae:PA2248	PA2248	pae00785
pae:PA2249	PA2249	pae00785
pae:PA2250	PA2250	pae00785
pae:PA2442	PA2442	pae00785
pae:PA2445	PA2445	pae00785
pae:PA2446	PA2446	pae00785
pae:PA3415	PA3415	pae00785
pae:PA3416	PA3416	pae00785
pae:PA3417	PA3417	pae00785
pae:PA3996	PA3996	pae00785
pae:PA3997	PA3997	pae00785
pae:PA4152	PA4152	pae00785
pae:PA4796	PA4796	pae00785
pae:PA4829	PA4829	pae00785
pae:PA5015	PA5015	pae00785
pae:PA5016	PA5016	pae00785
pae:PA5213	PA5213	pae00785
pae:PA5214	PA5214	pae00785
pae:PA5215	PA5215	pae00785
pae:PA0350	PA0350	pae00790
pae:PA0582	PA0582	pae00790
pae:PA0583	PA0583	pae00790
pae:PA0871	PA0871	pae00790
pae:PA0872	PA0872	pae00790
pae:PA0975	PA0975	pae00790
pae:PA0976	PA0976	pae00790
pae:PA1505	PA1505	pae00790
pae:PA1674	PA1674	pae00790
pae:PA1758	PA1758	pae00790
pae:PA2666	PA2666	pae00790
pae:PA2806	PA2806	pae00790
pae:PA2964	PA2964	pae00790
pae:PA3028	PA3028	pae00790
pae:PA3029	PA3029	pae00790
pae:PA3030	PA3030	pae00790
pae:PA3111	PA3111	pae00790
pae:PA3296	PA3296	pae00790
pae:PA3437	PA3437	pae00790
pae:PA3438	PA3438	pae00790
pae:PA3439	PA3439	pae00790
pae:PA3870	PA3870	pae00790
pae:PA3910	PA3910	pae00790
pae:PA3914	PA3914	pae00790
pae:PA3915	PA3915	pae00790
pae:PA3916	PA3916	pae00790
pae:PA3918	PA3918	pae00790
pae:PA4047	PA4047	pae00790
pae:PA4054	PA4054	pae00790
pae:PA4728	PA4728	pae00790
pae:PA4750	PA4750	pae00790
pae:PA5539	PA5539	pae00790
pae:PA0024	PA0024	pae00860
pae:PA0112	PA0112	pae00860
pae:PA0113	PA0113	pae00860
pae:PA0509	PA0509	pae00860
pae:PA0510	PA0510	pae00860
pae:PA0512	PA0512	pae00860
pae:PA0513	PA0513	pae00860
pae:PA0514	PA0514	pae00860
pae:PA0515	PA0515	pae00860
pae:PA0661	PA0661	pae00860
pae:PA0672	PA0672	pae00860
pae:PA1272	PA1272	pae00860
pae:PA1273	PA1273	pae00860
pae:PA1275	PA1275	pae00860
pae:PA1276	PA1276	pae00860
pae:PA1277	PA1277	pae00860
pae:PA1278	PA1278	pae00860
pae:PA1279	PA1279	pae00860
pae:PA1280	PA1280	pae00860
pae:PA1281	PA1281	pae00860
pae:PA1321	PA1321	pae00860
pae:PA1546	PA1546	pae00860
pae:PA1778	PA1778	pae00860
pae:PA1923	PA1923	pae00860
pae:PA2611	PA2611	pae00860
pae:PA2903	PA2903	pae00860
pae:PA2904	PA2904	pae00860
pae:PA2905	PA2905	pae00860
pae:PA2906	PA2906	pae00860
pae:PA2907	PA2907	pae00860
pae:PA2908	PA2908	pae00860
pae:PA2909	PA2909	pae00860
pae:PA2942	PA2942	pae00860
pae:PA2944	PA2944	pae00860
pae:PA2947	PA2947	pae00860
pae:PA2948	PA2948	pae00860
pae:PA3134	PA3134	pae00860
pae:PA3531	PA3531	pae00860
pae:PA3977	PA3977	pae00860
pae:PA4088	PA4088	pae00860
pae:PA4235	PA4235	pae00860
pae:PA4388	PA4388	pae00860
pae:PA4399	PA4399	pae00860
pae:PA4655	PA4655	pae00860
pae:PA4666	PA4666	pae00860
pae:PA4880	PA4880	pae00860
pae:PA5034	PA5034	pae00860
pae:PA5243	PA5243	pae00860
pae:PA5258	PA5258	pae00860
pae:PA5259	PA5259	pae00860
pae:PA5260	PA5260	pae00860
pae:PA5523	PA5523	pae00860
pae:PA1736	PA1736	pae00900
pae:PA2001	PA2001	pae00900
pae:PA2553	PA2553	pae00900
pae:PA3627	PA3627	pae00900
pae:PA3633	PA3633	pae00900
pae:PA3650	PA3650	pae00900
pae:PA3652	PA3652	pae00900
pae:PA3803	PA3803	pae00900
pae:PA3925	PA3925	pae00900
pae:PA4019	PA4019	pae00900
pae:PA4043	PA4043	pae00900
pae:PA4044	PA4044	pae00900
pae:PA4557	PA4557	pae00900
pae:PA4569	PA4569	pae00900
pae:PA4669	PA4669	pae00900
pae:PA4785	PA4785	pae00900
pae:PA1629	PA1629	pae00907
pae:PA1737	PA1737	pae00907
pae:PA2011	PA2011	pae00907
pae:PA2887	PA2887	pae00907
pae:PA2888	PA2888	pae00907
pae:PA2889	PA2889	pae00907
pae:PA2890	PA2890	pae00907
pae:PA2891	PA2891	pae00907
pae:PA2892	PA2892	pae00907
pae:PA2893	PA2893	pae00907
pae:PA2940	PA2940	pae00907
pae:PA3013	PA3013	pae00907
pae:PA3014	PA3014	pae00907
pae:PA3454	PA3454	pae00907
pae:PA3591	PA3591	pae00907
pae:PA0102	PA0102	pae00910
pae:PA0296	PA0296	pae00910
pae:PA0298	PA0298	pae00910
pae:PA0519	PA0519	pae00910
pae:PA0523	PA0523	pae00910
pae:PA0524	PA0524	pae00910
pae:PA0660	PA0660	pae00910
pae:PA1173	PA1173	pae00910
pae:PA1174	PA1174	pae00910
pae:PA1566	PA1566	pae00910
pae:PA1779	PA1779	pae00910
pae:PA1780	PA1780	pae00910
pae:PA1781	PA1781	pae00910
pae:PA1783	PA1783	pae00910
pae:PA2040	PA2040	pae00910
pae:PA2052	PA2052	pae00910
pae:PA2053	PA2053	pae00910
pae:PA3068	PA3068	pae00910
pae:PA3356	PA3356	pae00910
pae:PA3392	PA3392	pae00910
pae:PA3872	PA3872	pae00910
pae:PA3874	PA3874	pae00910
pae:PA3875	PA3875	pae00910
pae:PA3876	PA3876	pae00910
pae:PA3877	PA3877	pae00910
pae:PA4202	PA4202	pae00910
pae:PA4588	PA4588	pae00910
pae:PA4676	PA4676	pae00910
pae:PA5035	PA5035	pae00910
pae:PA5036	PA5036	pae00910
pae:PA5119	PA5119	pae00910
pae:PA5173	PA5173	pae00910
pae:PA5508	PA5508	pae00910
pae:PA5522	PA5522	pae00910
pae:PA0184	PA0184	pae00920
pae:PA0185	PA0185	pae00920
pae:PA0186	PA0186	pae00920
pae:PA0280	PA0280	pae00920
pae:PA0281	PA0281	pae00920
pae:PA0282	PA0282	pae00920
pae:PA0283	PA0283	pae00920
pae:PA0390	PA0390	pae00920
pae:PA0506	PA0506	pae00920
pae:PA0507	PA0507	pae00920
pae:PA0508	PA0508	pae00920
pae:PA0589	PA0589	pae00920
pae:PA1284	PA1284	pae00920
pae:PA1292	PA1292	pae00920
pae:PA1393	PA1393	pae00920
pae:PA1493	PA1493	pae00920
pae:PA1756	PA1756	pae00920
pae:PA1838	PA1838	pae00920
pae:PA2104	PA2104	pae00920
pae:PA2105	PA2105	pae00920
pae:PA2294	PA2294	pae00920
pae:PA2295	PA2295	pae00920
pae:PA2296	PA2296	pae00920
pae:PA2307	PA2307	pae00920
pae:PA2308	PA2308	pae00920
pae:PA2309	PA2309	pae00920
pae:PA2345	PA2345	pae00920
pae:PA2356	PA2356	pae00920
pae:PA2357	PA2357	pae00920
pae:PA2481	PA2481	pae00920
pae:PA2566	PA2566	pae00920
pae:PA2594	PA2594	pae00920
pae:PA2595	PA2595	pae00920
pae:PA2596	PA2596	pae00920
pae:PA2598	PA2598	pae00920
pae:PA2599	PA2599	pae00920
pae:PA2600	PA2600	pae00920
pae:PA2709	PA2709	pae00920
pae:PA3107	PA3107	pae00920
pae:PA3442	PA3442	pae00920
pae:PA3443	PA3443	pae00920
pae:PA3444	PA3444	pae00920
pae:PA3445	PA3445	pae00920
pae:PA3446	PA3446	pae00920
pae:PA3447	PA3447	pae00920
pae:PA3448	PA3448	pae00920
pae:PA3449	PA3449	pae00920
pae:PA3816	PA3816	pae00920
pae:PA3935	PA3935	pae00920
pae:PA3936	PA3936	pae00920
pae:PA3937	PA3937	pae00920
pae:PA3938	PA3938	pae00920
pae:PA3954	PA3954	pae00920
pae:PA4130	PA4130	pae00920
pae:PA4198	PA4198	pae00920
pae:PA4199	PA4199	pae00920
pae:PA4442	PA4442	pae00920
pae:PA4443	PA4443	pae00920
pae:PA4513	PA4513	pae00920
pae:PA4571	PA4571	pae00920
pae:PA4956	PA4956	pae00920
pae:PA5175	PA5175	pae00920
pae:PA5187	PA5187	pae00920
pae:PA1525	PA1525	pae00930
pae:PA1629	PA1629	pae00930
pae:PA1631	PA1631	pae00930
pae:PA1737	PA1737	pae00930
pae:PA2574	PA2574	pae00930
pae:PA3014	PA3014	pae00930
pae:PA3591	PA3591	pae00930
pae:PA1726	PA1726	pae00946
pae:PA0008	PA0008	pae00970
pae:PA0009	PA0009	pae00970
pae:PA0018	PA0018	pae00970
pae:PA0263	PA0263	pae00970
pae:PA0574	PA0574	pae00970
pae:PA0668	PA0668	pae00970
pae:PA0729	PA0729	pae00970
pae:PA0903	PA0903	pae00970
pae:PA0905	PA0905	pae00970
pae:PA0922	PA0922	pae00970
pae:PA0956	PA0956	pae00970
pae:PA0963	PA0963	pae00970
pae:PA0976	PA0976	pae00970
pae:PA1013	PA1013	pae00970
pae:PA1794	PA1794	pae00970
pae:PA1795	PA1795	pae00970
pae:PA1796	PA1796	pae00970
pae:PA1804	PA1804	pae00970
pae:PA2570	PA2570	pae00970
pae:PA2581	PA2581	pae00970
pae:PA2583	PA2583	pae00970
pae:PA2603	PA2603	pae00970
pae:PA2612	PA2612	pae00970
pae:PA2736	PA2736	pae00970
pae:PA2739	PA2739	pae00970
pae:PA2740	PA2740	pae00970
pae:PA2744	PA2744	pae00970
pae:PA2775	PA2775	pae00970
pae:PA2819	PA2819	pae00970
pae:PA2852	PA2852	pae00970
pae:PA3031	PA3031	pae00970
pae:PA3094	PA3094	pae00970
pae:PA3133	PA3133	pae00970
pae:PA3134	PA3134	pae00970
pae:PA3139	PA3139	pae00970
pae:PA3262	PA3262	pae00970
pae:PA3368	PA3368	pae00970
pae:PA3482	PA3482	pae00970
pae:PA3700	PA3700	pae00970
pae:PA3802	PA3802	pae00970
pae:PA3824	PA3824	pae00970
pae:PA3834	PA3834	pae00970
pae:PA3987	PA3987	pae00970
pae:PA4138	PA4138	pae00970
pae:PA4276	PA4276	pae00970
pae:PA4277	PA4277	pae00970
pae:PA4280	PA4280	pae00970
pae:PA4439	PA4439	pae00970
pae:PA4482	PA4482	pae00970
pae:PA4483	PA4483	pae00970
pae:PA4484	PA4484	pae00970
pae:PA4524	PA4524	pae00970
pae:PA4541	PA4541	pae00970
pae:PA4560	PA4560	pae00970
pae:PA4581	PA4581	pae00970
pae:PA4669	PA4669	pae00970
pae:PA4673	PA4673	pae00970
pae:PA4690	PA4690	pae00970
pae:PA4746	PA4746	pae00970
pae:PA4802	PA4802	pae00970
pae:PA4808	PA4808	pae00970
pae:PA4937	PA4937	pae00970
pae:PA5051	PA5051	pae00970
pae:PA5149	PA5149	pae00970
pae:PA5160	PA5160	pae00970
pae:PA5369	PA5369	pae00970
pae:PA1188	PA1188	pae00984
pae:PA2940	PA2940	pae00984
pae:PA3013	PA3013	pae00984
pae:PA3454	PA3454	pae00984
pae:PA2254	PA2254	pae00997
pae:PA2255	PA2255	pae00997
pae:PA2256	PA2256	pae00997
pae:PA2257	PA2257	pae00997
pae:PA0025	PA0025	pae00999
pae:PA0546	PA0546	pae00999
pae:PA1726	PA1726	pae00999
pae:PA0286	PA0286	pae01040
pae:PA2856	PA2856	pae01040
pae:PA3942	PA3942	pae01040
pae:PA4888	PA4888	pae01040
pae:PA4889	PA4889	pae01040
pae:PA5371	PA5371	pae01040
pae:PA1165	PA1165	pae01053
pae:PA4224	PA4224	pae01053
pae:PA4225	PA4225	pae01053
pae:PA4226	PA4226	pae01053
pae:PA4228	PA4228	pae01053
pae:PA4230	PA4230	pae01053
pae:PA4231	PA4231	pae01053
pae:PA0005	PA0005	pae01100
pae:PA0006	PA0006	pae01100
pae:PA0011	PA0011	pae01100
pae:PA0018	PA0018	pae01100
pae:PA0024	PA0024	pae01100
pae:PA0025	PA0025	pae01100
pae:PA0035	PA0035	pae01100
pae:PA0036	PA0036	pae01100
pae:PA0051	PA0051	pae01100
pae:PA0065	PA0065	pae01100
pae:PA0098	PA0098	pae01100
pae:PA0102	PA0102	pae01100
pae:PA0105	PA0105	pae01100
pae:PA0106	PA0106	pae01100
pae:PA0107	PA0107	pae01100
pae:PA0108	PA0108	pae01100
pae:PA0112	PA0112	pae01100
pae:PA0113	PA0113	pae01100
pae:PA0130	PA0130	pae01100
pae:PA0132	PA0132	pae01100
pae:PA0134	PA0134	pae01100
pae:PA0148	PA0148	pae01100
pae:PA0153	PA0153	pae01100
pae:PA0154	PA0154	pae01100
pae:PA0164	PA0164	pae01100
pae:PA0182	PA0182	pae01100
pae:PA0183	PA0183	pae01100
pae:PA0190	PA0190	pae01100
pae:PA0195	PA0195	pae01100
pae:PA0196	PA0196	pae01100
pae:PA0202	PA0202	pae01100
pae:PA0219	PA0219	pae01100
pae:PA0221	PA0221	pae01100
pae:PA0223	PA0223	pae01100
pae:PA0224	PA0224	pae01100
pae:PA0226	PA0226	pae01100
pae:PA0227	PA0227	pae01100
pae:PA0230	PA0230	pae01100
pae:PA0231	PA0231	pae01100
pae:PA0232	PA0232	pae01100
pae:PA0242	PA0242	pae01100
pae:PA0244	PA0244	pae01100
pae:PA0245	PA0245	pae01100
pae:PA0247	PA0247	pae01100
pae:PA0265	PA0265	pae01100
pae:PA0266	PA0266	pae01100
pae:PA0286	PA0286	pae01100
pae:PA0292	PA0292	pae01100
pae:PA0293	PA0293	pae01100
pae:PA0296	PA0296	pae01100
pae:PA0298	PA0298	pae01100
pae:PA0299	PA0299	pae01100
pae:PA0316	PA0316	pae01100
pae:PA0318	PA0318	pae01100
pae:PA0330	PA0330	pae01100
pae:PA0331	PA0331	pae01100
pae:PA0335	PA0335	pae01100
pae:PA0342	PA0342	pae01100
pae:PA0350	PA0350	pae01100
pae:PA0353	PA0353	pae01100
pae:PA0361	PA0361	pae01100
pae:PA0363	PA0363	pae01100
pae:PA0378	PA0378	pae01100
pae:PA0381	PA0381	pae01100
pae:PA0387	PA0387	pae01100
pae:PA0390	PA0390	pae01100
pae:PA0393	PA0393	pae01100
pae:PA0399	PA0399	pae01100
pae:PA0400	PA0400	pae01100
pae:PA0401	PA0401	pae01100
pae:PA0402	PA0402	pae01100
pae:PA0403	PA0403	pae01100
pae:PA0407	PA0407	pae01100
pae:PA0420	PA0420	pae01100
pae:PA0421	PA0421	pae01100
pae:PA0430	PA0430	pae01100
pae:PA0432	PA0432	pae01100
pae:PA0437	PA0437	pae01100
pae:PA0439	PA0439	pae01100
pae:PA0440	PA0440	pae01100
pae:PA0441	PA0441	pae01100
pae:PA0444	PA0444	pae01100
pae:PA0446	PA0446	pae01100
pae:PA0447	PA0447	pae01100
pae:PA0473	PA0473	pae01100
pae:PA0480	PA0480	pae01100
pae:PA0482	PA0482	pae01100
pae:PA0492	PA0492	pae01100
pae:PA0493	PA0493	pae01100
pae:PA0494	PA0494	pae01100
pae:PA0500	PA0500	pae01100
pae:PA0501	PA0501	pae01100
pae:PA0502	PA0502	pae01100
pae:PA0503	PA0503	pae01100
pae:PA0504	PA0504	pae01100
pae:PA0506	PA0506	pae01100
pae:PA0507	PA0507	pae01100
pae:PA0508	PA0508	pae01100
pae:PA0510	PA0510	pae01100
pae:PA0512	PA0512	pae01100
pae:PA0513	PA0513	pae01100
pae:PA0514	PA0514	pae01100
pae:PA0515	PA0515	pae01100
pae:PA0518	PA0518	pae01100
pae:PA0519	PA0519	pae01100
pae:PA0523	PA0523	pae01100
pae:PA0524	PA0524	pae01100
pae:PA0530	PA0530	pae01100
pae:PA0546	PA0546	pae01100
pae:PA0548	PA0548	pae01100
pae:PA0551	PA0551	pae01100
pae:PA0552	PA0552	pae01100
pae:PA0555	PA0555	pae01100
pae:PA0560	PA0560	pae01100
pae:PA0581	PA0581	pae01100
pae:PA0582	PA0582	pae01100
pae:PA0583	PA0583	pae01100
pae:PA0589	PA0589	pae01100
pae:PA0590	PA0590	pae01100
pae:PA0593	PA0593	pae01100
pae:PA0596	PA0596	pae01100
pae:PA0597	PA0597	pae01100
pae:PA0607	PA0607	pae01100
pae:PA0608	PA0608	pae01100
pae:PA0609	PA0609	pae01100
pae:PA0649	PA0649	pae01100
pae:PA0650	PA0650	pae01100
pae:PA0651	PA0651	pae01100
pae:PA0654	PA0654	pae01100
pae:PA0655	PA0655	pae01100
pae:PA0660	PA0660	pae01100
pae:PA0661	PA0661	pae01100
pae:PA0662	PA0662	pae01100
pae:PA0666	PA0666	pae01100
pae:PA0704	PA0704	pae01100
pae:PA0710	PA0710	pae01100
pae:PA0747	PA0747	pae01100
pae:PA0761	PA0761	pae01100
pae:PA0773	PA0773	pae01100
pae:PA0782	PA0782	pae01100
pae:PA0792	PA0792	pae01100
pae:PA0793	PA0793	pae01100
pae:PA0794	PA0794	pae01100
pae:PA0795	PA0795	pae01100
pae:PA0796	PA0796	pae01100
pae:PA0810	PA0810	pae01100
pae:PA0832	PA0832	pae01100
pae:PA0835	PA0835	pae01100
pae:PA0836	PA0836	pae01100
pae:PA0838	PA0838	pae01100
pae:PA0844	PA0844	pae01100
pae:PA0845	PA0845	pae01100
pae:PA0849	PA0849	pae01100
pae:PA0851	PA0851	pae01100
pae:PA0853	PA0853	pae01100
pae:PA0854	PA0854	pae01100
pae:PA0865	PA0865	pae01100
pae:PA0870	PA0870	pae01100
pae:PA0871	PA0871	pae01100
pae:PA0872	PA0872	pae01100
pae:PA0878	PA0878	pae01100
pae:PA0879	PA0879	pae01100
pae:PA0882	PA0882	pae01100
pae:PA0883	PA0883	pae01100
pae:PA0887	PA0887	pae01100
pae:PA0895	PA0895	pae01100
pae:PA0896	PA0896	pae01100
pae:PA0897	PA0897	pae01100
pae:PA0898	PA0898	pae01100
pae:PA0899	PA0899	pae01100
pae:PA0901	PA0901	pae01100
pae:PA0902	PA0902	pae01100
pae:PA0904	PA0904	pae01100
pae:PA0927	PA0927	pae01100
pae:PA0932	PA0932	pae01100
pae:PA0934	PA0934	pae01100
pae:PA0935	PA0935	pae01100
pae:PA0944	PA0944	pae01100
pae:PA0945	PA0945	pae01100
pae:PA0949	PA0949	pae01100
pae:PA0954	PA0954	pae01100
pae:PA0968	PA0968	pae01100
pae:PA0975	PA0975	pae01100
pae:PA0976	PA0976	pae01100
pae:PA1001	PA1001	pae01100
pae:PA1002	PA1002	pae01100
pae:PA1004	PA1004	pae01100
pae:PA1010	PA1010	pae01100
pae:PA1013	PA1013	pae01100
pae:PA1017	PA1017	pae01100
pae:PA1027	PA1027	pae01100
pae:PA1028	PA1028	pae01100
pae:PA1049	PA1049	pae01100
pae:PA1052	PA1052	pae01100
pae:PA1061	PA1061	pae01100
pae:PA1124	PA1124	pae01100
pae:PA1125	PA1125	pae01100
pae:PA1135	PA1135	pae01100
pae:PA1140	PA1140	pae01100
pae:PA1143	PA1143	pae01100
pae:PA1155	PA1155	pae01100
pae:PA1156	PA1156	pae01100
pae:PA1162	PA1162	pae01100
pae:PA1165	PA1165	pae01100
pae:PA1169	PA1169	pae01100
pae:PA1173	PA1173	pae01100
pae:PA1174	PA1174	pae01100
pae:PA1187	PA1187	pae01100
pae:PA1188	PA1188	pae01100
pae:PA1197	PA1197	pae01100
pae:PA1224	PA1224	pae01100
pae:PA1225	PA1225	pae01100
pae:PA1252	PA1252	pae01100
pae:PA1253	PA1253	pae01100
pae:PA1254	PA1254	pae01100
pae:PA1255	PA1255	pae01100
pae:PA1266	PA1266	pae01100
pae:PA1267	PA1267	pae01100
pae:PA1268	PA1268	pae01100
pae:PA1272	PA1272	pae01100
pae:PA1273	PA1273	pae01100
pae:PA1274	PA1274	pae01100
pae:PA1275	PA1275	pae01100
pae:PA1276	PA1276	pae01100
pae:PA1277	PA1277	pae01100
pae:PA1278	PA1278	pae01100
pae:PA1279	PA1279	pae01100
pae:PA1280	PA1280	pae01100
pae:PA1281	PA1281	pae01100
pae:PA1284	PA1284	pae01100
pae:PA1287	PA1287	pae01100
pae:PA1292	PA1292	pae01100
pae:PA1310	PA1310	pae01100
pae:PA1311	PA1311	pae01100
pae:PA1317	PA1317	pae01100
pae:PA1318	PA1318	pae01100
pae:PA1319	PA1319	pae01100
pae:PA1320	PA1320	pae01100
pae:PA1321	PA1321	pae01100
pae:PA1326	PA1326	pae01100
pae:PA1337	PA1337	pae01100
pae:PA1338	PA1338	pae01100
pae:PA1373	PA1373	pae01100
pae:PA1375	PA1375	pae01100
pae:PA1377	PA1377	pae01100
pae:PA1384	PA1384	pae01100
pae:PA1393	PA1393	pae01100
pae:PA1417	PA1417	pae01100
pae:PA1421	PA1421	pae01100
pae:PA1432	PA1432	pae01100
pae:PA1466	PA1466	pae01100
pae:PA1469	PA1469	pae01100
pae:PA1470	PA1470	pae01100
pae:PA1487	PA1487	pae01100
pae:PA1489	PA1489	pae01100
pae:PA1498	PA1498	pae01100
pae:PA1499	PA1499	pae01100
pae:PA1500	PA1500	pae01100
pae:PA1501	PA1501	pae01100
pae:PA1502	PA1502	pae01100
pae:PA1505	PA1505	pae01100
pae:PA1514	PA1514	pae01100
pae:PA1515	PA1515	pae01100
pae:PA1516	PA1516	pae01100
pae:PA1517	PA1517	pae01100
pae:PA1518	PA1518	pae01100
pae:PA1521	PA1521	pae01100
pae:PA1523	PA1523	pae01100
pae:PA1524	PA1524	pae01100
pae:PA1535	PA1535	pae01100
pae:PA1543	PA1543	pae01100
pae:PA1546	PA1546	pae01100
pae:PA1552	PA1552	pae01100
pae:PA1553	PA1553	pae01100
pae:PA1554	PA1554	pae01100
pae:PA1555	PA1555	pae01100
pae:PA1556	PA1556	pae01100
pae:PA1557	PA1557	pae01100
pae:PA1562	PA1562	pae01100
pae:PA1565	PA1565	pae01100
pae:PA1566	PA1566	pae01100
pae:PA1574	PA1574	pae01100
pae:PA1580	PA1580	pae01100
pae:PA1581	PA1581	pae01100
pae:PA1582	PA1582	pae01100
pae:PA1583	PA1583	pae01100
pae:PA1584	PA1584	pae01100
pae:PA1585	PA1585	pae01100
pae:PA1586	PA1586	pae01100
pae:PA1587	PA1587	pae01100
pae:PA1588	PA1588	pae01100
pae:PA1589	PA1589	pae01100
pae:PA1598	PA1598	pae01100
pae:PA1601	PA1601	pae01100
pae:PA1602	PA1602	pae01100
pae:PA1609	PA1609	pae01100
pae:PA1610	PA1610	pae01100
pae:PA1614	PA1614	pae01100
pae:PA1617	PA1617	pae01100
pae:PA1618	PA1618	pae01100
pae:PA1628	PA1628	pae01100
pae:PA1629	PA1629	pae01100
pae:PA1631	PA1631	pae01100
pae:PA1638	PA1638	pae01100
pae:PA1642	PA1642	pae01100
pae:PA1654	PA1654	pae01100
pae:PA1655	PA1655	pae01100
pae:PA1674	PA1674	pae01100
pae:PA1681	PA1681	pae01100
pae:PA1683	PA1683	pae01100
pae:PA1684	PA1684	pae01100
pae:PA1685	PA1685	pae01100
pae:PA1687	PA1687	pae01100
pae:PA1726	PA1726	pae01100
pae:PA1736	PA1736	pae01100
pae:PA1737	PA1737	pae01100
pae:PA1750	PA1750	pae01100
pae:PA1752	PA1752	pae01100
pae:PA1756	PA1756	pae01100
pae:PA1757	PA1757	pae01100
pae:PA1770	PA1770	pae01100
pae:PA1778	PA1778	pae01100
pae:PA1779	PA1779	pae01100
pae:PA1780	PA1780	pae01100
pae:PA1781	PA1781	pae01100
pae:PA1787	PA1787	pae01100
pae:PA1792	PA1792	pae01100
pae:PA1794	PA1794	pae01100
pae:PA1796	PA1796	pae01100
pae:PA1806	PA1806	pae01100
pae:PA1813	PA1813	pae01100
pae:PA1818	PA1818	pae01100
pae:PA1823	PA1823	pae01100
pae:PA1833	PA1833	pae01100
pae:PA1838	PA1838	pae01100
pae:PA1843	PA1843	pae01100
pae:PA1856	PA1856	pae01100
pae:PA1869	PA1869	pae01100
pae:PA1883	PA1883	pae01100
pae:PA1890	PA1890	pae01100
pae:PA1899	PA1899	pae01100
pae:PA1900	PA1900	pae01100
pae:PA1901	PA1901	pae01100
pae:PA1902	PA1902	pae01100
pae:PA1903	PA1903	pae01100
pae:PA1904	PA1904	pae01100
pae:PA1905	PA1905	pae01100
pae:PA1920	PA1920	pae01100
pae:PA1923	PA1923	pae01100
pae:PA1927	PA1927	pae01100
pae:PA1931	PA1931	pae01100
pae:PA1932	PA1932	pae01100
pae:PA1933	PA1933	pae01100
pae:PA1950	PA1950	pae01100
pae:PA1966	PA1966	pae01100
pae:PA1972	PA1972	pae01100
pae:PA1982	PA1982	pae01100
pae:PA1984	PA1984	pae01100
pae:PA1997	PA1997	pae01100
pae:PA1999	PA1999	pae01100
pae:PA2000	PA2000	pae01100
pae:PA2001	PA2001	pae01100
pae:PA2003	PA2003	pae01100
pae:PA2007	PA2007	pae01100
pae:PA2008	PA2008	pae01100
pae:PA2009	PA2009	pae01100
pae:PA2011	PA2011	pae01100
pae:PA2012	PA2012	pae01100
pae:PA2013	PA2013	pae01100
pae:PA2014	PA2014	pae01100
pae:PA2015	PA2015	pae01100
pae:PA2022	PA2022	pae01100
pae:PA2023	PA2023	pae01100
pae:PA2025	PA2025	pae01100
pae:PA2035	PA2035	pae01100
pae:PA2040	PA2040	pae01100
pae:PA2052	PA2052	pae01100
pae:PA2053	PA2053	pae01100
pae:PA2062	PA2062	pae01100
pae:PA2080	PA2080	pae01100
pae:PA2081	PA2081	pae01100
pae:PA2083	PA2083	pae01100
pae:PA2084	PA2084	pae01100
pae:PA2085	PA2085	pae01100
pae:PA2086	PA2086	pae01100
pae:PA2104	PA2104	pae01100
pae:PA2105	PA2105	pae01100
pae:PA2108	PA2108	pae01100
pae:PA2110	PA2110	pae01100
pae:PA2111	PA2111	pae01100
pae:PA2112	PA2112	pae01100
pae:PA2119	PA2119	pae01100
pae:PA2141	PA2141	pae01100
pae:PA2144	PA2144	pae01100
pae:PA2147	PA2147	pae01100
pae:PA2151	PA2151	pae01100
pae:PA2152	PA2152	pae01100
pae:PA2153	PA2153	pae01100
pae:PA2155	PA2155	pae01100
pae:PA2160	PA2160	pae01100
pae:PA2162	PA2162	pae01100
pae:PA2163	PA2163	pae01100
pae:PA2164	PA2164	pae01100
pae:PA2165	PA2165	pae01100
pae:PA2181	PA2181	pae01100
pae:PA2193	PA2193	pae01100
pae:PA2194	PA2194	pae01100
pae:PA2195	PA2195	pae01100
pae:PA2212	PA2212	pae01100
pae:PA2215	PA2215	pae01100
pae:PA2217	PA2217	pae01100
pae:PA2232	PA2232	pae01100
pae:PA2247	PA2247	pae01100
pae:PA2248	PA2248	pae01100
pae:PA2249	PA2249	pae01100
pae:PA2250	PA2250	pae01100
pae:PA2253	PA2253	pae01100
pae:PA2261	PA2261	pae01100
pae:PA2263	PA2263	pae01100
pae:PA2264	PA2264	pae01100
pae:PA2265	PA2265	pae01100
pae:PA2266	PA2266	pae01100
pae:PA2272	PA2272	pae01100
pae:PA2275	PA2275	pae01100
pae:PA2290	PA2290	pae01100
pae:PA2300	PA2300	pae01100
pae:PA2317	PA2317	pae01100
pae:PA2321	PA2321	pae01100
pae:PA2323	PA2323	pae01100
pae:PA2342	PA2342	pae01100
pae:PA2343	PA2343	pae01100
pae:PA2344	PA2344	pae01100
pae:PA2356	PA2356	pae01100
pae:PA2357	PA2357	pae01100
pae:PA2382	PA2382	pae01100
pae:PA2412	PA2412	pae01100
pae:PA2413	PA2413	pae01100
pae:PA2416	PA2416	pae01100
pae:PA2442	PA2442	pae01100
pae:PA2443	PA2443	pae01100
pae:PA2444	PA2444	pae01100
pae:PA2445	PA2445	pae01100
pae:PA2446	PA2446	pae01100
pae:PA2470	PA2470	pae01100
pae:PA2471	PA2471	pae01100
pae:PA2473	PA2473	pae01100
pae:PA2481	PA2481	pae01100
pae:PA2499	PA2499	pae01100
pae:PA2507	PA2507	pae01100
pae:PA2508	PA2508	pae01100
pae:PA2509	PA2509	pae01100
pae:PA2512	PA2512	pae01100
pae:PA2513	PA2513	pae01100
pae:PA2514	PA2514	pae01100
pae:PA2515	PA2515	pae01100
pae:PA2516	PA2516	pae01100
pae:PA2517	PA2517	pae01100
pae:PA2518	PA2518	pae01100
pae:PA2531	PA2531	pae01100
pae:PA2536	PA2536	pae01100
pae:PA2550	PA2550	pae01100
pae:PA2552	PA2552	pae01100
pae:PA2553	PA2553	pae01100
pae:PA2555	PA2555	pae01100
pae:PA2579	PA2579	pae01100
pae:PA2584	PA2584	pae01100
pae:PA2598	PA2598	pae01100
pae:PA2600	PA2600	pae01100
pae:PA2611	PA2611	pae01100
pae:PA2623	PA2623	pae01100
pae:PA2624	PA2624	pae01100
pae:PA2629	PA2629	pae01100
pae:PA2634	PA2634	pae01100
pae:PA2637	PA2637	pae01100
pae:PA2638	PA2638	pae01100
pae:PA2639	PA2639	pae01100
pae:PA2640	PA2640	pae01100
pae:PA2641	PA2641	pae01100
pae:PA2642	PA2642	pae01100
pae:PA2643	PA2643	pae01100
pae:PA2644	PA2644	pae01100
pae:PA2645	PA2645	pae01100
pae:PA2646	PA2646	pae01100
pae:PA2647	PA2647	pae01100
pae:PA2648	PA2648	pae01100
pae:PA2649	PA2649	pae01100
pae:PA2666	PA2666	pae01100
pae:PA2691	PA2691	pae01100
pae:PA2709	PA2709	pae01100
pae:PA2776	PA2776	pae01100
pae:PA2796	PA2796	pae01100
pae:PA2806	PA2806	pae01100
pae:PA2813	PA2813	pae01100
pae:PA2815	PA2815	pae01100
pae:PA2821	PA2821	pae01100
pae:PA2822	PA2822	pae01100
pae:PA2826	PA2826	pae01100
pae:PA2828	PA2828	pae01100
pae:PA2839	PA2839	pae01100
pae:PA2843	PA2843	pae01100
pae:PA2862	PA2862	pae01100
pae:PA2876	PA2876	pae01100
pae:PA2903	PA2903	pae01100
pae:PA2904	PA2904	pae01100
pae:PA2905	PA2905	pae01100
pae:PA2906	PA2906	pae01100
pae:PA2907	PA2907	pae01100
pae:PA2908	PA2908	pae01100
pae:PA2909	PA2909	pae01100
pae:PA2940	PA2940	pae01100
pae:PA2942	PA2942	pae01100
pae:PA2943	PA2943	pae01100
pae:PA2944	PA2944	pae01100
pae:PA2947	PA2947	pae01100
pae:PA2948	PA2948	pae01100
pae:PA2950	PA2950	pae01100
pae:PA2962	PA2962	pae01100
pae:PA2965	PA2965	pae01100
pae:PA2966	PA2966	pae01100
pae:PA2967	PA2967	pae01100
pae:PA2968	PA2968	pae01100
pae:PA2969	PA2969	pae01100
pae:PA2974	PA2974	pae01100
pae:PA2977	PA2977	pae01100
pae:PA2979	PA2979	pae01100
pae:PA2981	PA2981	pae01100
pae:PA2991	PA2991	pae01100
pae:PA3001	PA3001	pae01100
pae:PA3004	PA3004	pae01100
pae:PA3005	PA3005	pae01100
pae:PA3013	PA3013	pae01100
pae:PA3014	PA3014	pae01100
pae:PA3025	PA3025	pae01100
pae:PA3026	PA3026	pae01100
pae:PA3028	PA3028	pae01100
pae:PA3029	PA3029	pae01100
pae:PA3030	PA3030	pae01100
pae:PA3035	PA3035	pae01100
pae:PA3043	PA3043	pae01100
pae:PA3047	PA3047	pae01100
pae:PA3050	PA3050	pae01100
pae:PA3068	PA3068	pae01100
pae:PA3083	PA3083	pae01100
pae:PA3088	PA3088	pae01100
pae:PA3107	PA3107	pae01100
pae:PA3108	PA3108	pae01100
pae:PA3111	PA3111	pae01100
pae:PA3112	PA3112	pae01100
pae:PA3113	PA3113	pae01100
pae:PA3117	PA3117	pae01100
pae:PA3118	PA3118	pae01100
pae:PA3120	PA3120	pae01100
pae:PA3121	PA3121	pae01100
pae:PA3131	PA3131	pae01100
pae:PA3134	PA3134	pae01100
pae:PA3139	PA3139	pae01100
pae:PA3141	PA3141	pae01100
pae:PA3146	PA3146	pae01100
pae:PA3148	PA3148	pae01100
pae:PA3150	PA3150	pae01100
pae:PA3151	PA3151	pae01100
pae:PA3152	PA3152	pae01100
pae:PA3155	PA3155	pae01100
pae:PA3156	PA3156	pae01100
pae:PA3158	PA3158	pae01100
pae:PA3159	PA3159	pae01100
pae:PA3163	PA3163	pae01100
pae:PA3165	PA3165	pae01100
pae:PA3166	PA3166	pae01100
pae:PA3167	PA3167	pae01100
pae:PA3169	PA3169	pae01100
pae:PA3170	PA3170	pae01100
pae:PA3171	PA3171	pae01100
pae:PA3172	PA3172	pae01100
pae:PA3175	PA3175	pae01100
pae:PA3181	PA3181	pae01100
pae:PA3182	PA3182	pae01100
pae:PA3183	PA3183	pae01100
pae:PA3193	PA3193	pae01100
pae:PA3194	PA3194	pae01100
pae:PA3195	PA3195	pae01100
pae:PA3217	PA3217	pae01100
pae:PA3226	PA3226	pae01100
pae:PA3242	PA3242	pae01100
pae:PA3296	PA3296	pae01100
pae:PA3299	PA3299	pae01100
pae:PA3300	PA3300	pae01100
pae:PA3302	PA3302	pae01100
pae:PA3310	PA3310	pae01100
pae:PA3319	PA3319	pae01100
pae:PA3333	PA3333	pae01100
pae:PA3334	PA3334	pae01100
pae:PA3337	PA3337	pae01100
pae:PA3356	PA3356	pae01100
pae:PA3357	PA3357	pae01100
pae:PA3366	PA3366	pae01100
pae:PA3372	PA3372	pae01100
pae:PA3373	PA3373	pae01100
pae:PA3374	PA3374	pae01100
pae:PA3375	PA3375	pae01100
pae:PA3377	PA3377	pae01100
pae:PA3378	PA3378	pae01100
pae:PA3379	PA3379	pae01100
pae:PA3380	PA3380	pae01100
pae:PA3392	PA3392	pae01100
pae:PA3415	PA3415	pae01100
pae:PA3416	PA3416	pae01100
pae:PA3417	PA3417	pae01100
pae:PA3418	PA3418	pae01100
pae:PA3437	PA3437	pae01100
pae:PA3438	PA3438	pae01100
pae:PA3444	PA3444	pae01100
pae:PA3446	PA3446	pae01100
pae:PA3452	PA3452	pae01100
pae:PA3454	PA3454	pae01100
pae:PA3459	PA3459	pae01100
pae:PA3475	PA3475	pae01100
pae:PA3476	PA3476	pae01100
pae:PA3480	PA3480	pae01100
pae:PA3482	PA3482	pae01100
pae:PA3498	PA3498	pae01100
pae:PA3505	PA3505	pae01100
pae:PA3506	PA3506	pae01100
pae:PA3524	PA3524	pae01100
pae:PA3525	PA3525	pae01100
pae:PA3527	PA3527	pae01100
pae:PA3537	PA3537	pae01100
pae:PA3540	PA3540	pae01100
pae:PA3541	PA3541	pae01100
pae:PA3542	PA3542	pae01100
pae:PA3545	PA3545	pae01100
pae:PA3547	PA3547	pae01100
pae:PA3551	PA3551	pae01100
pae:PA3552	PA3552	pae01100
pae:PA3553	PA3553	pae01100
pae:PA3554	PA3554	pae01100
pae:PA3555	PA3555	pae01100
pae:PA3559	PA3559	pae01100
pae:PA3560	PA3560	pae01100
pae:PA3561	PA3561	pae01100
pae:PA3568	PA3568	pae01100
pae:PA3569	PA3569	pae01100
pae:PA3570	PA3570	pae01100
pae:PA3579	PA3579	pae01100
pae:PA3582	PA3582	pae01100
pae:PA3584	PA3584	pae01100
pae:PA3590	PA3590	pae01100
pae:PA3591	PA3591	pae01100
pae:PA3603	PA3603	pae01100
pae:PA3618	PA3618	pae01100
pae:PA3625	PA3625	pae01100
pae:PA3627	PA3627	pae01100
pae:PA3628	PA3628	pae01100
pae:PA3629	PA3629	pae01100
pae:PA3633	PA3633	pae01100
pae:PA3635	PA3635	pae01100
pae:PA3636	PA3636	pae01100
pae:PA3637	PA3637	pae01100
pae:PA3639	PA3639	pae01100
pae:PA3643	PA3643	pae01100
pae:PA3644	PA3644	pae01100
pae:PA3645	PA3645	pae01100
pae:PA3646	PA3646	pae01100
pae:PA3650	PA3650	pae01100
pae:PA3651	PA3651	pae01100
pae:PA3654	PA3654	pae01100
pae:PA3659	PA3659	pae01100
pae:PA3666	PA3666	pae01100
pae:PA3673	PA3673	pae01100
pae:PA3686	PA3686	pae01100
pae:PA3687	PA3687	pae01100
pae:PA3713	PA3713	pae01100
pae:PA3735	PA3735	pae01100
pae:PA3736	PA3736	pae01100
pae:PA3751	PA3751	pae01100
pae:PA3758	PA3758	pae01100
pae:PA3759	PA3759	pae01100
pae:PA3763	PA3763	pae01100
pae:PA3769	PA3769	pae01100
pae:PA3770	PA3770	pae01100
pae:PA3792	PA3792	pae01100
pae:PA3797	PA3797	pae01100
pae:PA3803	PA3803	pae01100
pae:PA3807	PA3807	pae01100
pae:PA3814	PA3814	pae01100
pae:PA3816	PA3816	pae01100
pae:PA3818	PA3818	pae01100
pae:PA3831	PA3831	pae01100
pae:PA3862	PA3862	pae01100
pae:PA3863	PA3863	pae01100
pae:PA3870	PA3870	pae01100
pae:PA3872	PA3872	pae01100
pae:PA3874	PA3874	pae01100
pae:PA3875	PA3875	pae01100
pae:PA3896	PA3896	pae01100
pae:PA3910	PA3910	pae01100
pae:PA3911	PA3911	pae01100
pae:PA3912	PA3912	pae01100
pae:PA3913	PA3913	pae01100
pae:PA3914	PA3914	pae01100
pae:PA3915	PA3915	pae01100
pae:PA3916	PA3916	pae01100
pae:PA3918	PA3918	pae01100
pae:PA3925	PA3925	pae01100
pae:PA3929	PA3929	pae01100
pae:PA3930	PA3930	pae01100
pae:PA3954	PA3954	pae01100
pae:PA3970	PA3970	pae01100
pae:PA3975	PA3975	pae01100
pae:PA3976	PA3976	pae01100
pae:PA3977	PA3977	pae01100
pae:PA3996	PA3996	pae01100
pae:PA3997	PA3997	pae01100
pae:PA3999	PA3999	pae01100
pae:PA4003	PA4003	pae01100
pae:PA4006	PA4006	pae01100
pae:PA4007	PA4007	pae01100
pae:PA4019	PA4019	pae01100
pae:PA4022	PA4022	pae01100
pae:PA4024	PA4024	pae01100
pae:PA4025	PA4025	pae01100
pae:PA4043	PA4043	pae01100
pae:PA4044	PA4044	pae01100
pae:PA4047	PA4047	pae01100
pae:PA4050	PA4050	pae01100
pae:PA4051	PA4051	pae01100
pae:PA4053	PA4053	pae01100
pae:PA4054	PA4054	pae01100
pae:PA4055	PA4055	pae01100
pae:PA4056	PA4056	pae01100
pae:PA4068	PA4068	pae01100
pae:PA4069	PA4069	pae01100
pae:PA4073	PA4073	pae01100
pae:PA4088	PA4088	pae01100
pae:PA4089	PA4089	pae01100
pae:PA4091	PA4091	pae01100
pae:PA4092	PA4092	pae01100
pae:PA4114	PA4114	pae01100
pae:PA4115	PA4115	pae01100
pae:PA4121	PA4121	pae01100
pae:PA4122	PA4122	pae01100
pae:PA4123	PA4123	pae01100
pae:PA4124	PA4124	pae01100
pae:PA4125	PA4125	pae01100
pae:PA4127	PA4127	pae01100
pae:PA4128	PA4128	pae01100
pae:PA4130	PA4130	pae01100
pae:PA4133	PA4133	pae01100
pae:PA4152	PA4152	pae01100
pae:PA4163	PA4163	pae01100
pae:PA4180	PA4180	pae01100
pae:PA4188	PA4188	pae01100
pae:PA4189	PA4189	pae01100
pae:PA4198	PA4198	pae01100
pae:PA4199	PA4199	pae01100
pae:PA4201	PA4201	pae01100
pae:PA4202	PA4202	pae01100
pae:PA4204	PA4204	pae01100
pae:PA4209	PA4209	pae01100
pae:PA4210	PA4210	pae01100
pae:PA4211	PA4211	pae01100
pae:PA4212	PA4212	pae01100
pae:PA4213	PA4213	pae01100
pae:PA4214	PA4214	pae01100
pae:PA4215	PA4215	pae01100
pae:PA4216	PA4216	pae01100
pae:PA4217	PA4217	pae01100
pae:PA4231	PA4231	pae01100
pae:PA4236	PA4236	pae01100
pae:PA4279	PA4279	pae01100
pae:PA4280	PA4280	pae01100
pae:PA4311	PA4311	pae01100
pae:PA4314	PA4314	pae01100
pae:PA4329	PA4329	pae01100
pae:PA4333	PA4333	pae01100
pae:PA4339	PA4339	pae01100
pae:PA4342	PA4342	pae01100
pae:PA4353	PA4353	pae01100
pae:PA4376	PA4376	pae01100
pae:PA4389	PA4389	pae01100
pae:PA4397	PA4397	pae01100
pae:PA4399	PA4399	pae01100
pae:PA4401	PA4401	pae01100
pae:PA4402	PA4402	pae01100
pae:PA4406	PA4406	pae01100
pae:PA4410	PA4410	pae01100
pae:PA4411	PA4411	pae01100
pae:PA4412	PA4412	pae01100
pae:PA4414	PA4414	pae01100
pae:PA4415	PA4415	pae01100
pae:PA4416	PA4416	pae01100
pae:PA4417	PA4417	pae01100
pae:PA4418	PA4418	pae01100
pae:PA4425	PA4425	pae01100
pae:PA4429	PA4429	pae01100
pae:PA4430	PA4430	pae01100
pae:PA4431	PA4431	pae01100
pae:PA4435	PA4435	pae01100
pae:PA4442	PA4442	pae01100
pae:PA4443	PA4443	pae01100
pae:PA4447	PA4447	pae01100
pae:PA4448	PA4448	pae01100
pae:PA4449	PA4449	pae01100
pae:PA4450	PA4450	pae01100
pae:PA4457	PA4457	pae01100
pae:PA4458	PA4458	pae01100
pae:PA4470	PA4470	pae01100
pae:PA4478	PA4478	pae01100
pae:PA4482	PA4482	pae01100
pae:PA4483	PA4483	pae01100
pae:PA4484	PA4484	pae01100
pae:PA4486	PA4486	pae01100
pae:PA4509	PA4509	pae01100
pae:PA4510	PA4510	pae01100
pae:PA4511	PA4511	pae01100
pae:PA4513	PA4513	pae01100
pae:PA4519	PA4519	pae01100
pae:PA4524	PA4524	pae01100
pae:PA4529	PA4529	pae01100
pae:PA4534	PA4534	pae01100
pae:PA4538	PA4538	pae01100
pae:PA4543	PA4543	pae01100
pae:PA4548	PA4548	pae01100
pae:PA4557	PA4557	pae01100
pae:PA4561	PA4561	pae01100
pae:PA4565	PA4565	pae01100
pae:PA4571	PA4571	pae01100
pae:PA4588	PA4588	pae01100
pae:PA4602	PA4602	pae01100
pae:PA4613	PA4613	pae01100
pae:PA4626	PA4626	pae01100
pae:PA4640	PA4640	pae01100
pae:PA4645	PA4645	pae01100
pae:PA4646	PA4646	pae01100
pae:PA4655	PA4655	pae01100
pae:PA4662	PA4662	pae01100
pae:PA4666	PA4666	pae01100
pae:PA4669	PA4669	pae01100
pae:PA4670	PA4670	pae01100
pae:PA4676	PA4676	pae01100
pae:PA4693	PA4693	pae01100
pae:PA4694	PA4694	pae01100
pae:PA4695	PA4695	pae01100
pae:PA4696	PA4696	pae01100
pae:PA4700	PA4700	pae01100
pae:PA4728	PA4728	pae01100
pae:PA4729	PA4729	pae01100
pae:PA4730	PA4730	pae01100
pae:PA4731	PA4731	pae01100
pae:PA4732	PA4732	pae01100
pae:PA4733	PA4733	pae01100
pae:PA4748	PA4748	pae01100
pae:PA4749	PA4749	pae01100
pae:PA4750	PA4750	pae01100
pae:PA4756	PA4756	pae01100
pae:PA4758	PA4758	pae01100
pae:PA4759	PA4759	pae01100
pae:PA4771	PA4771	pae01100
pae:PA4772	PA4772	pae01100
pae:PA4773	PA4773	pae01100
pae:PA4774	PA4774	pae01100
pae:PA4785	PA4785	pae01100
pae:PA4786	PA4786	pae01100
pae:PA4796	PA4796	pae01100
pae:PA4808	PA4808	pae01100
pae:PA4810	PA4810	pae01100
pae:PA4811	PA4811	pae01100
pae:PA4812	PA4812	pae01100
pae:PA4813	PA4813	pae01100
pae:PA4829	PA4829	pae01100
pae:PA4835	PA4835	pae01100
pae:PA4836	PA4836	pae01100
pae:PA4839	PA4839	pae01100
pae:PA4846	PA4846	pae01100
pae:PA4847	PA4847	pae01100
pae:PA4848	PA4848	pae01100
pae:PA4854	PA4854	pae01100
pae:PA4855	PA4855	pae01100
pae:PA4865	PA4865	pae01100
pae:PA4867	PA4867	pae01100
pae:PA4868	PA4868	pae01100
pae:PA4872	PA4872	pae01100
pae:PA4888	PA4888	pae01100
pae:PA4889	PA4889	pae01100
pae:PA4899	PA4899	pae01100
pae:PA4904	PA4904	pae01100
pae:PA4905	PA4905	pae01100
pae:PA4918	PA4918	pae01100
pae:PA4919	PA4919	pae01100
pae:PA4920	PA4920	pae01100
pae:PA4930	PA4930	pae01100
pae:PA4938	PA4938	pae01100
pae:PA4939	PA4939	pae01100
pae:PA4945	PA4945	pae01100
pae:PA4952	PA4952	pae01100
pae:PA4956	PA4956	pae01100
pae:PA4957	PA4957	pae01100
pae:PA4960	PA4960	pae01100
pae:PA4969	PA4969	pae01100
pae:PA4971	PA4971	pae01100
pae:PA4973	PA4973	pae01100
pae:PA4975	PA4975	pae01100
pae:PA4976	PA4976	pae01100
pae:PA4977	PA4977	pae01100
pae:PA4979	PA4979	pae01100
pae:PA4980	PA4980	pae01100
pae:PA4988	PA4988	pae01100
pae:PA4994	PA4994	pae01100
pae:PA4996	PA4996	pae01100
pae:PA4999	PA4999	pae01100
pae:PA5009	PA5009	pae01100
pae:PA5010	PA5010	pae01100
pae:PA5011	PA5011	pae01100
pae:PA5012	PA5012	pae01100
pae:PA5013	PA5013	pae01100
pae:PA5015	PA5015	pae01100
pae:PA5016	PA5016	pae01100
pae:PA5025	PA5025	pae01100
pae:PA5034	PA5034	pae01100
pae:PA5035	PA5035	pae01100
pae:PA5036	PA5036	pae01100
pae:PA5038	PA5038	pae01100
pae:PA5039	PA5039	pae01100
pae:PA5045	PA5045	pae01100
pae:PA5046	PA5046	pae01100
pae:PA5056	PA5056	pae01100
pae:PA5058	PA5058	pae01100
pae:PA5063	PA5063	pae01100
pae:PA5066	PA5066	pae01100
pae:PA5067	PA5067	pae01100
pae:PA5080	PA5080	pae01100
pae:PA5084	PA5084	pae01100
pae:PA5091	PA5091	pae01100
pae:PA5092	PA5092	pae01100
pae:PA5093	PA5093	pae01100
pae:PA5098	PA5098	pae01100
pae:PA5100	PA5100	pae01100
pae:PA5106	PA5106	pae01100
pae:PA5110	PA5110	pae01100
pae:PA5111	PA5111	pae01100
pae:PA5118	PA5118	pae01100
pae:PA5119	PA5119	pae01100
pae:PA5131	PA5131	pae01100
pae:PA5140	PA5140	pae01100
pae:PA5141	PA5141	pae01100
pae:PA5142	PA5142	pae01100
pae:PA5143	PA5143	pae01100
pae:PA5161	PA5161	pae01100
pae:PA5162	PA5162	pae01100
pae:PA5163	PA5163	pae01100
pae:PA5164	PA5164	pae01100
pae:PA5171	PA5171	pae01100
pae:PA5172	PA5172	pae01100
pae:PA5173	PA5173	pae01100
pae:PA5174	PA5174	pae01100
pae:PA5175	PA5175	pae01100
pae:PA5176	PA5176	pae01100
pae:PA5177	PA5177	pae01100
pae:PA5184	PA5184	pae01100
pae:PA5187	PA5187	pae01100
pae:PA5192	PA5192	pae01100
pae:PA5203	PA5203	pae01100
pae:PA5204	PA5204	pae01100
pae:PA5206	PA5206	pae01100
pae:PA5213	PA5213	pae01100
pae:PA5214	PA5214	pae01100
pae:PA5215	PA5215	pae01100
pae:PA5221	PA5221	pae01100
pae:PA5223	PA5223	pae01100
pae:PA5228	PA5228	pae01100
pae:PA5236	PA5236	pae01100
pae:PA5237	PA5237	pae01100
pae:PA5241	PA5241	pae01100
pae:PA5243	PA5243	pae01100
pae:PA5258	PA5258	pae01100
pae:PA5259	PA5259	pae01100
pae:PA5260	PA5260	pae01100
pae:PA5263	PA5263	pae01100
pae:PA5272	PA5272	pae01100
pae:PA5277	PA5277	pae01100
pae:PA5278	PA5278	pae01100
pae:PA5281	PA5281	pae01100
pae:PA5292	PA5292	pae01100
pae:PA5297	PA5297	pae01100
pae:PA5298	PA5298	pae01100
pae:PA5302	PA5302	pae01100
pae:PA5304	PA5304	pae01100
pae:PA5309	PA5309	pae01100
pae:PA5310	PA5310	pae01100
pae:PA5312	PA5312	pae01100
pae:PA5313	PA5313	pae01100
pae:PA5320	PA5320	pae01100
pae:PA5321	PA5321	pae01100
pae:PA5322	PA5322	pae01100
pae:PA5323	PA5323	pae01100
pae:PA5331	PA5331	pae01100
pae:PA5336	PA5336	pae01100
pae:PA5338	PA5338	pae01100
pae:PA5353	PA5353	pae01100
pae:PA5354	PA5354	pae01100
pae:PA5355	PA5355	pae01100
pae:PA5357	PA5357	pae01100
pae:PA5358	PA5358	pae01100
pae:PA5372	PA5372	pae01100
pae:PA5373	PA5373	pae01100
pae:PA5379	PA5379	pae01100
pae:PA5390	PA5390	pae01100
pae:PA5394	PA5394	pae01100
pae:PA5398	PA5398	pae01100
pae:PA5399	PA5399	pae01100
pae:PA5400	PA5400	pae01100
pae:PA5401	PA5401	pae01100
pae:PA5410	PA5410	pae01100
pae:PA5411	PA5411	pae01100
pae:PA5413	PA5413	pae01100
pae:PA5415	PA5415	pae01100
pae:PA5416	PA5416	pae01100
pae:PA5417	PA5417	pae01100
pae:PA5418	PA5418	pae01100
pae:PA5419	PA5419	pae01100
pae:PA5420	PA5420	pae01100
pae:PA5421	PA5421	pae01100
pae:PA5422	PA5422	pae01100
pae:PA5425	PA5425	pae01100
pae:PA5426	PA5426	pae01100
pae:PA5427	PA5427	pae01100
pae:PA5429	PA5429	pae01100
pae:PA5435	PA5435	pae01100
pae:PA5436	PA5436	pae01100
pae:PA5439	PA5439	pae01100
pae:PA5445	PA5445	pae01100
pae:PA5452	PA5452	pae01100
pae:PA5453	PA5453	pae01100
pae:PA5454	PA5454	pae01100
pae:PA5495	PA5495	pae01100
pae:PA5497	PA5497	pae01100
pae:PA5508	PA5508	pae01100
pae:PA5516	PA5516	pae01100
pae:PA5522	PA5522	pae01100
pae:PA5523	PA5523	pae01100
pae:PA5524	PA5524	pae01100
pae:PA5539	PA5539	pae01100
pae:PA5541	PA5541	pae01100
pae:PA5549	PA5549	pae01100
pae:PA5552	PA5552	pae01100
pae:PA5553	PA5553	pae01100
pae:PA5554	PA5554	pae01100
pae:PA5555	PA5555	pae01100
pae:PA5556	PA5556	pae01100
pae:PA5557	PA5557	pae01100
pae:PA5558	PA5558	pae01100
pae:PA5559	PA5559	pae01100
pae:PA5560	PA5560	pae01100
pae:PA0005	PA0005	pae01110
pae:PA0024	PA0024	pae01110
pae:PA0025	PA0025	pae01110
pae:PA0035	PA0035	pae01110
pae:PA0036	PA0036	pae01110
pae:PA0051	PA0051	pae01110
pae:PA0065	PA0065	pae01110
pae:PA0112	PA0112	pae01110
pae:PA0113	PA0113	pae01110
pae:PA0182	PA0182	pae01110
pae:PA0223	PA0223	pae01110
pae:PA0242	PA0242	pae01110
pae:PA0245	PA0245	pae01110
pae:PA0292	PA0292	pae01110
pae:PA0293	PA0293	pae01110
pae:PA0296	PA0296	pae01110
pae:PA0298	PA0298	pae01110
pae:PA0305	PA0305	pae01110
pae:PA0316	PA0316	pae01110
pae:PA0330	PA0330	pae01110
pae:PA0331	PA0331	pae01110
pae:PA0335	PA0335	pae01110
pae:PA0353	PA0353	pae01110
pae:PA0390	PA0390	pae01110
pae:PA0393	PA0393	pae01110
pae:PA0399	PA0399	pae01110
pae:PA0400	PA0400	pae01110
pae:PA0421	PA0421	pae01110
pae:PA0447	PA0447	pae01110
pae:PA0482	PA0482	pae01110
pae:PA0493	PA0493	pae01110
pae:PA0494	PA0494	pae01110
pae:PA0509	PA0509	pae01110
pae:PA0510	PA0510	pae01110
pae:PA0512	PA0512	pae01110
pae:PA0513	PA0513	pae01110
pae:PA0514	PA0514	pae01110
pae:PA0515	PA0515	pae01110
pae:PA0530	PA0530	pae01110
pae:PA0546	PA0546	pae01110
pae:PA0548	PA0548	pae01110
pae:PA0552	PA0552	pae01110
pae:PA0555	PA0555	pae01110
pae:PA0581	PA0581	pae01110
pae:PA0589	PA0589	pae01110
pae:PA0607	PA0607	pae01110
pae:PA0608	PA0608	pae01110
pae:PA0609	PA0609	pae01110
pae:PA0649	PA0649	pae01110
pae:PA0650	PA0650	pae01110
pae:PA0651	PA0651	pae01110
pae:PA0654	PA0654	pae01110
pae:PA0655	PA0655	pae01110
pae:PA0661	PA0661	pae01110
pae:PA0662	PA0662	pae01110
pae:PA0672	PA0672	pae01110
pae:PA0782	PA0782	pae01110
pae:PA0795	PA0795	pae01110
pae:PA0844	PA0844	pae01110
pae:PA0851	PA0851	pae01110
pae:PA0853	PA0853	pae01110
pae:PA0854	PA0854	pae01110
pae:PA0870	PA0870	pae01110
pae:PA0879	PA0879	pae01110
pae:PA0887	PA0887	pae01110
pae:PA0902	PA0902	pae01110
pae:PA0904	PA0904	pae01110
pae:PA0944	PA0944	pae01110
pae:PA0945	PA0945	pae01110
pae:PA0949	PA0949	pae01110
pae:PA0968	PA0968	pae01110
pae:PA0996	PA0996	pae01110
pae:PA0997	PA0997	pae01110
pae:PA0998	PA0998	pae01110
pae:PA0999	PA0999	pae01110
pae:PA1000	PA1000	pae01110
pae:PA1001	PA1001	pae01110
pae:PA1002	PA1002	pae01110
pae:PA1010	PA1010	pae01110
pae:PA1013	PA1013	pae01110
pae:PA1052	PA1052	pae01110
pae:PA1143	PA1143	pae01110
pae:PA1165	PA1165	pae01110
pae:PA1224	PA1224	pae01110
pae:PA1225	PA1225	pae01110
pae:PA1321	PA1321	pae01110
pae:PA1326	PA1326	pae01110
pae:PA1337	PA1337	pae01110
pae:PA1417	PA1417	pae01110
pae:PA1470	PA1470	pae01110
pae:PA1487	PA1487	pae01110
pae:PA1489	PA1489	pae01110
pae:PA1498	PA1498	pae01110
pae:PA1499	PA1499	pae01110
pae:PA1535	PA1535	pae01110
pae:PA1546	PA1546	pae01110
pae:PA1562	PA1562	pae01110
pae:PA1566	PA1566	pae01110
pae:PA1574	PA1574	pae01110
pae:PA1580	PA1580	pae01110
pae:PA1581	PA1581	pae01110
pae:PA1582	PA1582	pae01110
pae:PA1583	PA1583	pae01110
pae:PA1584	PA1584	pae01110
pae:PA1585	PA1585	pae01110
pae:PA1586	PA1586	pae01110
pae:PA1587	PA1587	pae01110
pae:PA1588	PA1588	pae01110
pae:PA1589	PA1589	pae01110
pae:PA1598	PA1598	pae01110
pae:PA1614	PA1614	pae01110
pae:PA1618	PA1618	pae01110
pae:PA1629	PA1629	pae01110
pae:PA1638	PA1638	pae01110
pae:PA1654	PA1654	pae01110
pae:PA1681	PA1681	pae01110
pae:PA1687	PA1687	pae01110
pae:PA1726	PA1726	pae01110
pae:PA1736	PA1736	pae01110
pae:PA1737	PA1737	pae01110
pae:PA1750	PA1750	pae01110
pae:PA1752	PA1752	pae01110
pae:PA1757	PA1757	pae01110
pae:PA1770	PA1770	pae01110
pae:PA1778	PA1778	pae01110
pae:PA1787	PA1787	pae01110
pae:PA1806	PA1806	pae01110
pae:PA1818	PA1818	pae01110
pae:PA1843	PA1843	pae01110
pae:PA1869	PA1869	pae01110
pae:PA1893	PA1893	pae01110
pae:PA1899	PA1899	pae01110
pae:PA1900	PA1900	pae01110
pae:PA1901	PA1901	pae01110
pae:PA1902	PA1902	pae01110
pae:PA1903	PA1903	pae01110
pae:PA1904	PA1904	pae01110
pae:PA1905	PA1905	pae01110
pae:PA1927	PA1927	pae01110
pae:PA1982	PA1982	pae01110
pae:PA1984	PA1984	pae01110
pae:PA2001	PA2001	pae01110
pae:PA2023	PA2023	pae01110
pae:PA2035	PA2035	pae01110
pae:PA2040	PA2040	pae01110
pae:PA2084	PA2084	pae01110
pae:PA2104	PA2104	pae01110
pae:PA2105	PA2105	pae01110
pae:PA2119	PA2119	pae01110
pae:PA2144	PA2144	pae01110
pae:PA2147	PA2147	pae01110
pae:PA2152	PA2152	pae01110
pae:PA2153	PA2153	pae01110
pae:PA2160	PA2160	pae01110
pae:PA2162	PA2162	pae01110
pae:PA2163	PA2163	pae01110
pae:PA2164	PA2164	pae01110
pae:PA2165	PA2165	pae01110
pae:PA2193	PA2193	pae01110
pae:PA2194	PA2194	pae01110
pae:PA2195	PA2195	pae01110
pae:PA2232	PA2232	pae01110
pae:PA2247	PA2247	pae01110
pae:PA2248	PA2248	pae01110
pae:PA2249	PA2249	pae01110
pae:PA2250	PA2250	pae01110
pae:PA2253	PA2253	pae01110
pae:PA2266	PA2266	pae01110
pae:PA2275	PA2275	pae01110
pae:PA2290	PA2290	pae01110
pae:PA2321	PA2321	pae01110
pae:PA2344	PA2344	pae01110
pae:PA2412	PA2412	pae01110
pae:PA2413	PA2413	pae01110
pae:PA2416	PA2416	pae01110
pae:PA2442	PA2442	pae01110
pae:PA2443	PA2443	pae01110
pae:PA2444	PA2444	pae01110
pae:PA2445	PA2445	pae01110
pae:PA2446	PA2446	pae01110
pae:PA2531	PA2531	pae01110
pae:PA2536	PA2536	pae01110
pae:PA2550	PA2550	pae01110
pae:PA2552	PA2552	pae01110
pae:PA2553	PA2553	pae01110
pae:PA2555	PA2555	pae01110
pae:PA2587	PA2587	pae01110
pae:PA2611	PA2611	pae01110
pae:PA2623	PA2623	pae01110
pae:PA2624	PA2624	pae01110
pae:PA2629	PA2629	pae01110
pae:PA2634	PA2634	pae01110
pae:PA2709	PA2709	pae01110
pae:PA2796	PA2796	pae01110
pae:PA2828	PA2828	pae01110
pae:PA2839	PA2839	pae01110
pae:PA2843	PA2843	pae01110
pae:PA2862	PA2862	pae01110
pae:PA2887	PA2887	pae01110
pae:PA2892	PA2892	pae01110
pae:PA2940	PA2940	pae01110
pae:PA2942	PA2942	pae01110
pae:PA2943	PA2943	pae01110
pae:PA2950	PA2950	pae01110
pae:PA2966	PA2966	pae01110
pae:PA2967	PA2967	pae01110
pae:PA2968	PA2968	pae01110
pae:PA2969	PA2969	pae01110
pae:PA2974	PA2974	pae01110
pae:PA3001	PA3001	pae01110
pae:PA3013	PA3013	pae01110
pae:PA3014	PA3014	pae01110
pae:PA3025	PA3025	pae01110
pae:PA3108	PA3108	pae01110
pae:PA3112	PA3112	pae01110
pae:PA3113	PA3113	pae01110
pae:PA3117	PA3117	pae01110
pae:PA3118	PA3118	pae01110
pae:PA3120	PA3120	pae01110
pae:PA3121	PA3121	pae01110
pae:PA3134	PA3134	pae01110
pae:PA3139	PA3139	pae01110
pae:PA3151	PA3151	pae01110
pae:PA3152	PA3152	pae01110
pae:PA3165	PA3165	pae01110
pae:PA3166	PA3166	pae01110
pae:PA3167	PA3167	pae01110
pae:PA3171	PA3171	pae01110
pae:PA3182	PA3182	pae01110
pae:PA3183	PA3183	pae01110
pae:PA3193	PA3193	pae01110
pae:PA3195	PA3195	pae01110
pae:PA3319	PA3319	pae01110
pae:PA3334	PA3334	pae01110
pae:PA3356	PA3356	pae01110
pae:PA3415	PA3415	pae01110
pae:PA3416	PA3416	pae01110
pae:PA3417	PA3417	pae01110
pae:PA3418	PA3418	pae01110
pae:PA3452	PA3452	pae01110
pae:PA3454	PA3454	pae01110
pae:PA3459	PA3459	pae01110
pae:PA3475	PA3475	pae01110
pae:PA3506	PA3506	pae01110
pae:PA3525	PA3525	pae01110
pae:PA3537	PA3537	pae01110
pae:PA3551	PA3551	pae01110
pae:PA3579	PA3579	pae01110
pae:PA3582	PA3582	pae01110
pae:PA3584	PA3584	pae01110
pae:PA3591	PA3591	pae01110
pae:PA3603	PA3603	pae01110
pae:PA3625	PA3625	pae01110
pae:PA3627	PA3627	pae01110
pae:PA3629	PA3629	pae01110
pae:PA3633	PA3633	pae01110
pae:PA3635	PA3635	pae01110
pae:PA3639	PA3639	pae01110
pae:PA3650	PA3650	pae01110
pae:PA3651	PA3651	pae01110
pae:PA3652	PA3652	pae01110
pae:PA3673	PA3673	pae01110
pae:PA3686	PA3686	pae01110
pae:PA3735	PA3735	pae01110
pae:PA3736	PA3736	pae01110
pae:PA3751	PA3751	pae01110
pae:PA3763	PA3763	pae01110
pae:PA3770	PA3770	pae01110
pae:PA3792	PA3792	pae01110
pae:PA3803	PA3803	pae01110
pae:PA3807	PA3807	pae01110
pae:PA3816	PA3816	pae01110
pae:PA3818	PA3818	pae01110
pae:PA3857	PA3857	pae01110
pae:PA3896	PA3896	pae01110
pae:PA3911	PA3911	pae01110
pae:PA3912	PA3912	pae01110
pae:PA3913	PA3913	pae01110
pae:PA3925	PA3925	pae01110
pae:PA3977	PA3977	pae01110
pae:PA4007	PA4007	pae01110
pae:PA4019	PA4019	pae01110
pae:PA4022	PA4022	pae01110
pae:PA4043	PA4043	pae01110
pae:PA4044	PA4044	pae01110
pae:PA4047	PA4047	pae01110
pae:PA4053	PA4053	pae01110
pae:PA4054	PA4054	pae01110
pae:PA4055	PA4055	pae01110
pae:PA4056	PA4056	pae01110
pae:PA4069	PA4069	pae01110
pae:PA4088	PA4088	pae01110
pae:PA4089	PA4089	pae01110
pae:PA4097	PA4097	pae01110
pae:PA4148	PA4148	pae01110
pae:PA4152	PA4152	pae01110
pae:PA4153	PA4153	pae01110
pae:PA4180	PA4180	pae01110
pae:PA4188	PA4188	pae01110
pae:PA4204	PA4204	pae01110
pae:PA4209	PA4209	pae01110
pae:PA4210	PA4210	pae01110
pae:PA4211	PA4211	pae01110
pae:PA4212	PA4212	pae01110
pae:PA4213	PA4213	pae01110
pae:PA4214	PA4214	pae01110
pae:PA4215	PA4215	pae01110
pae:PA4216	PA4216	pae01110
pae:PA4217	PA4217	pae01110
pae:PA4230	PA4230	pae01110
pae:PA4231	PA4231	pae01110
pae:PA4236	PA4236	pae01110
pae:PA4329	PA4329	pae01110
pae:PA4333	PA4333	pae01110
pae:PA4388	PA4388	pae01110
pae:PA4389	PA4389	pae01110
pae:PA4397	PA4397	pae01110
pae:PA4402	PA4402	pae01110
pae:PA4442	PA4442	pae01110
pae:PA4443	PA4443	pae01110
pae:PA4447	PA4447	pae01110
pae:PA4448	PA4448	pae01110
pae:PA4449	PA4449	pae01110
pae:PA4470	PA4470	pae01110
pae:PA4519	PA4519	pae01110
pae:PA4534	PA4534	pae01110
pae:PA4557	PA4557	pae01110
pae:PA4561	PA4561	pae01110
pae:PA4565	PA4565	pae01110
pae:PA4569	PA4569	pae01110
pae:PA4602	PA4602	pae01110
pae:PA4613	PA4613	pae01110
pae:PA4626	PA4626	pae01110
pae:PA4640	PA4640	pae01110
pae:PA4645	PA4645	pae01110
pae:PA4655	PA4655	pae01110
pae:PA4666	PA4666	pae01110
pae:PA4669	PA4669	pae01110
pae:PA4670	PA4670	pae01110
pae:PA4693	PA4693	pae01110
pae:PA4694	PA4694	pae01110
pae:PA4695	PA4695	pae01110
pae:PA4696	PA4696	pae01110
pae:PA4729	PA4729	pae01110
pae:PA4730	PA4730	pae01110
pae:PA4731	PA4731	pae01110
pae:PA4732	PA4732	pae01110
pae:PA4733	PA4733	pae01110
pae:PA4748	PA4748	pae01110
pae:PA4756	PA4756	pae01110
pae:PA4758	PA4758	pae01110
pae:PA4759	PA4759	pae01110
pae:PA4773	PA4773	pae01110
pae:PA4774	PA4774	pae01110
pae:PA4785	PA4785	pae01110
pae:PA4786	PA4786	pae01110
pae:PA4796	PA4796	pae01110
pae:PA4813	PA4813	pae01110
pae:PA4829	PA4829	pae01110
pae:PA4839	PA4839	pae01110
pae:PA4846	PA4846	pae01110
pae:PA4847	PA4847	pae01110
pae:PA4848	PA4848	pae01110
pae:PA4854	PA4854	pae01110
pae:PA4855	PA4855	pae01110
pae:PA4899	PA4899	pae01110
pae:PA4939	PA4939	pae01110
pae:PA4945	PA4945	pae01110
pae:PA4957	PA4957	pae01110
pae:PA4960	PA4960	pae01110
pae:PA4975	PA4975	pae01110
pae:PA4979	PA4979	pae01110
pae:PA4994	PA4994	pae01110
pae:PA5013	PA5013	pae01110
pae:PA5015	PA5015	pae01110
pae:PA5016	PA5016	pae01110
pae:PA5034	PA5034	pae01110
pae:PA5035	PA5035	pae01110
pae:PA5036	PA5036	pae01110
pae:PA5038	PA5038	pae01110
pae:PA5039	PA5039	pae01110
pae:PA5063	PA5063	pae01110
pae:PA5066	PA5066	pae01110
pae:PA5067	PA5067	pae01110
pae:PA5110	PA5110	pae01110
pae:PA5119	PA5119	pae01110
pae:PA5131	PA5131	pae01110
pae:PA5140	PA5140	pae01110
pae:PA5141	PA5141	pae01110
pae:PA5142	PA5142	pae01110
pae:PA5143	PA5143	pae01110
pae:PA5161	PA5161	pae01110
pae:PA5162	PA5162	pae01110
pae:PA5163	PA5163	pae01110
pae:PA5164	PA5164	pae01110
pae:PA5171	PA5171	pae01110
pae:PA5172	PA5172	pae01110
pae:PA5173	PA5173	pae01110
pae:PA5184	PA5184	pae01110
pae:PA5192	PA5192	pae01110
pae:PA5203	PA5203	pae01110
pae:PA5204	PA5204	pae01110
pae:PA5206	PA5206	pae01110
pae:PA5213	PA5213	pae01110
pae:PA5214	PA5214	pae01110
pae:PA5215	PA5215	pae01110
pae:PA5221	PA5221	pae01110
pae:PA5223	PA5223	pae01110
pae:PA5237	PA5237	pae01110
pae:PA5243	PA5243	pae01110
pae:PA5258	PA5258	pae01110
pae:PA5259	PA5259	pae01110
pae:PA5260	PA5260	pae01110
pae:PA5263	PA5263	pae01110
pae:PA5277	PA5277	pae01110
pae:PA5278	PA5278	pae01110
pae:PA5281	PA5281	pae01110
pae:PA5298	PA5298	pae01110
pae:PA5322	PA5322	pae01110
pae:PA5323	PA5323	pae01110
pae:PA5353	PA5353	pae01110
pae:PA5354	PA5354	pae01110
pae:PA5355	PA5355	pae01110
pae:PA5357	PA5357	pae01110
pae:PA5358	PA5358	pae01110
pae:PA5379	PA5379	pae01110
pae:PA5390	PA5390	pae01110
pae:PA5413	PA5413	pae01110
pae:PA5415	PA5415	pae01110
pae:PA5422	PA5422	pae01110
pae:PA5425	PA5425	pae01110
pae:PA5426	PA5426	pae01110
pae:PA5427	PA5427	pae01110
pae:PA5439	PA5439	pae01110
pae:PA5445	PA5445	pae01110
pae:PA5452	PA5452	pae01110
pae:PA5495	PA5495	pae01110
pae:PA5508	PA5508	pae01110
pae:PA5522	PA5522	pae01110
pae:PA5523	PA5523	pae01110
pae:PA5524	PA5524	pae01110
pae:PA0130	PA0130	pae01120
pae:PA0153	PA0153	pae01120
pae:PA0154	PA0154	pae01120
pae:PA0202	PA0202	pae01120
pae:PA0223	PA0223	pae01120
pae:PA0224	PA0224	pae01120
pae:PA0226	PA0226	pae01120
pae:PA0227	PA0227	pae01120
pae:PA0228	PA0228	pae01120
pae:PA0230	PA0230	pae01120
pae:PA0231	PA0231	pae01120
pae:PA0232	PA0232	pae01120
pae:PA0247	PA0247	pae01120
pae:PA0265	PA0265	pae01120
pae:PA0266	PA0266	pae01120
pae:PA0296	PA0296	pae01120
pae:PA0298	PA0298	pae01120
pae:PA0316	PA0316	pae01120
pae:PA0330	PA0330	pae01120
pae:PA0390	PA0390	pae01120
pae:PA0430	PA0430	pae01120
pae:PA0446	PA0446	pae01120
pae:PA0447	PA0447	pae01120
pae:PA0480	PA0480	pae01120
pae:PA0482	PA0482	pae01120
pae:PA0493	PA0493	pae01120
pae:PA0494	PA0494	pae01120
pae:PA0506	PA0506	pae01120
pae:PA0507	PA0507	pae01120
pae:PA0508	PA0508	pae01120
pae:PA0510	PA0510	pae01120
pae:PA0519	PA0519	pae01120
pae:PA0523	PA0523	pae01120
pae:PA0524	PA0524	pae01120
pae:PA0530	PA0530	pae01120
pae:PA0548	PA0548	pae01120
pae:PA0552	PA0552	pae01120
pae:PA0555	PA0555	pae01120
pae:PA0589	PA0589	pae01120
pae:PA0607	PA0607	pae01120
pae:PA0704	PA0704	pae01120
pae:PA0747	PA0747	pae01120
pae:PA0792	PA0792	pae01120
pae:PA0793	PA0793	pae01120
pae:PA0794	PA0794	pae01120
pae:PA0795	PA0795	pae01120
pae:PA0796	PA0796	pae01120
pae:PA0810	PA0810	pae01120
pae:PA0835	PA0835	pae01120
pae:PA0836	PA0836	pae01120
pae:PA0854	PA0854	pae01120
pae:PA0887	PA0887	pae01120
pae:PA0902	PA0902	pae01120
pae:PA0904	PA0904	pae01120
pae:PA0927	PA0927	pae01120
pae:PA0954	PA0954	pae01120
pae:PA0968	PA0968	pae01120
pae:PA1010	PA1010	pae01120
pae:PA1017	PA1017	pae01120
pae:PA1027	PA1027	pae01120
pae:PA1028	PA1028	pae01120
pae:PA1049	PA1049	pae01120
pae:PA1052	PA1052	pae01120
pae:PA1135	PA1135	pae01120
pae:PA1140	PA1140	pae01120
pae:PA1162	PA1162	pae01120
pae:PA1173	PA1173	pae01120
pae:PA1174	PA1174	pae01120
pae:PA1188	PA1188	pae01120
pae:PA1208	PA1208	pae01120
pae:PA1252	PA1252	pae01120
pae:PA1284	PA1284	pae01120
pae:PA1292	PA1292	pae01120
pae:PA1310	PA1310	pae01120
pae:PA1311	PA1311	pae01120
pae:PA1334	PA1334	pae01120
pae:PA1393	PA1393	pae01120
pae:PA1498	PA1498	pae01120
pae:PA1499	PA1499	pae01120
pae:PA1515	PA1515	pae01120
pae:PA1517	PA1517	pae01120
pae:PA1518	PA1518	pae01120
pae:PA1523	PA1523	pae01120
pae:PA1524	PA1524	pae01120
pae:PA1562	PA1562	pae01120
pae:PA1566	PA1566	pae01120
pae:PA1580	PA1580	pae01120
pae:PA1581	PA1581	pae01120
pae:PA1582	PA1582	pae01120
pae:PA1583	PA1583	pae01120
pae:PA1584	PA1584	pae01120
pae:PA1585	PA1585	pae01120
pae:PA1586	PA1586	pae01120
pae:PA1587	PA1587	pae01120
pae:PA1588	PA1588	pae01120
pae:PA1589	PA1589	pae01120
pae:PA1601	PA1601	pae01120
pae:PA1602	PA1602	pae01120
pae:PA1628	PA1628	pae01120
pae:PA1629	PA1629	pae01120
pae:PA1631	PA1631	pae01120
pae:PA1736	PA1736	pae01120
pae:PA1737	PA1737	pae01120
pae:PA1756	PA1756	pae01120
pae:PA1757	PA1757	pae01120
pae:PA1770	PA1770	pae01120
pae:PA1778	PA1778	pae01120
pae:PA1779	PA1779	pae01120
pae:PA1780	PA1780	pae01120
pae:PA1781	PA1781	pae01120
pae:PA1787	PA1787	pae01120
pae:PA1796	PA1796	pae01120
pae:PA1833	PA1833	pae01120
pae:PA1838	PA1838	pae01120
pae:PA1931	PA1931	pae01120
pae:PA1932	PA1932	pae01120
pae:PA1933	PA1933	pae01120
pae:PA1966	PA1966	pae01120
pae:PA1982	PA1982	pae01120
pae:PA1984	PA1984	pae01120
pae:PA2001	PA2001	pae01120
pae:PA2007	PA2007	pae01120
pae:PA2008	PA2008	pae01120
pae:PA2009	PA2009	pae01120
pae:PA2011	PA2011	pae01120
pae:PA2022	PA2022	pae01120
pae:PA2023	PA2023	pae01120
pae:PA2040	PA2040	pae01120
pae:PA2083	PA2083	pae01120
pae:PA2085	PA2085	pae01120
pae:PA2086	PA2086	pae01120
pae:PA2104	PA2104	pae01120
pae:PA2105	PA2105	pae01120
pae:PA2119	PA2119	pae01120
pae:PA2250	PA2250	pae01120
pae:PA2261	PA2261	pae01120
pae:PA2263	PA2263	pae01120
pae:PA2264	PA2264	pae01120
pae:PA2265	PA2265	pae01120
pae:PA2266	PA2266	pae01120
pae:PA2275	PA2275	pae01120
pae:PA2321	PA2321	pae01120
pae:PA2323	PA2323	pae01120
pae:PA2345	PA2345	pae01120
pae:PA2356	PA2356	pae01120
pae:PA2357	PA2357	pae01120
pae:PA2413	PA2413	pae01120
pae:PA2444	PA2444	pae01120
pae:PA2470	PA2470	pae01120
pae:PA2471	PA2471	pae01120
pae:PA2473	PA2473	pae01120
pae:PA2481	PA2481	pae01120
pae:PA2507	PA2507	pae01120
pae:PA2508	PA2508	pae01120
pae:PA2509	PA2509	pae01120
pae:PA2512	PA2512	pae01120
pae:PA2513	PA2513	pae01120
pae:PA2514	PA2514	pae01120
pae:PA2515	PA2515	pae01120
pae:PA2516	PA2516	pae01120
pae:PA2517	PA2517	pae01120
pae:PA2518	PA2518	pae01120
pae:PA2552	PA2552	pae01120
pae:PA2553	PA2553	pae01120
pae:PA2555	PA2555	pae01120
pae:PA2566	PA2566	pae01120
pae:PA2598	PA2598	pae01120
pae:PA2600	PA2600	pae01120
pae:PA2611	PA2611	pae01120
pae:PA2623	PA2623	pae01120
pae:PA2624	PA2624	pae01120
pae:PA2634	PA2634	pae01120
pae:PA2682	PA2682	pae01120
pae:PA2709	PA2709	pae01120
pae:PA2796	PA2796	pae01120
pae:PA2887	PA2887	pae01120
pae:PA2888	PA2888	pae01120
pae:PA2889	PA2889	pae01120
pae:PA2890	PA2890	pae01120
pae:PA2891	PA2891	pae01120
pae:PA2892	PA2892	pae01120
pae:PA2893	PA2893	pae01120
pae:PA2932	PA2932	pae01120
pae:PA2940	PA2940	pae01120
pae:PA2950	PA2950	pae01120
pae:PA3001	PA3001	pae01120
pae:PA3013	PA3013	pae01120
pae:PA3014	PA3014	pae01120
pae:PA3068	PA3068	pae01120
pae:PA3107	PA3107	pae01120
pae:PA3112	PA3112	pae01120
pae:PA3117	PA3117	pae01120
pae:PA3131	PA3131	pae01120
pae:PA3134	PA3134	pae01120
pae:PA3167	PA3167	pae01120
pae:PA3181	PA3181	pae01120
pae:PA3182	PA3182	pae01120
pae:PA3183	PA3183	pae01120
pae:PA3193	PA3193	pae01120
pae:PA3194	PA3194	pae01120
pae:PA3195	PA3195	pae01120
pae:PA3226	PA3226	pae01120
pae:PA3302	PA3302	pae01120
pae:PA3356	PA3356	pae01120
pae:PA3366	PA3366	pae01120
pae:PA3392	PA3392	pae01120
pae:PA3444	PA3444	pae01120
pae:PA3446	PA3446	pae01120
pae:PA3452	PA3452	pae01120
pae:PA3454	PA3454	pae01120
pae:PA3498	PA3498	pae01120
pae:PA3559	PA3559	pae01120
pae:PA3560	PA3560	pae01120
pae:PA3570	PA3570	pae01120
pae:PA3590	PA3590	pae01120
pae:PA3591	PA3591	pae01120
pae:PA3628	PA3628	pae01120
pae:PA3629	PA3629	pae01120
pae:PA3635	PA3635	pae01120
pae:PA3639	PA3639	pae01120
pae:PA3659	PA3659	pae01120
pae:PA3666	PA3666	pae01120
pae:PA3687	PA3687	pae01120
pae:PA3735	PA3735	pae01120
pae:PA3736	PA3736	pae01120
pae:PA3809	PA3809	pae01120
pae:PA3816	PA3816	pae01120
pae:PA3872	PA3872	pae01120
pae:PA3874	PA3874	pae01120
pae:PA3875	PA3875	pae01120
pae:PA3896	PA3896	pae01120
pae:PA3925	PA3925	pae01120
pae:PA3954	PA3954	pae01120
pae:PA3977	PA3977	pae01120
pae:PA4019	PA4019	pae01120
pae:PA4022	PA4022	pae01120
pae:PA4073	PA4073	pae01120
pae:PA4088	PA4088	pae01120
pae:PA4091	PA4091	pae01120
pae:PA4092	PA4092	pae01120
pae:PA4095	PA4095	pae01120
pae:PA4121	PA4121	pae01120
pae:PA4122	PA4122	pae01120
pae:PA4123	PA4123	pae01120
pae:PA4124	PA4124	pae01120
pae:PA4125	PA4125	pae01120
pae:PA4127	PA4127	pae01120
pae:PA4128	PA4128	pae01120
pae:PA4130	PA4130	pae01120
pae:PA4152	PA4152	pae01120
pae:PA4163	PA4163	pae01120
pae:PA4188	PA4188	pae01120
pae:PA4198	PA4198	pae01120
pae:PA4199	PA4199	pae01120
pae:PA4204	PA4204	pae01120
pae:PA4329	PA4329	pae01120
pae:PA4333	PA4333	pae01120
pae:PA4342	PA4342	pae01120
pae:PA4442	PA4442	pae01120
pae:PA4443	PA4443	pae01120
pae:PA4470	PA4470	pae01120
pae:PA4486	PA4486	pae01120
pae:PA4513	PA4513	pae01120
pae:PA4571	PA4571	pae01120
pae:PA4588	PA4588	pae01120
pae:PA4602	PA4602	pae01120
pae:PA4626	PA4626	pae01120
pae:PA4640	PA4640	pae01120
pae:PA4666	PA4666	pae01120
pae:PA4670	PA4670	pae01120
pae:PA4732	PA4732	pae01120
pae:PA4733	PA4733	pae01120
pae:PA4748	PA4748	pae01120
pae:PA4759	PA4759	pae01120
pae:PA4785	PA4785	pae01120
pae:PA4810	PA4810	pae01120
pae:PA4811	PA4811	pae01120
pae:PA4812	PA4812	pae01120
pae:PA4829	PA4829	pae01120
pae:PA4847	PA4847	pae01120
pae:PA4848	PA4848	pae01120
pae:PA4865	PA4865	pae01120
pae:PA4867	PA4867	pae01120
pae:PA4868	PA4868	pae01120
pae:PA4899	PA4899	pae01120
pae:PA4901	PA4901	pae01120
pae:PA4904	PA4904	pae01120
pae:PA4905	PA4905	pae01120
pae:PA4956	PA4956	pae01120
pae:PA4960	PA4960	pae01120
pae:PA4980	PA4980	pae01120
pae:PA5015	PA5015	pae01120
pae:PA5016	PA5016	pae01120
pae:PA5035	PA5035	pae01120
pae:PA5036	PA5036	pae01120
pae:PA5046	PA5046	pae01120
pae:PA5110	PA5110	pae01120
pae:PA5119	PA5119	pae01120
pae:PA5131	PA5131	pae01120
pae:PA5173	PA5173	pae01120
pae:PA5175	PA5175	pae01120
pae:PA5187	PA5187	pae01120
pae:PA5192	PA5192	pae01120
pae:PA5243	PA5243	pae01120
pae:PA5258	PA5258	pae01120
pae:PA5259	PA5259	pae01120
pae:PA5260	PA5260	pae01120
pae:PA5277	PA5277	pae01120
pae:PA5278	PA5278	pae01120
pae:PA5322	PA5322	pae01120
pae:PA5353	PA5353	pae01120
pae:PA5354	PA5354	pae01120
pae:PA5355	PA5355	pae01120
pae:PA5413	PA5413	pae01120
pae:PA5415	PA5415	pae01120
pae:PA5421	PA5421	pae01120
pae:PA5422	PA5422	pae01120
pae:PA5427	PA5427	pae01120
pae:PA5435	PA5435	pae01120
pae:PA5436	PA5436	pae01120
pae:PA5439	PA5439	pae01120
pae:PA5445	PA5445	pae01120
pae:PA5495	PA5495	pae01120
pae:PA5508	PA5508	pae01120
pae:PA5522	PA5522	pae01120
pae:PA5523	PA5523	pae01120
pae:PA0130	PA0130	pae01200
pae:PA0316	PA0316	pae01200
pae:PA0330	PA0330	pae01200
pae:PA0331	PA0331	pae01200
pae:PA0430	PA0430	pae01200
pae:PA0482	PA0482	pae01200
pae:PA0493	PA0493	pae01200
pae:PA0494	PA0494	pae01200
pae:PA0548	PA0548	pae01200
pae:PA0552	PA0552	pae01200
pae:PA0555	PA0555	pae01200
pae:PA0607	PA0607	pae01200
pae:PA0747	PA0747	pae01200
pae:PA0792	PA0792	pae01200
pae:PA0793	PA0793	pae01200
pae:PA0794	PA0794	pae01200
pae:PA0795	PA0795	pae01200
pae:PA0796	PA0796	pae01200
pae:PA0835	PA0835	pae01200
pae:PA0836	PA0836	pae01200
pae:PA0851	PA0851	pae01200
pae:PA0854	PA0854	pae01200
pae:PA0887	PA0887	pae01200
pae:PA1061	PA1061	pae01200
pae:PA1326	PA1326	pae01200
pae:PA1498	PA1498	pae01200
pae:PA1499	PA1499	pae01200
pae:PA1562	PA1562	pae01200
pae:PA1580	PA1580	pae01200
pae:PA1581	PA1581	pae01200
pae:PA1582	PA1582	pae01200
pae:PA1583	PA1583	pae01200
pae:PA1584	PA1584	pae01200
pae:PA1585	PA1585	pae01200
pae:PA1586	PA1586	pae01200
pae:PA1587	PA1587	pae01200
pae:PA1588	PA1588	pae01200
pae:PA1589	PA1589	pae01200
pae:PA1628	PA1628	pae01200
pae:PA1736	PA1736	pae01200
pae:PA1737	PA1737	pae01200
pae:PA1757	PA1757	pae01200
pae:PA1770	PA1770	pae01200
pae:PA1787	PA1787	pae01200
pae:PA1796	PA1796	pae01200
pae:PA2001	PA2001	pae01200
pae:PA2104	PA2104	pae01200
pae:PA2105	PA2105	pae01200
pae:PA2147	PA2147	pae01200
pae:PA2250	PA2250	pae01200
pae:PA2321	PA2321	pae01200
pae:PA2323	PA2323	pae01200
pae:PA2442	PA2442	pae01200
pae:PA2443	PA2443	pae01200
pae:PA2444	PA2444	pae01200
pae:PA2445	PA2445	pae01200
pae:PA2446	PA2446	pae01200
pae:PA2552	PA2552	pae01200
pae:PA2553	PA2553	pae01200
pae:PA2555	PA2555	pae01200
pae:PA2623	PA2623	pae01200
pae:PA2624	PA2624	pae01200
pae:PA2634	PA2634	pae01200
pae:PA2709	PA2709	pae01200
pae:PA2796	PA2796	pae01200
pae:PA2950	PA2950	pae01200
pae:PA3001	PA3001	pae01200
pae:PA3014	PA3014	pae01200
pae:PA3112	PA3112	pae01200
pae:PA3131	PA3131	pae01200
pae:PA3167	PA3167	pae01200
pae:PA3181	PA3181	pae01200
pae:PA3182	PA3182	pae01200
pae:PA3183	PA3183	pae01200
pae:PA3193	PA3193	pae01200
pae:PA3194	PA3194	pae01200
pae:PA3195	PA3195	pae01200
pae:PA3302	PA3302	pae01200
pae:PA3452	PA3452	pae01200
pae:PA3471	PA3471	pae01200
pae:PA3570	PA3570	pae01200
pae:PA3590	PA3590	pae01200
pae:PA3628	PA3628	pae01200
pae:PA3629	PA3629	pae01200
pae:PA3635	PA3635	pae01200
pae:PA3639	PA3639	pae01200
pae:PA3687	PA3687	pae01200
pae:PA3816	PA3816	pae01200
pae:PA3925	PA3925	pae01200
pae:PA4152	PA4152	pae01200
pae:PA4204	PA4204	pae01200
pae:PA4236	PA4236	pae01200
pae:PA4329	PA4329	pae01200
pae:PA4333	PA4333	pae01200
pae:PA4470	PA4470	pae01200
pae:PA4602	PA4602	pae01200
pae:PA4613	PA4613	pae01200
pae:PA4626	PA4626	pae01200
pae:PA4640	PA4640	pae01200
pae:PA4670	PA4670	pae01200
pae:PA4732	PA4732	pae01200
pae:PA4733	PA4733	pae01200
pae:PA4748	PA4748	pae01200
pae:PA4785	PA4785	pae01200
pae:PA4796	PA4796	pae01200
pae:PA4810	PA4810	pae01200
pae:PA4811	PA4811	pae01200
pae:PA4812	PA4812	pae01200
pae:PA4829	PA4829	pae01200
pae:PA4847	PA4847	pae01200
pae:PA4848	PA4848	pae01200
pae:PA4960	PA4960	pae01200
pae:PA5015	PA5015	pae01200
pae:PA5016	PA5016	pae01200
pae:PA5046	PA5046	pae01200
pae:PA5110	PA5110	pae01200
pae:PA5131	PA5131	pae01200
pae:PA5173	PA5173	pae01200
pae:PA5192	PA5192	pae01200
pae:PA5213	PA5213	pae01200
pae:PA5214	PA5214	pae01200
pae:PA5215	PA5215	pae01200
pae:PA5379	PA5379	pae01200
pae:PA5415	PA5415	pae01200
pae:PA5421	PA5421	pae01200
pae:PA5435	PA5435	pae01200
pae:PA5436	PA5436	pae01200
pae:PA5439	PA5439	pae01200
pae:PA5445	PA5445	pae01200
pae:PA0353	PA0353	pae01210
pae:PA0530	PA0530	pae01210
pae:PA0662	PA0662	pae01210
pae:PA0795	PA0795	pae01210
pae:PA0870	PA0870	pae01210
pae:PA0904	PA0904	pae01210
pae:PA1417	PA1417	pae01210
pae:PA1562	PA1562	pae01210
pae:PA1580	PA1580	pae01210
pae:PA1585	PA1585	pae01210
pae:PA1586	PA1586	pae01210
pae:PA1587	PA1587	pae01210
pae:PA1654	PA1654	pae01210
pae:PA1787	PA1787	pae01210
pae:PA2035	PA2035	pae01210
pae:PA2247	PA2247	pae01210
pae:PA2248	PA2248	pae01210
pae:PA2249	PA2249	pae01210
pae:PA2250	PA2250	pae01210
pae:PA2413	PA2413	pae01210
pae:PA2623	PA2623	pae01210
pae:PA2624	PA2624	pae01210
pae:PA2828	PA2828	pae01210
pae:PA3117	PA3117	pae01210
pae:PA3118	PA3118	pae01210
pae:PA3120	PA3120	pae01210
pae:PA3121	PA3121	pae01210
pae:PA3415	PA3415	pae01210
pae:PA3416	PA3416	pae01210
pae:PA3417	PA3417	pae01210
pae:PA3506	PA3506	pae01210
pae:PA3792	PA3792	pae01210
pae:PA4152	PA4152	pae01210
pae:PA4180	PA4180	pae01210
pae:PA4402	PA4402	pae01210
pae:PA4534	PA4534	pae01210
pae:PA4694	PA4694	pae01210
pae:PA4695	PA4695	pae01210
pae:PA4696	PA4696	pae01210
pae:PA4829	PA4829	pae01210
pae:PA5013	PA5013	pae01210
pae:PA5015	PA5015	pae01210
pae:PA5016	PA5016	pae01210
pae:PA5204	PA5204	pae01210
pae:PA5206	PA5206	pae01210
pae:PA5323	PA5323	pae01210
pae:PA5390	PA5390	pae01210
pae:PA0098	PA0098	pae01212
pae:PA0182	PA0182	pae01212
pae:PA0286	PA0286	pae01212
pae:PA0493	PA0493	pae01212
pae:PA0494	PA0494	pae01212
pae:PA0879	PA0879	pae01212
pae:PA1187	PA1187	pae01212
pae:PA1373	PA1373	pae01212
pae:PA1470	PA1470	pae01212
pae:PA1535	PA1535	pae01212
pae:PA1609	PA1609	pae01212
pae:PA1610	PA1610	pae01212
pae:PA1617	PA1617	pae01212
pae:PA1629	PA1629	pae01212
pae:PA1736	PA1736	pae01212
pae:PA1737	PA1737	pae01212
pae:PA1806	PA1806	pae01212
pae:PA2001	PA2001	pae01212
pae:PA2550	PA2550	pae01212
pae:PA2552	PA2552	pae01212
pae:PA2553	PA2553	pae01212
pae:PA2815	PA2815	pae01212
pae:PA2940	PA2940	pae01212
pae:PA2950	PA2950	pae01212
pae:PA2965	PA2965	pae01212
pae:PA2967	PA2967	pae01212
pae:PA2968	PA2968	pae01212
pae:PA3013	PA3013	pae01212
pae:PA3014	PA3014	pae01212
pae:PA3112	PA3112	pae01212
pae:PA3299	PA3299	pae01212
pae:PA3300	PA3300	pae01212
pae:PA3333	PA3333	pae01212
pae:PA3454	PA3454	pae01212
pae:PA3591	PA3591	pae01212
pae:PA3639	PA3639	pae01212
pae:PA3645	PA3645	pae01212
pae:PA3925	PA3925	pae01212
pae:PA4089	PA4089	pae01212
pae:PA4389	PA4389	pae01212
pae:PA4435	PA4435	pae01212
pae:PA4785	PA4785	pae01212
pae:PA4786	PA4786	pae01212
pae:PA4847	PA4847	pae01212
pae:PA4848	PA4848	pae01212
pae:PA4888	PA4888	pae01212
pae:PA4889	PA4889	pae01212
pae:PA4979	PA4979	pae01212
pae:PA4994	PA4994	pae01212
pae:PA5174	PA5174	pae01212
pae:PA5524	PA5524	pae01212
pae:PA0153	PA0153	pae01220
pae:PA0154	PA0154	pae01220
pae:PA0230	PA0230	pae01220
pae:PA0231	PA0231	pae01220
pae:PA0232	PA0232	pae01220
pae:PA0247	PA0247	pae01220
pae:PA0480	PA0480	pae01220
pae:PA1966	PA1966	pae01220
pae:PA2083	PA2083	pae01220
pae:PA2085	PA2085	pae01220
pae:PA2507	PA2507	pae01220
pae:PA2508	PA2508	pae01220
pae:PA2509	PA2509	pae01220
pae:PA2515	PA2515	pae01220
pae:PA2516	PA2516	pae01220
pae:PA2517	PA2517	pae01220
pae:PA2518	PA2518	pae01220
pae:PA3226	PA3226	pae01220
pae:PA3629	PA3629	pae01220
pae:PA4019	PA4019	pae01220
pae:PA4091	PA4091	pae01220
pae:PA4092	PA4092	pae01220
pae:PA4121	PA4121	pae01220
pae:PA4122	PA4122	pae01220
pae:PA4123	PA4123	pae01220
pae:PA4124	PA4124	pae01220
pae:PA4125	PA4125	pae01220
pae:PA4486	PA4486	pae01220
pae:PA5427	PA5427	pae01220
pae:PA0025	PA0025	pae01230
pae:PA0035	PA0035	pae01230
pae:PA0036	PA0036	pae01230
pae:PA0051	PA0051	pae01230
pae:PA0223	PA0223	pae01230
pae:PA0245	PA0245	pae01230
pae:PA0296	PA0296	pae01230
pae:PA0298	PA0298	pae01230
pae:PA0316	PA0316	pae01230
pae:PA0330	PA0330	pae01230
pae:PA0331	PA0331	pae01230
pae:PA0335	PA0335	pae01230
pae:PA0353	PA0353	pae01230
pae:PA0390	PA0390	pae01230
pae:PA0393	PA0393	pae01230
pae:PA0399	PA0399	pae01230
pae:PA0400	PA0400	pae01230
pae:PA0530	PA0530	pae01230
pae:PA0546	PA0546	pae01230
pae:PA0548	PA0548	pae01230
pae:PA0552	PA0552	pae01230
pae:PA0555	PA0555	pae01230
pae:PA0607	PA0607	pae01230
pae:PA0609	PA0609	pae01230
pae:PA0649	PA0649	pae01230
pae:PA0650	PA0650	pae01230
pae:PA0651	PA0651	pae01230
pae:PA0662	PA0662	pae01230
pae:PA0795	PA0795	pae01230
pae:PA0851	PA0851	pae01230
pae:PA0870	PA0870	pae01230
pae:PA0872	PA0872	pae01230
pae:PA0902	PA0902	pae01230
pae:PA0904	PA0904	pae01230
pae:PA0932	PA0932	pae01230
pae:PA1001	PA1001	pae01230
pae:PA1002	PA1002	pae01230
pae:PA1010	PA1010	pae01230
pae:PA1061	PA1061	pae01230
pae:PA1143	PA1143	pae01230
pae:PA1162	PA1162	pae01230
pae:PA1326	PA1326	pae01230
pae:PA1417	PA1417	pae01230
pae:PA1498	PA1498	pae01230
pae:PA1562	PA1562	pae01230
pae:PA1566	PA1566	pae01230
pae:PA1580	PA1580	pae01230
pae:PA1681	PA1681	pae01230
pae:PA1750	PA1750	pae01230
pae:PA1757	PA1757	pae01230
pae:PA1787	PA1787	pae01230
pae:PA1843	PA1843	pae01230
pae:PA1901	PA1901	pae01230
pae:PA1927	PA1927	pae01230
pae:PA2035	PA2035	pae01230
pae:PA2040	PA2040	pae01230
pae:PA2084	PA2084	pae01230
pae:PA2104	PA2104	pae01230
pae:PA2105	PA2105	pae01230
pae:PA2413	PA2413	pae01230
pae:PA2443	PA2443	pae01230
pae:PA2444	PA2444	pae01230
pae:PA2531	PA2531	pae01230
pae:PA2623	PA2623	pae01230
pae:PA2624	PA2624	pae01230
pae:PA2709	PA2709	pae01230
pae:PA2796	PA2796	pae01230
pae:PA2828	PA2828	pae01230
pae:PA2843	PA2843	pae01230
pae:PA2943	PA2943	pae01230
pae:PA3001	PA3001	pae01230
pae:PA3113	PA3113	pae01230
pae:PA3117	PA3117	pae01230
pae:PA3118	PA3118	pae01230
pae:PA3120	PA3120	pae01230
pae:PA3121	PA3121	pae01230
pae:PA3139	PA3139	pae01230
pae:PA3151	PA3151	pae01230
pae:PA3152	PA3152	pae01230
pae:PA3165	PA3165	pae01230
pae:PA3166	PA3166	pae01230
pae:PA3167	PA3167	pae01230
pae:PA3195	PA3195	pae01230
pae:PA3356	PA3356	pae01230
pae:PA3459	PA3459	pae01230
pae:PA3475	PA3475	pae01230
pae:PA3506	PA3506	pae01230
pae:PA3525	PA3525	pae01230
pae:PA3537	PA3537	pae01230
pae:PA3635	PA3635	pae01230
pae:PA3659	PA3659	pae01230
pae:PA3666	PA3666	pae01230
pae:PA3735	PA3735	pae01230
pae:PA3736	PA3736	pae01230
pae:PA3792	PA3792	pae01230
pae:PA3816	PA3816	pae01230
pae:PA4007	PA4007	pae01230
pae:PA4180	PA4180	pae01230
pae:PA4188	PA4188	pae01230
pae:PA4212	PA4212	pae01230
pae:PA4329	PA4329	pae01230
pae:PA4402	PA4402	pae01230
pae:PA4447	PA4447	pae01230
pae:PA4448	PA4448	pae01230
pae:PA4449	PA4449	pae01230
pae:PA4534	PA4534	pae01230
pae:PA4565	PA4565	pae01230
pae:PA4602	PA4602	pae01230
pae:PA4670	PA4670	pae01230
pae:PA4694	PA4694	pae01230
pae:PA4695	PA4695	pae01230
pae:PA4696	PA4696	pae01230
pae:PA4748	PA4748	pae01230
pae:PA4759	PA4759	pae01230
pae:PA4846	PA4846	pae01230
pae:PA4939	PA4939	pae01230
pae:PA4960	PA4960	pae01230
pae:PA5013	PA5013	pae01230
pae:PA5035	PA5035	pae01230
pae:PA5036	PA5036	pae01230
pae:PA5038	PA5038	pae01230
pae:PA5039	PA5039	pae01230
pae:PA5066	PA5066	pae01230
pae:PA5067	PA5067	pae01230
pae:PA5119	PA5119	pae01230
pae:PA5131	PA5131	pae01230
pae:PA5140	PA5140	pae01230
pae:PA5141	PA5141	pae01230
pae:PA5142	PA5142	pae01230
pae:PA5143	PA5143	pae01230
pae:PA5172	PA5172	pae01230
pae:PA5184	PA5184	pae01230
pae:PA5204	PA5204	pae01230
pae:PA5206	PA5206	pae01230
pae:PA5263	PA5263	pae01230
pae:PA5277	PA5277	pae01230
pae:PA5278	PA5278	pae01230
pae:PA5323	PA5323	pae01230
pae:PA5379	PA5379	pae01230
pae:PA5390	PA5390	pae01230
pae:PA5413	PA5413	pae01230
pae:PA5415	PA5415	pae01230
pae:PA5435	PA5435	pae01230
pae:PA5436	PA5436	pae01230
pae:PA5495	PA5495	pae01230
pae:PA5508	PA5508	pae01230
pae:PA5522	PA5522	pae01230
pae:PA0134	PA0134	pae01232
pae:PA0148	PA0148	pae01232
pae:PA0342	PA0342	pae01232
pae:PA0387	PA0387	pae01232
pae:PA0403	PA0403	pae01232
pae:PA0437	PA0437	pae01232
pae:PA0560	PA0560	pae01232
pae:PA0935	PA0935	pae01232
pae:PA1124	PA1124	pae01232
pae:PA1155	PA1155	pae01232
pae:PA1156	PA1156	pae01232
pae:PA1469	PA1469	pae01232
pae:PA1521	PA1521	pae01232
pae:PA1523	PA1523	pae01232
pae:PA1524	PA1524	pae01232
pae:PA1543	PA1543	pae01232
pae:PA1574	PA1574	pae01232
pae:PA1920	PA1920	pae01232
pae:PA1931	PA1931	pae01232
pae:PA1932	PA1932	pae01232
pae:PA1933	PA1933	pae01232
pae:PA2499	PA2499	pae01232
pae:PA2629	PA2629	pae01232
pae:PA2962	PA2962	pae01232
pae:PA3043	PA3043	pae01232
pae:PA3163	PA3163	pae01232
pae:PA3480	PA3480	pae01232
pae:PA3516	PA3516	pae01232
pae:PA3517	PA3517	pae01232
pae:PA3625	PA3625	pae01232
pae:PA3637	PA3637	pae01232
pae:PA3654	PA3654	pae01232
pae:PA3686	PA3686	pae01232
pae:PA3769	PA3769	pae01232
pae:PA3770	PA3770	pae01232
pae:PA3807	PA3807	pae01232
pae:PA3970	PA3970	pae01232
pae:PA4115	PA4115	pae01232
pae:PA4478	PA4478	pae01232
pae:PA4543	PA4543	pae01232
pae:PA4645	PA4645	pae01232
pae:PA4646	PA4646	pae01232
pae:PA4938	PA4938	pae01232
pae:PA5177	PA5177	pae01232
pae:PA5298	PA5298	pae01232
pae:PA5321	PA5321	pae01232
pae:PA5336	PA5336	pae01232
pae:PA5497	PA5497	pae01232
pae:PA0024	PA0024	pae01240
pae:PA0098	PA0098	pae01240
pae:PA0112	PA0112	pae01240
pae:PA0113	PA0113	pae01240
pae:PA0182	PA0182	pae01240
pae:PA0350	PA0350	pae01240
pae:PA0363	PA0363	pae01240
pae:PA0381	PA0381	pae01240
pae:PA0401	PA0401	pae01240
pae:PA0402	PA0402	pae01240
pae:PA0407	PA0407	pae01240
pae:PA0420	PA0420	pae01240
pae:PA0500	PA0500	pae01240
pae:PA0501	PA0501	pae01240
pae:PA0502	PA0502	pae01240
pae:PA0503	PA0503	pae01240
pae:PA0504	PA0504	pae01240
pae:PA0510	PA0510	pae01240
pae:PA0512	PA0512	pae01240
pae:PA0513	PA0513	pae01240
pae:PA0514	PA0514	pae01240
pae:PA0515	PA0515	pae01240
pae:PA0546	PA0546	pae01240
pae:PA0551	PA0551	pae01240
pae:PA0582	PA0582	pae01240
pae:PA0583	PA0583	pae01240
pae:PA0593	PA0593	pae01240
pae:PA0655	PA0655	pae01240
pae:PA0661	PA0661	pae01240
pae:PA0761	PA0761	pae01240
pae:PA0773	PA0773	pae01240
pae:PA0853	PA0853	pae01240
pae:PA0865	PA0865	pae01240
pae:PA0949	PA0949	pae01240
pae:PA1004	PA1004	pae01240
pae:PA1049	PA1049	pae01240
pae:PA1224	PA1224	pae01240
pae:PA1225	PA1225	pae01240
pae:PA1272	PA1272	pae01240
pae:PA1273	PA1273	pae01240
pae:PA1274	PA1274	pae01240
pae:PA1275	PA1275	pae01240
pae:PA1276	PA1276	pae01240
pae:PA1277	PA1277	pae01240
pae:PA1278	PA1278	pae01240
pae:PA1279	PA1279	pae01240
pae:PA1280	PA1280	pae01240
pae:PA1281	PA1281	pae01240
pae:PA1321	PA1321	pae01240
pae:PA1373	PA1373	pae01240
pae:PA1375	PA1375	pae01240
pae:PA1470	PA1470	pae01240
pae:PA1505	PA1505	pae01240
pae:PA1546	PA1546	pae01240
pae:PA1587	PA1587	pae01240
pae:PA1598	PA1598	pae01240
pae:PA1609	PA1609	pae01240
pae:PA1618	PA1618	pae01240
pae:PA1674	PA1674	pae01240
pae:PA1752	PA1752	pae01240
pae:PA1758	PA1758	pae01240
pae:PA1778	PA1778	pae01240
pae:PA1796	PA1796	pae01240
pae:PA1806	PA1806	pae01240
pae:PA1923	PA1923	pae01240
pae:PA2022	PA2022	pae01240
pae:PA2023	PA2023	pae01240
pae:PA2062	PA2062	pae01240
pae:PA2080	PA2080	pae01240
pae:PA2081	PA2081	pae01240
pae:PA2212	PA2212	pae01240
pae:PA2250	PA2250	pae01240
pae:PA2444	PA2444	pae01240
pae:PA2579	PA2579	pae01240
pae:PA2611	PA2611	pae01240
pae:PA2629	PA2629	pae01240
pae:PA2666	PA2666	pae01240
pae:PA2876	PA2876	pae01240
pae:PA2903	PA2903	pae01240
pae:PA2904	PA2904	pae01240
pae:PA2905	PA2905	pae01240
pae:PA2906	PA2906	pae01240
pae:PA2907	PA2907	pae01240
pae:PA2908	PA2908	pae01240
pae:PA2909	PA2909	pae01240
pae:PA2944	PA2944	pae01240
pae:PA2947	PA2947	pae01240
pae:PA2948	PA2948	pae01240
pae:PA2964	PA2964	pae01240
pae:PA2965	PA2965	pae01240
pae:PA2967	PA2967	pae01240
pae:PA3028	PA3028	pae01240
pae:PA3029	PA3029	pae01240
pae:PA3050	PA3050	pae01240
pae:PA3088	PA3088	pae01240
pae:PA3111	PA3111	pae01240
pae:PA3134	PA3134	pae01240
pae:PA3167	PA3167	pae01240
pae:PA3171	PA3171	pae01240
pae:PA3296	PA3296	pae01240
pae:PA3438	PA3438	pae01240
pae:PA3505	PA3505	pae01240
pae:PA3527	PA3527	pae01240
pae:PA3559	PA3559	pae01240
pae:PA3637	PA3637	pae01240
pae:PA3645	PA3645	pae01240
pae:PA3654	PA3654	pae01240
pae:PA3686	PA3686	pae01240
pae:PA3807	PA3807	pae01240
pae:PA3814	PA3814	pae01240
pae:PA3870	PA3870	pae01240
pae:PA3910	PA3910	pae01240
pae:PA3911	PA3911	pae01240
pae:PA3912	PA3912	pae01240
pae:PA3913	PA3913	pae01240
pae:PA3914	PA3914	pae01240
pae:PA3915	PA3915	pae01240
pae:PA3916	PA3916	pae01240
pae:PA3918	PA3918	pae01240
pae:PA3975	PA3975	pae01240
pae:PA3976	PA3976	pae01240
pae:PA3977	PA3977	pae01240
pae:PA3996	PA3996	pae01240
pae:PA3997	PA3997	pae01240
pae:PA4006	PA4006	pae01240
pae:PA4019	PA4019	pae01240
pae:PA4047	PA4047	pae01240
pae:PA4051	PA4051	pae01240
pae:PA4053	PA4053	pae01240
pae:PA4054	PA4054	pae01240
pae:PA4055	PA4055	pae01240
pae:PA4056	PA4056	pae01240
pae:PA4088	PA4088	pae01240
pae:PA4089	PA4089	pae01240
pae:PA4279	PA4279	pae01240
pae:PA4376	PA4376	pae01240
pae:PA4389	PA4389	pae01240
pae:PA4397	PA4397	pae01240
pae:PA4399	PA4399	pae01240
pae:PA4524	PA4524	pae01240
pae:PA4529	PA4529	pae01240
pae:PA4548	PA4548	pae01240
pae:PA4561	PA4561	pae01240
pae:PA4602	PA4602	pae01240
pae:PA4655	PA4655	pae01240
pae:PA4666	PA4666	pae01240
pae:PA4728	PA4728	pae01240
pae:PA4729	PA4729	pae01240
pae:PA4730	PA4730	pae01240
pae:PA4731	PA4731	pae01240
pae:PA4750	PA4750	pae01240
pae:PA4756	PA4756	pae01240
pae:PA4758	PA4758	pae01240
pae:PA4786	PA4786	pae01240
pae:PA4829	PA4829	pae01240
pae:PA4899	PA4899	pae01240
pae:PA4918	PA4918	pae01240
pae:PA4919	PA4919	pae01240
pae:PA4920	PA4920	pae01240
pae:PA4938	PA4938	pae01240
pae:PA4973	PA4973	pae01240
pae:PA4975	PA4975	pae01240
pae:PA5013	PA5013	pae01240
pae:PA5034	PA5034	pae01240
pae:PA5063	PA5063	pae01240
pae:PA5118	PA5118	pae01240
pae:PA5203	PA5203	pae01240
pae:PA5221	PA5221	pae01240
pae:PA5223	PA5223	pae01240
pae:PA5237	PA5237	pae01240
pae:PA5243	PA5243	pae01240
pae:PA5258	PA5258	pae01240
pae:PA5259	PA5259	pae01240
pae:PA5260	PA5260	pae01240
pae:PA5281	PA5281	pae01240
pae:PA5320	PA5320	pae01240
pae:PA5331	PA5331	pae01240
pae:PA5357	PA5357	pae01240
pae:PA5358	PA5358	pae01240
pae:PA5415	PA5415	pae01240
pae:PA5516	PA5516	pae01240
pae:PA5523	PA5523	pae01240
pae:PA5524	PA5524	pae01240
pae:PA5539	PA5539	pae01240
pae:PA5541	PA5541	pae01240
pae:PA0006	PA0006	pae01250
pae:PA0596	PA0596	pae01250
pae:PA0597	PA0597	pae01250
pae:PA0666	PA0666	pae01250
pae:PA1384	PA1384	pae01250
pae:PA2022	PA2022	pae01250
pae:PA2023	PA2023	pae01250
pae:PA2232	PA2232	pae01250
pae:PA2344	PA2344	pae01250
pae:PA2977	PA2977	pae01250
pae:PA2979	PA2979	pae01250
pae:PA3141	PA3141	pae01250
pae:PA3146	PA3146	pae01250
pae:PA3148	PA3148	pae01250
pae:PA3150	PA3150	pae01250
pae:PA3155	PA3155	pae01250
pae:PA3156	PA3156	pae01250
pae:PA3158	PA3158	pae01250
pae:PA3159	PA3159	pae01250
pae:PA3172	PA3172	pae01250
pae:PA3193	PA3193	pae01250
pae:PA3337	PA3337	pae01250
pae:PA3540	PA3540	pae01250
pae:PA3551	PA3551	pae01250
pae:PA3552	PA3552	pae01250
pae:PA3554	PA3554	pae01250
pae:PA3559	PA3559	pae01250
pae:PA3636	PA3636	pae01250
pae:PA3759	PA3759	pae01250
pae:PA4068	PA4068	pae01250
pae:PA4069	PA4069	pae01250
pae:PA4425	PA4425	pae01250
pae:PA4450	PA4450	pae01250
pae:PA4457	PA4457	pae01250
pae:PA4458	PA4458	pae01250
pae:PA4732	PA4732	pae01250
pae:PA4749	PA4749	pae01250
pae:PA4996	PA4996	pae01250
pae:PA5161	PA5161	pae01250
pae:PA5162	PA5162	pae01250
pae:PA5163	PA5163	pae01250
pae:PA5164	PA5164	pae01250
pae:PA5236	PA5236	pae01250
pae:PA5322	PA5322	pae01250
pae:PA5452	PA5452	pae01250
pae:PA5453	PA5453	pae01250
pae:PA5454	PA5454	pae01250
pae:PA5549	PA5549	pae01250
pae:PA5552	PA5552	pae01250
pae:PA0519	PA0519	pae01310
pae:PA0523	PA0523	pae01310
pae:PA0524	PA0524	pae01310
pae:PA1173	PA1173	pae01310
pae:PA1174	PA1174	pae01310
pae:PA1779	PA1779	pae01310
pae:PA1780	PA1780	pae01310
pae:PA1781	PA1781	pae01310
pae:PA3392	PA3392	pae01310
pae:PA3872	PA3872	pae01310
pae:PA3874	PA3874	pae01310
pae:PA3875	PA3875	pae01310
pae:PA1393	PA1393	pae01320
pae:PA1756	PA1756	pae01320
pae:PA1838	PA1838	pae01320
pae:PA2104	PA2104	pae01320
pae:PA2481	PA2481	pae01320
pae:PA2709	PA2709	pae01320
pae:PA4130	PA4130	pae01320
pae:PA4442	PA4442	pae01320
pae:PA4443	PA4443	pae01320
pae:PA4513	PA4513	pae01320
pae:PA4571	PA4571	pae01320
pae:PA0189	PA0189	pae01501
pae:PA0424	PA0424	pae01501
pae:PA0425	PA0425	pae01501
pae:PA0426	PA0426	pae01501
pae:PA0427	PA0427	pae01501
pae:PA0958	PA0958	pae01501
pae:PA1798	PA1798	pae01501
pae:PA1799	PA1799	pae01501
pae:PA2018	PA2018	pae01501
pae:PA2019	PA2019	pae01501
pae:PA2020	PA2020	pae01501
pae:PA2272	PA2272	pae01501
pae:PA2391	PA2391	pae01501
pae:PA2525	PA2525	pae01501
pae:PA2700	PA2700	pae01501
pae:PA3005	PA3005	pae01501
pae:PA3574	PA3574	pae01501
pae:PA3719	PA3719	pae01501
pae:PA3721	PA3721	pae01501
pae:PA3894	PA3894	pae01501
pae:PA4003	PA4003	pae01501
pae:PA4109	PA4109	pae01501
pae:PA4110	PA4110	pae01501
pae:PA4144	PA4144	pae01501
pae:PA4374	PA4374	pae01501
pae:PA4375	PA4375	pae01501
pae:PA4393	PA4393	pae01501
pae:PA4418	PA4418	pae01501
pae:PA4592	PA4592	pae01501
pae:PA4974	PA4974	pae01501
pae:PA5045	PA5045	pae01501
pae:PA5158	PA5158	pae01501
pae:PA5471	PA5471	pae01501
pae:PA5514	PA5514	pae01501
pae:PA0749	PA0749	pae01502
pae:PA4201	PA4201	pae01502
pae:PA4410	PA4410	pae01502
pae:PA4412	PA4412	pae01502
pae:PA4415	PA4415	pae01502
pae:PA4416	PA4416	pae01502
pae:PA4930	PA4930	pae01502
pae:PA5302	PA5302	pae01502
pae:PA0425	PA0425	pae01503
pae:PA0426	PA0426	pae01503
pae:PA0766	PA0766	pae01503
pae:PA0920	PA0920	pae01503
pae:PA1179	PA1179	pae01503
pae:PA1180	PA1180	pae01503
pae:PA1249	PA1249	pae01503
pae:PA1798	PA1798	pae01503
pae:PA1799	PA1799	pae01503
pae:PA1972	PA1972	pae01503
pae:PA2854	PA2854	pae01503
pae:PA3204	PA3204	pae01503
pae:PA3227	PA3227	pae01503
pae:PA3310	PA3310	pae01503
pae:PA3552	PA3552	pae01503
pae:PA3553	PA3553	pae01503
pae:PA3554	PA3554	pae01503
pae:PA3555	PA3555	pae01503
pae:PA3556	PA3556	pae01503
pae:PA3557	PA3557	pae01503
pae:PA3558	PA3558	pae01503
pae:PA3644	PA3644	pae01503
pae:PA3724	PA3724	pae01503
pae:PA4144	PA4144	pae01503
pae:PA4374	PA4374	pae01503
pae:PA4375	PA4375	pae01503
pae:PA4592	PA4592	pae01503
pae:PA4947	PA4947	pae01503
pae:PA4974	PA4974	pae01503
pae:PA5489	PA5489	pae01503
pae:PA5538	PA5538	pae01503
pae:PA0030	PA0030	pae02010
pae:PA0136	PA0136	pae02010
pae:PA0137	PA0137	pae02010
pae:PA0138	PA0138	pae02010
pae:PA0146	PA0146	pae02010
pae:PA0184	PA0184	pae02010
pae:PA0185	PA0185	pae02010
pae:PA0186	PA0186	pae02010
pae:PA0203	PA0203	pae02010
pae:PA0204	PA0204	pae02010
pae:PA0205	PA0205	pae02010
pae:PA0206	PA0206	pae02010
pae:PA0280	PA0280	pae02010
pae:PA0281	PA0281	pae02010
pae:PA0282	PA0282	pae02010
pae:PA0283	PA0283	pae02010
pae:PA0295	PA0295	pae02010
pae:PA0300	PA0300	pae02010
pae:PA0301	PA0301	pae02010
pae:PA0302	PA0302	pae02010
pae:PA0303	PA0303	pae02010
pae:PA0304	PA0304	pae02010
pae:PA0313	PA0313	pae02010
pae:PA0314	PA0314	pae02010
pae:PA0323	PA0323	pae02010
pae:PA0324	PA0324	pae02010
pae:PA0325	PA0325	pae02010
pae:PA0326	PA0326	pae02010
pae:PA0374	PA0374	pae02010
pae:PA0375	PA0375	pae02010
pae:PA0888	PA0888	pae02010
pae:PA0889	PA0889	pae02010
pae:PA0890	PA0890	pae02010
pae:PA0892	PA0892	pae02010
pae:PA1070	PA1070	pae02010
pae:PA1071	PA1071	pae02010
pae:PA1072	PA1072	pae02010
pae:PA1073	PA1073	pae02010
pae:PA1074	PA1074	pae02010
pae:PA1246	PA1246	pae02010
pae:PA1256	PA1256	pae02010
pae:PA1257	PA1257	pae02010
pae:PA1258	PA1258	pae02010
pae:PA1260	PA1260	pae02010
pae:PA1339	PA1339	pae02010
pae:PA1340	PA1340	pae02010
pae:PA1341	PA1341	pae02010
pae:PA1342	PA1342	pae02010
pae:PA1386	PA1386	pae02010
pae:PA1410	PA1410	pae02010
pae:PA1475	PA1475	pae02010
pae:PA1476	PA1476	pae02010
pae:PA1477	PA1477	pae02010
pae:PA1478	PA1478	pae02010
pae:PA1493	PA1493	pae02010
pae:PA1807	PA1807	pae02010
pae:PA1808	PA1808	pae02010
pae:PA1809	PA1809	pae02010
pae:PA1810	PA1810	pae02010
pae:PA1811	PA1811	pae02010
pae:PA1861	PA1861	pae02010
pae:PA1862	PA1862	pae02010
pae:PA1863	PA1863	pae02010
pae:PA1876	PA1876	pae02010
pae:PA1946	PA1946	pae02010
pae:PA1947	PA1947	pae02010
pae:PA1948	PA1948	pae02010
pae:PA2058	PA2058	pae02010
pae:PA2059	PA2059	pae02010
pae:PA2060	PA2060	pae02010
pae:PA2061	PA2061	pae02010
pae:PA2294	PA2294	pae02010
pae:PA2295	PA2295	pae02010
pae:PA2296	PA2296	pae02010
pae:PA2307	PA2307	pae02010
pae:PA2308	PA2308	pae02010
pae:PA2309	PA2309	pae02010
pae:PA2338	PA2338	pae02010
pae:PA2339	PA2339	pae02010
pae:PA2340	PA2340	pae02010
pae:PA2341	PA2341	pae02010
pae:PA2349	PA2349	pae02010
pae:PA2350	PA2350	pae02010
pae:PA2351	PA2351	pae02010
pae:PA2390	PA2390	pae02010
pae:PA2397	PA2397	pae02010
pae:PA2407	PA2407	pae02010
pae:PA2408	PA2408	pae02010
pae:PA2409	PA2409	pae02010
pae:PA2548	PA2548	pae02010
pae:PA2592	PA2592	pae02010
pae:PA2594	PA2594	pae02010
pae:PA2595	PA2595	pae02010
pae:PA2596	PA2596	pae02010
pae:PA2599	PA2599	pae02010
pae:PA2678	PA2678	pae02010
pae:PA2711	PA2711	pae02010
pae:PA2923	PA2923	pae02010
pae:PA2924	PA2924	pae02010
pae:PA2925	PA2925	pae02010
pae:PA2926	PA2926	pae02010
pae:PA2986	PA2986	pae02010
pae:PA2987	PA2987	pae02010
pae:PA2988	PA2988	pae02010
pae:PA3187	PA3187	pae02010
pae:PA3188	PA3188	pae02010
pae:PA3189	PA3189	pae02010
pae:PA3190	PA3190	pae02010
pae:PA3211	PA3211	pae02010
pae:PA3212	PA3212	pae02010
pae:PA3213	PA3213	pae02010
pae:PA3228	PA3228	pae02010
pae:PA3236	PA3236	pae02010
pae:PA3313	PA3313	pae02010
pae:PA3314	PA3314	pae02010
pae:PA3315	PA3315	pae02010
pae:PA3316	PA3316	pae02010
pae:PA3364	PA3364	pae02010
pae:PA3382	PA3382	pae02010
pae:PA3383	PA3383	pae02010
pae:PA3384	PA3384	pae02010
pae:PA3394	PA3394	pae02010
pae:PA3395	PA3395	pae02010
pae:PA3406	PA3406	pae02010
pae:PA3442	PA3442	pae02010
pae:PA3443	PA3443	pae02010
pae:PA3445	PA3445	pae02010
pae:PA3447	PA3447	pae02010
pae:PA3448	PA3448	pae02010
pae:PA3449	PA3449	pae02010
pae:PA3538	PA3538	pae02010
pae:PA3607	PA3607	pae02010
pae:PA3608	PA3608	pae02010
pae:PA3609	PA3609	pae02010
pae:PA3610	PA3610	pae02010
pae:PA3827	PA3827	pae02010
pae:PA3828	PA3828	pae02010
pae:PA3858	PA3858	pae02010
pae:PA3865	PA3865	pae02010
pae:PA3888	PA3888	pae02010
pae:PA3889	PA3889	pae02010
pae:PA3890	PA3890	pae02010
pae:PA3891	PA3891	pae02010
pae:PA3931	PA3931	pae02010
pae:PA3936	PA3936	pae02010
pae:PA3937	PA3937	pae02010
pae:PA3938	PA3938	pae02010
pae:PA4045	PA4045	pae02010
pae:PA4143	PA4143	pae02010
pae:PA4158	PA4158	pae02010
pae:PA4159	PA4159	pae02010
pae:PA4160	PA4160	pae02010
pae:PA4161	PA4161	pae02010
pae:PA4452	PA4452	pae02010
pae:PA4453	PA4453	pae02010
pae:PA4454	PA4454	pae02010
pae:PA4455	PA4455	pae02010
pae:PA4456	PA4456	pae02010
pae:PA4461	PA4461	pae02010
pae:PA4496	PA4496	pae02010
pae:PA4497	PA4497	pae02010
pae:PA4500	PA4500	pae02010
pae:PA4502	PA4502	pae02010
pae:PA4503	PA4503	pae02010
pae:PA4504	PA4504	pae02010
pae:PA4505	PA4505	pae02010
pae:PA4506	PA4506	pae02010
pae:PA4687	PA4687	pae02010
pae:PA4688	PA4688	pae02010
pae:PA4858	PA4858	pae02010
pae:PA4859	PA4859	pae02010
pae:PA4860	PA4860	pae02010
pae:PA4861	PA4861	pae02010
pae:PA4862	PA4862	pae02010
pae:PA4909	PA4909	pae02010
pae:PA4910	PA4910	pae02010
pae:PA4911	PA4911	pae02010
pae:PA4912	PA4912	pae02010
pae:PA4913	PA4913	pae02010
pae:PA4997	PA4997	pae02010
pae:PA5094	PA5094	pae02010
pae:PA5095	PA5095	pae02010
pae:PA5096	PA5096	pae02010
pae:PA5103	PA5103	pae02010
pae:PA5152	PA5152	pae02010
pae:PA5153	PA5153	pae02010
pae:PA5154	PA5154	pae02010
pae:PA5155	PA5155	pae02010
pae:PA5216	PA5216	pae02010
pae:PA5217	PA5217	pae02010
pae:PA5317	PA5317	pae02010
pae:PA5366	PA5366	pae02010
pae:PA5367	PA5367	pae02010
pae:PA5368	PA5368	pae02010
pae:PA5369	PA5369	pae02010
pae:PA5376	PA5376	pae02010
pae:PA5377	PA5377	pae02010
pae:PA5378	PA5378	pae02010
pae:PA5388	PA5388	pae02010
pae:PA5450	PA5450	pae02010
pae:PA5451	PA5451	pae02010
pae:PA5498	PA5498	pae02010
pae:PA5500	PA5500	pae02010
pae:PA5501	PA5501	pae02010
pae:PA5503	PA5503	pae02010
pae:PA5504	PA5504	pae02010
pae:PA5505	PA5505	pae02010
pae:PA0001	PA0001	pae02020
pae:PA0034	PA0034	pae02020
pae:PA0112	PA0112	pae02020
pae:PA0119	PA0119	pae02020
pae:PA0150	PA0150	pae02020
pae:PA0173	PA0173	pae02020
pae:PA0175	PA0175	pae02020
pae:PA0176	PA0176	pae02020
pae:PA0177	PA0177	pae02020
pae:PA0178	PA0178	pae02020
pae:PA0179	PA0179	pae02020
pae:PA0180	PA0180	pae02020
pae:PA0189	PA0189	pae02020
pae:PA0190	PA0190	pae02020
pae:PA0275	PA0275	pae02020
pae:PA0296	PA0296	pae02020
pae:PA0298	PA0298	pae02020
pae:PA0408	PA0408	pae02020
pae:PA0409	PA0409	pae02020
pae:PA0410	PA0410	pae02020
pae:PA0411	PA0411	pae02020
pae:PA0412	PA0412	pae02020
pae:PA0413	PA0413	pae02020
pae:PA0414	PA0414	pae02020
pae:PA0415	PA0415	pae02020
pae:PA0463	PA0463	pae02020
pae:PA0464	PA0464	pae02020
pae:PA0471	PA0471	pae02020
pae:PA0472	PA0472	pae02020
pae:PA0518	PA0518	pae02020
pae:PA0652	PA0652	pae02020
pae:PA0749	PA0749	pae02020
pae:PA0752	PA0752	pae02020
pae:PA0753	PA0753	pae02020
pae:PA0754	PA0754	pae02020
pae:PA0756	PA0756	pae02020
pae:PA0757	PA0757	pae02020
pae:PA0766	PA0766	pae02020
pae:PA0884	PA0884	pae02020
pae:PA0885	PA0885	pae02020
pae:PA0886	PA0886	pae02020
pae:PA0905	PA0905	pae02020
pae:PA0920	PA0920	pae02020
pae:PA0928	PA0928	pae02020
pae:PA0929	PA0929	pae02020
pae:PA0930	PA0930	pae02020
pae:PA0931	PA0931	pae02020
pae:PA0958	PA0958	pae02020
pae:PA0994	PA0994	pae02020
pae:PA1092	PA1092	pae02020
pae:PA1097	PA1097	pae02020
pae:PA1098	PA1098	pae02020
pae:PA1099	PA1099	pae02020
pae:PA1157	PA1157	pae02020
pae:PA1158	PA1158	pae02020
pae:PA1179	PA1179	pae02020
pae:PA1180	PA1180	pae02020
pae:PA1183	PA1183	pae02020
pae:PA1251	PA1251	pae02020
pae:PA1301	PA1301	pae02020
pae:PA1335	PA1335	pae02020
pae:PA1336	PA1336	pae02020
pae:PA1337	PA1337	pae02020
pae:PA1339	PA1339	pae02020
pae:PA1340	PA1340	pae02020
pae:PA1341	PA1341	pae02020
pae:PA1342	PA1342	pae02020
pae:PA1423	PA1423	pae02020
pae:PA1437	PA1437	pae02020
pae:PA1438	PA1438	pae02020
pae:PA1455	PA1455	pae02020
pae:PA1456	PA1456	pae02020
pae:PA1458	PA1458	pae02020
pae:PA1459	PA1459	pae02020
pae:PA1460	PA1460	pae02020
pae:PA1463	PA1463	pae02020
pae:PA1464	PA1464	pae02020
pae:PA1552	PA1552	pae02020
pae:PA1553	PA1553	pae02020
pae:PA1554	PA1554	pae02020
pae:PA1555	PA1555	pae02020
pae:PA1556	PA1556	pae02020
pae:PA1557	PA1557	pae02020
pae:PA1561	PA1561	pae02020
pae:PA1566	PA1566	pae02020
pae:PA1608	PA1608	pae02020
pae:PA1611	PA1611	pae02020
pae:PA1632	PA1632	pae02020
pae:PA1633	PA1633	pae02020
pae:PA1634	PA1634	pae02020
pae:PA1635	PA1635	pae02020
pae:PA1636	PA1636	pae02020
pae:PA1637	PA1637	pae02020
pae:PA1638	PA1638	pae02020
pae:PA1646	PA1646	pae02020
pae:PA1736	PA1736	pae02020
pae:PA1798	PA1798	pae02020
pae:PA1799	PA1799	pae02020
pae:PA1856	PA1856	pae02020
pae:PA1911	PA1911	pae02020
pae:PA1912	PA1912	pae02020
pae:PA1930	PA1930	pae02020
pae:PA1976	PA1976	pae02020
pae:PA2001	PA2001	pae02020
pae:PA2002	PA2002	pae02020
pae:PA2018	PA2018	pae02020
pae:PA2019	PA2019	pae02020
pae:PA2040	PA2040	pae02020
pae:PA2050	PA2050	pae02020
pae:PA2051	PA2051	pae02020
pae:PA2094	PA2094	pae02020
pae:PA2101	PA2101	pae02020
pae:PA2130	PA2130	pae02020
pae:PA2207	PA2207	pae02020
pae:PA2208	PA2208	pae02020
pae:PA2209	PA2209	pae02020
pae:PA2376	PA2376	pae02020
pae:PA2467	PA2467	pae02020
pae:PA2468	PA2468	pae02020
pae:PA2479	PA2479	pae02020
pae:PA2480	PA2480	pae02020
pae:PA2523	PA2523	pae02020
pae:PA2524	PA2524	pae02020
pae:PA2526	PA2526	pae02020
pae:PA2527	PA2527	pae02020
pae:PA2528	PA2528	pae02020
pae:PA2548	PA2548	pae02020
pae:PA2553	PA2553	pae02020
pae:PA2561	PA2561	pae02020
pae:PA2573	PA2573	pae02020
pae:PA2583	PA2583	pae02020
pae:PA2586	PA2586	pae02020
pae:PA2652	PA2652	pae02020
pae:PA2654	PA2654	pae02020
pae:PA2686	PA2686	pae02020
pae:PA2687	PA2687	pae02020
pae:PA2688	PA2688	pae02020
pae:PA2700	PA2700	pae02020
pae:PA2809	PA2809	pae02020
pae:PA2810	PA2810	pae02020
pae:PA2824	PA2824	pae02020
pae:PA2899	PA2899	pae02020
pae:PA2920	PA2920	pae02020
pae:PA2978	PA2978	pae02020
pae:PA3045	PA3045	pae02020
pae:PA3204	PA3204	pae02020
pae:PA3296	PA3296	pae02020
pae:PA3345	PA3345	pae02020
pae:PA3346	PA3346	pae02020
pae:PA3347	PA3347	pae02020
pae:PA3348	PA3348	pae02020
pae:PA3349	PA3349	pae02020
pae:PA3351	PA3351	pae02020
pae:PA3356	PA3356	pae02020
pae:PA3409	PA3409	pae02020
pae:PA3471	PA3471	pae02020
pae:PA3476	PA3476	pae02020
pae:PA3540	PA3540	pae02020
pae:PA3552	PA3552	pae02020
pae:PA3658	PA3658	pae02020
pae:PA3702	PA3702	pae02020
pae:PA3703	PA3703	pae02020
pae:PA3704	PA3704	pae02020
pae:PA3705	PA3705	pae02020
pae:PA3706	PA3706	pae02020
pae:PA3707	PA3707	pae02020
pae:PA3708	PA3708	pae02020
pae:PA3714	PA3714	pae02020
pae:PA3779	PA3779	pae02020
pae:PA3780	PA3780	pae02020
pae:PA3781	PA3781	pae02020
pae:PA3872	PA3872	pae02020
pae:PA3873	PA3873	pae02020
pae:PA3874	PA3874	pae02020
pae:PA3875	PA3875	pae02020
pae:PA3878	PA3878	pae02020
pae:PA3879	PA3879	pae02020
pae:PA3899	PA3899	pae02020
pae:PA3900	PA3900	pae02020
pae:PA3910	PA3910	pae02020
pae:PA3925	PA3925	pae02020
pae:PA3929	PA3929	pae02020
pae:PA3930	PA3930	pae02020
pae:PA3946	PA3946	pae02020
pae:PA3948	PA3948	pae02020
pae:PA4080	PA4080	pae02020
pae:PA4084	PA4084	pae02020
pae:PA4133	PA4133	pae02020
pae:PA4144	PA4144	pae02020
pae:PA4290	PA4290	pae02020
pae:PA4293	PA4293	pae02020
pae:PA4296	PA4296	pae02020
pae:PA4297	PA4297	pae02020
pae:PA4299	PA4299	pae02020
pae:PA4300	PA4300	pae02020
pae:PA4301	PA4301	pae02020
pae:PA4302	PA4302	pae02020
pae:PA4303	PA4303	pae02020
pae:PA4304	PA4304	pae02020
pae:PA4305	PA4305	pae02020
pae:PA4306	PA4306	pae02020
pae:PA4307	PA4307	pae02020
pae:PA4309	PA4309	pae02020
pae:PA4310	PA4310	pae02020
pae:PA4429	PA4429	pae02020
pae:PA4430	PA4430	pae02020
pae:PA4431	PA4431	pae02020
pae:PA4462	PA4462	pae02020
pae:PA4493	PA4493	pae02020
pae:PA4494	PA4494	pae02020
pae:PA4520	PA4520	pae02020
pae:PA4525	PA4525	pae02020
pae:PA4546	PA4546	pae02020
pae:PA4547	PA4547	pae02020
pae:PA4592	PA4592	pae02020
pae:PA4616	PA4616	pae02020
pae:PA4633	PA4633	pae02020
pae:PA4648	PA4648	pae02020
pae:PA4649	PA4649	pae02020
pae:PA4650	PA4650	pae02020
pae:PA4651	PA4651	pae02020
pae:PA4652	PA4652	pae02020
pae:PA4653	PA4653	pae02020
pae:PA4726	PA4726	pae02020
pae:PA4776	PA4776	pae02020
pae:PA4777	PA4777	pae02020
pae:PA4785	PA4785	pae02020
pae:PA4844	PA4844	pae02020
pae:PA4885	PA4885	pae02020
pae:PA4886	PA4886	pae02020
pae:PA4895	PA4895	pae02020
pae:PA4915	PA4915	pae02020
pae:PA4954	PA4954	pae02020
pae:PA4974	PA4974	pae02020
pae:PA5072	PA5072	pae02020
pae:PA5119	PA5119	pae02020
pae:PA5124	PA5124	pae02020
pae:PA5125	PA5125	pae02020
pae:PA5165	PA5165	pae02020
pae:PA5166	PA5166	pae02020
pae:PA5167	PA5167	pae02020
pae:PA5168	PA5168	pae02020
pae:PA5169	PA5169	pae02020
pae:PA5199	PA5199	pae02020
pae:PA5200	PA5200	pae02020
pae:PA5261	PA5261	pae02020
pae:PA5262	PA5262	pae02020
pae:PA5360	PA5360	pae02020
pae:PA5361	PA5361	pae02020
pae:PA5369	PA5369	pae02020
pae:PA5483	PA5483	pae02020
pae:PA5484	PA5484	pae02020
pae:PA5508	PA5508	pae02020
pae:PA5511	PA5511	pae02020
pae:PA5512	PA5512	pae02020
pae:PA5522	PA5522	pae02020
pae:PA0222	PA0222	pae02024
pae:PA0275	PA0275	pae02024
pae:PA0373	PA0373	pae02024
pae:PA0427	PA0427	pae02024
pae:PA0602	PA0602	pae02024
pae:PA0603	PA0603	pae02024
pae:PA0604	PA0604	pae02024
pae:PA0605	PA0605	pae02024
pae:PA0606	PA0606	pae02024
pae:PA0609	PA0609	pae02024
pae:PA0649	PA0649	pae02024
pae:PA0652	PA0652	pae02024
pae:PA0709	PA0709	pae02024
pae:PA0844	PA0844	pae02024
pae:PA0996	PA0996	pae02024
pae:PA0997	PA0997	pae02024
pae:PA0998	PA0998	pae02024
pae:PA0999	PA0999	pae02024
pae:PA1000	PA1000	pae02024
pae:PA1001	PA1001	pae02024
pae:PA1002	PA1002	pae02024
pae:PA1003	PA1003	pae02024
pae:PA1070	PA1070	pae02024
pae:PA1071	PA1071	pae02024
pae:PA1072	PA1072	pae02024
pae:PA1073	PA1073	pae02024
pae:PA1074	PA1074	pae02024
pae:PA1130	PA1130	pae02024
pae:PA1136	PA1136	pae02024
pae:PA1430	PA1430	pae02024
pae:PA1432	PA1432	pae02024
pae:PA1617	PA1617	pae02024
pae:PA1637	PA1637	pae02024
pae:PA1750	PA1750	pae02024
pae:PA1871	PA1871	pae02024
pae:PA1874	PA1874	pae02024
pae:PA1899	PA1899	pae02024
pae:PA1900	PA1900	pae02024
pae:PA1901	PA1901	pae02024
pae:PA1902	PA1902	pae02024
pae:PA1903	PA1903	pae02024
pae:PA1904	PA1904	pae02024
pae:PA1905	PA1905	pae02024
pae:PA2391	PA2391	pae02024
pae:PA2479	PA2479	pae02024
pae:PA2480	PA2480	pae02024
pae:PA2525	PA2525	pae02024
pae:PA2569	PA2569	pae02024
pae:PA2570	PA2570	pae02024
pae:PA2587	PA2587	pae02024
pae:PA2843	PA2843	pae02024
pae:PA2943	PA2943	pae02024
pae:PA3250	PA3250	pae02024
pae:PA3252	PA3252	pae02024
pae:PA3253	PA3253	pae02024
pae:PA3254	PA3254	pae02024
pae:PA3299	PA3299	pae02024
pae:PA3300	PA3300	pae02024
pae:PA3319	PA3319	pae02024
pae:PA3320	PA3320	pae02024
pae:PA3361	PA3361	pae02024
pae:PA3364	PA3364	pae02024
pae:PA3476	PA3476	pae02024
pae:PA3477	PA3477	pae02024
pae:PA3478	PA3478	pae02024
pae:PA3479	PA3479	pae02024
pae:PA3724	PA3724	pae02024
pae:PA3746	PA3746	pae02024
pae:PA3822	PA3822	pae02024
pae:PA3894	PA3894	pae02024
pae:PA4047	PA4047	pae02024
pae:PA4056	PA4056	pae02024
pae:PA4206	PA4206	pae02024
pae:PA4207	PA4207	pae02024
pae:PA4210	PA4210	pae02024
pae:PA4211	PA4211	pae02024
pae:PA4212	PA4212	pae02024
pae:PA4213	PA4213	pae02024
pae:PA4214	PA4214	pae02024
pae:PA4215	PA4215	pae02024
pae:PA4216	PA4216	pae02024
pae:PA4243	PA4243	pae02024
pae:PA4276	PA4276	pae02024
pae:PA4403	PA4403	pae02024
pae:PA4747	PA4747	pae02024
pae:PA4776	PA4776	pae02024
pae:PA4777	PA4777	pae02024
pae:PA4804	PA4804	pae02024
pae:PA4815	PA4815	pae02024
pae:PA4909	PA4909	pae02024
pae:PA4910	PA4910	pae02024
pae:PA4911	PA4911	pae02024
pae:PA4912	PA4912	pae02024
pae:PA4913	PA4913	pae02024
pae:PA4944	PA4944	pae02024
pae:PA4985	PA4985	pae02024
pae:PA5128	PA5128	pae02024
pae:PA5158	PA5158	pae02024
pae:PA5499	PA5499	pae02024
pae:PA5568	PA5568	pae02024
pae:PA0074	PA0074	pae02025
pae:PA0075	PA0075	pae02025
pae:PA0076	PA0076	pae02025
pae:PA0077	PA0077	pae02025
pae:PA0079	PA0079	pae02025
pae:PA0081	PA0081	pae02025
pae:PA0082	PA0082	pae02025
pae:PA0083	PA0083	pae02025
pae:PA0084	PA0084	pae02025
pae:PA0085	PA0085	pae02025
pae:PA0089	PA0089	pae02025
pae:PA0090	PA0090	pae02025
pae:PA0169	PA0169	pae02025
pae:PA0263	PA0263	pae02025
pae:PA0275	PA0275	pae02025
pae:PA0408	PA0408	pae02025
pae:PA0409	PA0409	pae02025
pae:PA0410	PA0410	pae02025
pae:PA0411	PA0411	pae02025
pae:PA0413	PA0413	pae02025
pae:PA0415	PA0415	pae02025
pae:PA0527	PA0527	pae02025
pae:PA0609	PA0609	pae02025
pae:PA0649	PA0649	pae02025
pae:PA0652	PA0652	pae02025
pae:PA0905	PA0905	pae02025
pae:PA0928	PA0928	pae02025
pae:PA0996	PA0996	pae02025
pae:PA0997	PA0997	pae02025
pae:PA0998	PA0998	pae02025
pae:PA0999	PA0999	pae02025
pae:PA1000	PA1000	pae02025
pae:PA1001	PA1001	pae02025
pae:PA1002	PA1002	pae02025
pae:PA1003	PA1003	pae02025
pae:PA1097	PA1097	pae02025
pae:PA1107	PA1107	pae02025
pae:PA1120	PA1120	pae02025
pae:PA1130	PA1130	pae02025
pae:PA1430	PA1430	pae02025
pae:PA1432	PA1432	pae02025
pae:PA1455	PA1455	pae02025
pae:PA1512	PA1512	pae02025
pae:PA1611	PA1611	pae02025
pae:PA1657	PA1657	pae02025
pae:PA1658	PA1658	pae02025
pae:PA1661	PA1661	pae02025
pae:PA1662	PA1662	pae02025
pae:PA1667	PA1667	pae02025
pae:PA1669	PA1669	pae02025
pae:PA1670	PA1670	pae02025
pae:PA1713	PA1713	pae02025
pae:PA1727	PA1727	pae02025
pae:PA1976	PA1976	pae02025
pae:PA2231	PA2231	pae02025
pae:PA2232	PA2232	pae02025
pae:PA2233	PA2233	pae02025
pae:PA2234	PA2234	pae02025
pae:PA2235	PA2235	pae02025
pae:PA2236	PA2236	pae02025
pae:PA2237	PA2237	pae02025
pae:PA2238	PA2238	pae02025
pae:PA2239	PA2239	pae02025
pae:PA2240	PA2240	pae02025
pae:PA2241	PA2241	pae02025
pae:PA2242	PA2242	pae02025
pae:PA2360	PA2360	pae02025
pae:PA2361	PA2361	pae02025
pae:PA2363	PA2363	pae02025
pae:PA2365	PA2365	pae02025
pae:PA2366	PA2366	pae02025
pae:PA2367	PA2367	pae02025
pae:PA2370	PA2370	pae02025
pae:PA2371	PA2371	pae02025
pae:PA2569	PA2569	pae02025
pae:PA2570	PA2570	pae02025
pae:PA2586	PA2586	pae02025
pae:PA2587	PA2587	pae02025
pae:PA2824	PA2824	pae02025
pae:PA3058	PA3058	pae02025
pae:PA3059	PA3059	pae02025
pae:PA3060	PA3060	pae02025
pae:PA3061	PA3061	pae02025
pae:PA3062	PA3062	pae02025
pae:PA3063	PA3063	pae02025
pae:PA3064	PA3064	pae02025
pae:PA3217	PA3217	pae02025
pae:PA3345	PA3345	pae02025
pae:PA3346	PA3346	pae02025
pae:PA3347	PA3347	pae02025
pae:PA3351	PA3351	pae02025
pae:PA3462	PA3462	pae02025
pae:PA3476	PA3476	pae02025
pae:PA3477	PA3477	pae02025
pae:PA3478	PA3478	pae02025
pae:PA3479	PA3479	pae02025
pae:PA3542	PA3542	pae02025
pae:PA3551	PA3551	pae02025
pae:PA3621	PA3621	pae02025
pae:PA3702	PA3702	pae02025
pae:PA3703	PA3703	pae02025
pae:PA3704	PA3704	pae02025
pae:PA3705	PA3705	pae02025
pae:PA3707	PA3707	pae02025
pae:PA3708	PA3708	pae02025
pae:PA3974	PA3974	pae02025
pae:PA4332	PA4332	pae02025
pae:PA4367	PA4367	pae02025
pae:PA4856	PA4856	pae02025
pae:PA4958	PA4958	pae02025
pae:PA4959	PA4959	pae02025
pae:PA4969	PA4969	pae02025
pae:PA5267	PA5267	pae02025
pae:PA5452	PA5452	pae02025
pae:PA0173	PA0173	pae02030
pae:PA0174	PA0174	pae02030
pae:PA0175	PA0175	pae02030
pae:PA0176	PA0176	pae02030
pae:PA0177	PA0177	pae02030
pae:PA0178	PA0178	pae02030
pae:PA0179	PA0179	pae02030
pae:PA0180	PA0180	pae02030
pae:PA1102	PA1102	pae02030
pae:PA1251	PA1251	pae02030
pae:PA1423	PA1423	pae02030
pae:PA1443	PA1443	pae02030
pae:PA1444	PA1444	pae02030
pae:PA1456	PA1456	pae02030
pae:PA1457	PA1457	pae02030
pae:PA1458	PA1458	pae02030
pae:PA1459	PA1459	pae02030
pae:PA1460	PA1460	pae02030
pae:PA1461	PA1461	pae02030
pae:PA1463	PA1463	pae02030
pae:PA1464	PA1464	pae02030
pae:PA1561	PA1561	pae02030
pae:PA1608	PA1608	pae02030
pae:PA1646	PA1646	pae02030
pae:PA1930	PA1930	pae02030
pae:PA1946	PA1946	pae02030
pae:PA2561	PA2561	pae02030
pae:PA2573	PA2573	pae02030
pae:PA2652	PA2652	pae02030
pae:PA2654	PA2654	pae02030
pae:PA2920	PA2920	pae02030
pae:PA3348	PA3348	pae02030
pae:PA3349	PA3349	pae02030
pae:PA4290	PA4290	pae02030
pae:PA4307	PA4307	pae02030
pae:PA4309	PA4309	pae02030
pae:PA4310	PA4310	pae02030
pae:PA4496	PA4496	pae02030
pae:PA4497	PA4497	pae02030
pae:PA4500	PA4500	pae02030
pae:PA4502	PA4502	pae02030
pae:PA4520	PA4520	pae02030
pae:PA4633	PA4633	pae02030
pae:PA4844	PA4844	pae02030
pae:PA4915	PA4915	pae02030
pae:PA4953	PA4953	pae02030
pae:PA4954	PA4954	pae02030
pae:PA5072	PA5072	pae02030
pae:PA5317	PA5317	pae02030
pae:PA0314	PA0314	pae02040
pae:PA0576	PA0576	pae02040
pae:PA1077	PA1077	pae02040
pae:PA1078	PA1078	pae02040
pae:PA1079	PA1079	pae02040
pae:PA1080	PA1080	pae02040
pae:PA1081	PA1081	pae02040
pae:PA1082	PA1082	pae02040
pae:PA1083	PA1083	pae02040
pae:PA1084	PA1084	pae02040
pae:PA1085	PA1085	pae02040
pae:PA1086	PA1086	pae02040
pae:PA1087	PA1087	pae02040
pae:PA1092	PA1092	pae02040
pae:PA1094	PA1094	pae02040
pae:PA1095	PA1095	pae02040
pae:PA1096	PA1096	pae02040
pae:PA1097	PA1097	pae02040
pae:PA1099	PA1099	pae02040
pae:PA1100	PA1100	pae02040
pae:PA1101	PA1101	pae02040
pae:PA1102	PA1102	pae02040
pae:PA1103	PA1103	pae02040
pae:PA1104	PA1104	pae02040
pae:PA1105	PA1105	pae02040
pae:PA1441	PA1441	pae02040
pae:PA1442	PA1442	pae02040
pae:PA1443	PA1443	pae02040
pae:PA1444	PA1444	pae02040
pae:PA1445	PA1445	pae02040
pae:PA1446	PA1446	pae02040
pae:PA1447	PA1447	pae02040
pae:PA1448	PA1448	pae02040
pae:PA1449	PA1449	pae02040
pae:PA1452	PA1452	pae02040
pae:PA1455	PA1455	pae02040
pae:PA1460	PA1460	pae02040
pae:PA1461	PA1461	pae02040
pae:PA3350	PA3350	pae02040
pae:PA3351	PA3351	pae02040
pae:PA3352	PA3352	pae02040
pae:PA3526	PA3526	pae02040
pae:PA4462	PA4462	pae02040
pae:PA4953	PA4953	pae02040
pae:PA4954	PA4954	pae02040
pae:PA5233	PA5233	pae02040
pae:PA0337	PA0337	pae02060
pae:PA3560	PA3560	pae02060
pae:PA3561	PA3561	pae02060
pae:PA3562	PA3562	pae02060
pae:PA3760	PA3760	pae02060
pae:PA3761	PA3761	pae02060
pae:PA4464	PA4464	pae02060
pae:PA4466	PA4466	pae02060
pae:PA0770	PA0770	pae03008
pae:PA4780	PA4780	pae03008
pae:PA4951	PA4951	pae03008
pae:PA0579	PA0579	pae03010
pae:PA0668	PA0668	pae03010
pae:PA2741	PA2741	pae03010
pae:PA2742	PA2742	pae03010
pae:PA2970	PA2970	pae03010
pae:PA3162	PA3162	pae03010
pae:PA3600	PA3600	pae03010
pae:PA3601	PA3601	pae03010
pae:PA3656	PA3656	pae03010
pae:PA3742	PA3742	pae03010
pae:PA3745	PA3745	pae03010
pae:PA4237	PA4237	pae03010
pae:PA4239	PA4239	pae03010
pae:PA4240	PA4240	pae03010
pae:PA4241	PA4241	pae03010
pae:PA4242	PA4242	pae03010
pae:PA4244	PA4244	pae03010
pae:PA4245	PA4245	pae03010
pae:PA4246	PA4246	pae03010
pae:PA4247	PA4247	pae03010
pae:PA4248	PA4248	pae03010
pae:PA4249	PA4249	pae03010
pae:PA4250	PA4250	pae03010
pae:PA4251	PA4251	pae03010
pae:PA4252	PA4252	pae03010
pae:PA4253	PA4253	pae03010
pae:PA4254	PA4254	pae03010
pae:PA4255	PA4255	pae03010
pae:PA4256	PA4256	pae03010
pae:PA4257	PA4257	pae03010
pae:PA4258	PA4258	pae03010
pae:PA4259	PA4259	pae03010
pae:PA4260	PA4260	pae03010
pae:PA4261	PA4261	pae03010
pae:PA4262	PA4262	pae03010
pae:PA4263	PA4263	pae03010
pae:PA4264	PA4264	pae03010
pae:PA4267	PA4267	pae03010
pae:PA4268	PA4268	pae03010
pae:PA4271	PA4271	pae03010
pae:PA4272	PA4272	pae03010
pae:PA4273	PA4273	pae03010
pae:PA4274	PA4274	pae03010
pae:PA4280	PA4280	pae03010
pae:PA4432	PA4432	pae03010
pae:PA4433	PA4433	pae03010
pae:PA4563	PA4563	pae03010
pae:PA4567	PA4567	pae03010
pae:PA4568	PA4568	pae03010
pae:PA4671	PA4671	pae03010
pae:PA4690	PA4690	pae03010
pae:PA4741	PA4741	pae03010
pae:PA4932	PA4932	pae03010
pae:PA4934	PA4934	pae03010
pae:PA4935	PA4935	pae03010
pae:PA5049	PA5049	pae03010
pae:PA5315	PA5315	pae03010
pae:PA5316	PA5316	pae03010
pae:PA5369	PA5369	pae03010
pae:PA5570	PA5570	pae03010
pae:PA0141	PA0141	pae03018
pae:PA0336	PA0336	pae03018
pae:PA0428	PA0428	pae03018
pae:PA2428	PA2428	pae03018
pae:PA2840	PA2840	pae03018
pae:PA2976	PA2976	pae03018
pae:PA3344	PA3344	pae03018
pae:PA3635	PA3635	pae03018
pae:PA3861	PA3861	pae03018
pae:PA3950	PA3950	pae03018
pae:PA4385	PA4385	pae03018
pae:PA4727	PA4727	pae03018
pae:PA4740	PA4740	pae03018
pae:PA4761	PA4761	pae03018
pae:PA4937	PA4937	pae03018
pae:PA4944	PA4944	pae03018
pae:PA5239	PA5239	pae03018
pae:PA5242	PA5242	pae03018
pae:PA4238	PA4238	pae03020
pae:PA4269	PA4269	pae03020
pae:PA4270	PA4270	pae03020
pae:PA5337	PA5337	pae03020
pae:PA0002	PA0002	pae03030
pae:PA0577	PA0577	pae03030
pae:PA1529	PA1529	pae03030
pae:PA1532	PA1532	pae03030
pae:PA1815	PA1815	pae03030
pae:PA1816	PA1816	pae03030
pae:PA2961	PA2961	pae03030
pae:PA3232	PA3232	pae03030
pae:PA3640	PA3640	pae03030
pae:PA3642	PA3642	pae03030
pae:PA3832	PA3832	pae03030
pae:PA3989	PA3989	pae03030
pae:PA4232	PA4232	pae03030
pae:PA4931	PA4931	pae03030
pae:PA5493	PA5493	pae03030
pae:PA0373	PA0373	pae03060
pae:PA0768	PA0768	pae03060
pae:PA1303	PA1303	pae03060
pae:PA1530	PA1530	pae03060
pae:PA3746	PA3746	pae03060
pae:PA3820	PA3820	pae03060
pae:PA3821	PA3821	pae03060
pae:PA3822	PA3822	pae03060
pae:PA4243	PA4243	pae03060
pae:PA4276	PA4276	pae03060
pae:PA4403	PA4403	pae03060
pae:PA4559	PA4559	pae03060
pae:PA4747	PA4747	pae03060
pae:PA5068	PA5068	pae03060
pae:PA5069	PA5069	pae03060
pae:PA5070	PA5070	pae03060
pae:PA5128	PA5128	pae03060
pae:PA5568	PA5568	pae03060
pae:PA0074	PA0074	pae03070
pae:PA0075	PA0075	pae03070
pae:PA0077	PA0077	pae03070
pae:PA0078	PA0078	pae03070
pae:PA0080	PA0080	pae03070
pae:PA0081	PA0081	pae03070
pae:PA0085	PA0085	pae03070
pae:PA0090	PA0090	pae03070
pae:PA0091	PA0091	pae03070
pae:PA0095	PA0095	pae03070
pae:PA0262	PA0262	pae03070
pae:PA0263	PA0263	pae03070
pae:PA0373	PA0373	pae03070
pae:PA0677	PA0677	pae03070
pae:PA0678	PA0678	pae03070
pae:PA0679	PA0679	pae03070
pae:PA0680	PA0680	pae03070
pae:PA0681	PA0681	pae03070
pae:PA0682	PA0682	pae03070
pae:PA0683	PA0683	pae03070
pae:PA0684	PA0684	pae03070
pae:PA0685	PA0685	pae03070
pae:PA0686	PA0686	pae03070
pae:PA0687	PA0687	pae03070
pae:PA1382	PA1382	pae03070
pae:PA1511	PA1511	pae03070
pae:PA1512	PA1512	pae03070
pae:PA1662	PA1662	pae03070
pae:PA1666	PA1666	pae03070
pae:PA1668	PA1668	pae03070
pae:PA1669	PA1669	pae03070
pae:PA1670	PA1670	pae03070
pae:PA1690	PA1690	pae03070
pae:PA1691	PA1691	pae03070
pae:PA1692	PA1692	pae03070
pae:PA1693	PA1693	pae03070
pae:PA1694	PA1694	pae03070
pae:PA1695	PA1695	pae03070
pae:PA1696	PA1696	pae03070
pae:PA1697	PA1697	pae03070
pae:PA1698	PA1698	pae03070
pae:PA1701	PA1701	pae03070
pae:PA1703	PA1703	pae03070
pae:PA1716	PA1716	pae03070
pae:PA1719	PA1719	pae03070
pae:PA1723	PA1723	pae03070
pae:PA1725	PA1725	pae03070
pae:PA1867	PA1867	pae03070
pae:PA1868	PA1868	pae03070
pae:PA2361	PA2361	pae03070
pae:PA2362	PA2362	pae03070
pae:PA2367	PA2367	pae03070
pae:PA2371	PA2371	pae03070
pae:PA2373	PA2373	pae03070
pae:PA2672	PA2672	pae03070
pae:PA2673	PA2673	pae03070
pae:PA2674	PA2674	pae03070
pae:PA2675	PA2675	pae03070
pae:PA2676	PA2676	pae03070
pae:PA2677	PA2677	pae03070
pae:PA2685	PA2685	pae03070
pae:PA3095	PA3095	pae03070
pae:PA3096	PA3096	pae03070
pae:PA3097	PA3097	pae03070
pae:PA3098	PA3098	pae03070
pae:PA3099	PA3099	pae03070
pae:PA3100	PA3100	pae03070
pae:PA3101	PA3101	pae03070
pae:PA3102	PA3102	pae03070
pae:PA3103	PA3103	pae03070
pae:PA3104	PA3104	pae03070
pae:PA3105	PA3105	pae03070
pae:PA3294	PA3294	pae03070
pae:PA3486	PA3486	pae03070
pae:PA3746	PA3746	pae03070
pae:PA3820	PA3820	pae03070
pae:PA3821	PA3821	pae03070
pae:PA3822	PA3822	pae03070
pae:PA4144	PA4144	pae03070
pae:PA4243	PA4243	pae03070
pae:PA4276	PA4276	pae03070
pae:PA4403	PA4403	pae03070
pae:PA4592	PA4592	pae03070
pae:PA4747	PA4747	pae03070
pae:PA4974	PA4974	pae03070
pae:PA5068	PA5068	pae03070
pae:PA5069	PA5069	pae03070
pae:PA5070	PA5070	pae03070
pae:PA5090	PA5090	pae03070
pae:PA5128	PA5128	pae03070
pae:PA5210	PA5210	pae03070
pae:PA5266	PA5266	pae03070
pae:PA5267	PA5267	pae03070
pae:PA5568	PA5568	pae03070
pae:PA3227	PA3227	pae03250
pae:PA0010	PA0010	pae03410
pae:PA0357	PA0357	pae03410
pae:PA0750	PA0750	pae03410
pae:PA1529	PA1529	pae03410
pae:PA1686	PA1686	pae03410
pae:PA2545	PA2545	pae03410
pae:PA3495	PA3495	pae03410
pae:PA3725	PA3725	pae03410
pae:PA4010	PA4010	pae03410
pae:PA4172	PA4172	pae03410
pae:PA5147	PA5147	pae03410
pae:PA5332	PA5332	pae03410
pae:PA5493	PA5493	pae03410
pae:PA1529	PA1529	pae03420
pae:PA1866	PA1866	pae03420
pae:PA2585	PA2585	pae03420
pae:PA3002	PA3002	pae03420
pae:PA3138	PA3138	pae03420
pae:PA4234	PA4234	pae03420
pae:PA5443	PA5443	pae03420
pae:PA5493	PA5493	pae03420
pae:PA0002	PA0002	pae03430
pae:PA1529	PA1529	pae03430
pae:PA1532	PA1532	pae03430
pae:PA1816	PA1816	pae03430
pae:PA2961	PA2961	pae03430
pae:PA3232	PA3232	pae03430
pae:PA3620	PA3620	pae03430
pae:PA3640	PA3640	pae03430
pae:PA3725	PA3725	pae03430
pae:PA3777	PA3777	pae03430
pae:PA3832	PA3832	pae03430
pae:PA3989	PA3989	pae03430
pae:PA4042	PA4042	pae03430
pae:PA4232	PA4232	pae03430
pae:PA4316	PA4316	pae03430
pae:PA4946	PA4946	pae03430
pae:PA5443	PA5443	pae03430
pae:PA0002	PA0002	pae03440
pae:PA0003	PA0003	pae03440
pae:PA0772	PA0772	pae03440
pae:PA0965	PA0965	pae03440
pae:PA0966	PA0966	pae03440
pae:PA0967	PA0967	pae03440
pae:PA1532	PA1532	pae03440
pae:PA1534	PA1534	pae03440
pae:PA1816	PA1816	pae03440
pae:PA2961	PA2961	pae03440
pae:PA3232	PA3232	pae03440
pae:PA3617	PA3617	pae03440
pae:PA3640	PA3640	pae03440
pae:PA3725	PA3725	pae03440
pae:PA3832	PA3832	pae03440
pae:PA3989	PA3989	pae03440
pae:PA4232	PA4232	pae03440
pae:PA4283	PA4283	pae03440
pae:PA4284	PA4284	pae03440
pae:PA4285	PA4285	pae03440
pae:PA5050	PA5050	pae03440
pae:PA5345	PA5345	pae03440
pae:PA5493	PA5493	pae03440
pae:PA2138	PA2138	pae03450
pae:PA2150	PA2150	pae03450
pae:PA0380	PA0380	pae04122
pae:PA1006	PA1006	pae04122
pae:PA1292	PA1292	pae04122
pae:PA1355	PA1355	pae04122
pae:PA1505	PA1505	pae04122
pae:PA1564	PA1564	pae04122
pae:PA2062	PA2062	pae04122
pae:PA2103	PA2103	pae04122
pae:PA2605	PA2605	pae04122
pae:PA2606	PA2606	pae04122
pae:PA2607	PA2607	pae04122
pae:PA2608	PA2608	pae04122
pae:PA2626	PA2626	pae04122
pae:PA3029	PA3029	pae04122
pae:PA3814	PA3814	pae04122
pae:PA3870	PA3870	pae04122
pae:PA3915	PA3915	pae04122
pae:PA3916	PA3916	pae04122
pae:PA3917	PA3917	pae04122
pae:PA3918	PA3918	pae04122
pae:PA4663	PA4663	pae04122
pae:PA4956	PA4956	pae04122
pae:PA5118	PA5118	pae04122
pae:PA1188	PA1188	pae04146
pae:PA1617	PA1617	pae04146
pae:PA1823	PA1823	pae04146
pae:PA2011	PA2011	pae04146
pae:PA2147	PA2147	pae04146
pae:PA2623	PA2623	pae04146
pae:PA2624	PA2624	pae04146
pae:PA3026	PA3026	pae04146
pae:PA3299	PA3299	pae04146
pae:PA3300	PA3300	pae04146
pae:PA4236	PA4236	pae04146
pae:PA4366	PA4366	pae04146
pae:PA4468	PA4468	pae04146
pae:PA4613	PA4613	pae04146
pae:PA4431	PA4431	pae04148
pae:PA4519	PA4519	pae04148
pae:PA0574	PA0574	pae04156
pae:PA0922	PA0922	pae04156
pae:PA1068	PA1068	pae04156
pae:PA1596	PA1596	pae04156
pae:PA4385	PA4385	pae04156
pae:PA4673	PA4673	pae04156
pae:PA4746	PA4746	pae04156
pae:PA4761	PA4761	pae04156
pae:PA1843	PA1843	pae04980
pae:PA4399	PA4399	pae04980
pae:PA0342	PA0342	pae04981
pae:PA0350	PA0350	pae04981
pae:PA1843	PA1843	pae04981
pae:PA2444	PA2444	pae04981
pae:PA4602	PA4602	pae04981
pae:PA5228	PA5228	pae04981
pae:PA5415	PA5415	pae04981
