Accession,locus_tag,genome_count_Clade_A,genome_count_Clade_B,absent_count_Clade_A,absent_count_Clade_B,total_genomes_Clade_A,total_genomes_Clade_B,freq_Clade_A,freq_Clade_B,odds_ratio_CladeA_vs_CladeB,p_value,freq_difference_CladeA_minus_CladeB,absolute_freq_difference,freq_ratio,fdr_bh,significant_fdr,significant_and_meaningful,enriched_clade
VFG015165(gb|WP_003134060),,198,2670,8542,169,8740,2839,0.02265446224256293,0.9404719971821064,0.0014437382439748568,0,-0.9178175349395434,0.9178175349395434,41.513763916018235,0,TRUE,TRUE,Clade_B
VFG042211(gb|WP_003134054),,195,2433,8545,406,8740,2839,0.02231121281464531,0.8569918985558295,0.0037908807134838874,0,-0.8346806857411841,0.8346806857411841,38.41081637629718,0,TRUE,TRUE,Clade_B
VFG051486(gb|WP_003140107.1),,759,2134,7981,705,8740,2839,0.0868421052631579,0.7516731243395561,0.031435991476670803,0,-0.6648310190763982,0.6648310190763982,8.655629916637313,0,TRUE,TRUE,Clade_B
VFG016037(gb|WP_011062375),,2301,1949,6439,890,8740,2839,0.26327231121281464,0.6865093342726312,0.16321348629997812,0,-0.42323702305981653,0.42323702305981653,2.6076017303532364,0,TRUE,TRUE,Clade_B
VFG020073(gb|WP_043205221),,715,1427,8025,1412,8740,2839,0.08180778032036613,0.5026417752729835,0.08820815446690687,0,-0.42083399495261736,0.42083399495261736,6.144180581658567,0,TRUE,TRUE,Clade_B
VFG014292(gb|WP_012076715),,3692,2387,5048,452,8740,2839,0.42242562929061783,0.8407890102148644,0.13851779007556247,0,-0.4183633809242466,0.4183633809242466,1.9903835182226206,0,TRUE,TRUE,Clade_B
VFG019785(gb|WP_012613869),,3038,57,5702,2782,8740,2839,0.34759725400457664,0.020077492074674182,26.001486774864052,0,0.32751976192990245,0.32751976192990245,17.312782528403385,0,TRUE,TRUE,Clade_A
VFG019781(gb|WP_012613866),,3034,57,5706,2782,8740,2839,0.3471395881006865,0.020077492074674182,25.949049061872596,0,0.32706209602601233,0.32706209602601233,17.289987554699103,0,TRUE,TRUE,Clade_A
VFG019783(gb|WP_012613867),,3034,57,5706,2782,8740,2839,0.3471395881006865,0.020077492074674182,25.949049061872596,0,0.32706209602601233,0.32706209602601233,17.289987554699103,0,TRUE,TRUE,Clade_A
VFG019786(gb|WP_003122253),,3034,57,5706,2782,8740,2839,0.3471395881006865,0.020077492074674182,25.949049061872596,0,0.32706209602601233,0.32706209602601233,17.289987554699103,0,TRUE,TRUE,Clade_A
VFG019787(gb|WP_003122254),,3034,57,5706,2782,8740,2839,0.3471395881006865,0.020077492074674182,25.949049061872596,0,0.32706209602601233,0.32706209602601233,17.289987554699103,0,TRUE,TRUE,Clade_A
VFG019789(gb|WP_003452706),,3034,57,5706,2782,8740,2839,0.3471395881006865,0.020077492074674182,25.949049061872596,0,0.32706209602601233,0.32706209602601233,17.289987554699103,0,TRUE,TRUE,Clade_A
VFG019782(gb|WP_003163315),,3033,58,5707,2781,8740,2839,0.34702517162471397,0.020429728777738642,25.479694493927184,0,0.32659544284697534,0.32659544284697534,16.986283831768326,0,TRUE,TRUE,Clade_A
VFG019780(gb|WP_014602695),,3035,61,5705,2778,8740,2839,0.34725400457665906,0.021486438886932017,24.22513859692408,0,0.32576756568972703,0.32576756568972703,16.16154293431369,0,TRUE,TRUE,Clade_A
VFG019788(gb|WP_016253165),,2904,56,5836,2783,8740,2839,0.3322654462242563,0.019725255371609723,24.726413579676866,0,0.31254019085264656,0.31254019085264656,16.84467146126185,0,TRUE,TRUE,Clade_A
VFG019784(gb|WP_172668778),,2902,57,5838,2782,8740,2839,0.3320366132723112,0.020077492074674182,24.258918359329495,0,0.311959121197637,0.311959121197637,16.537753422457744,0,TRUE,TRUE,Clade_A
VFG016088(gb|WP_012075637),,43,575,8697,2264,8740,2839,0.004919908466819222,0.20253610426206411,0.019473970977973203,2.4500034233969e-310,-0.1976161957952449,0.1976161957952449,41.16664072675443,1.8775935326578157e-308,TRUE,TRUE,Clade_B
VFG031373(gb|WP_015291324),,329,610,8411,2229,8740,2839,0.03764302059496567,0.2148643888693202,0.142963514234004,3.953226737151757e-167,-0.17722136827435453,0.17722136827435453,5.707947594887108,2.6660561115351447e-165,TRUE,TRUE,Clade_B
VFG031374(gb|WP_015294300),,329,610,8411,2229,8740,2839,0.03764302059496567,0.2148643888693202,0.142963514234004,3.953226737151757e-167,-0.17722136827435453,0.17722136827435453,5.707947594887108,2.6660561115351447e-165,TRUE,TRUE,Clade_B
VFG013784(gb|WP_016254080),,627,795,8113,2044,8740,2839,0.07173913043478261,0.28002817893624515,0.19873629189731531,1.865118246178724e-164,-0.20828904850146254,0.20828904850146254,3.903423100323417,1.2094574473297416e-162,TRUE,TRUE,Clade_B
VFG020082(gb|WP_025208403),,2274,144,6466,2695,8740,2839,0.2601830663615561,0.05072208524128214,6.581115861742208,2.9002416057141205e-155,0.20946098112027395,0.20946098112027395,5.129581426392067,1.8110397582348175e-153,TRUE,TRUE,Clade_A
VFG020065(gb|WP_012614134),,2277,145,6463,2694,8740,2839,0.26052631578947366,0.0510743219443466,6.544959899160869,5.173468702682833e-155,0.20945199384512705,0.20945199384512705,5.1009255898366606,3.0077476664562956e-153,TRUE,TRUE,Clade_A
VFG020069(gb|WP_148235954),,2285,147,6455,2692,8740,2839,0.261441647597254,0.05177879535047552,6.481808939831209,1.5990116435444594e-154,0.2096628522467785,0.2096628522467785,5.049202976385063,8.986445436719863e-153,TRUE,TRUE,Clade_A
VFG020070(gb|WP_012614131),,2207,138,6533,2701,8740,2839,0.2525171624713959,0.04860866502289538,6.611035535323845,3.621104094599097e-151,0.2039084974485005,0.2039084974485005,5.194900175770239,1.969413388223896e-149,TRUE,TRUE,Clade_A
VFG020317(gb|WP_012614130),,2313,169,6427,2670,8740,2839,0.2646453089244851,0.059528002817893624,5.685142573188596,1.578724277641799e-143,0.2051173061065915,0.2051173061065915,4.445728000216646,7.828615094423744e-142,TRUE,TRUE,Clade_A
VFG014136(gb|WP_011666598),,20,271,8720,2568,8740,2839,0.002288329519450801,0.09545614653046848,0.02174110155820427,3.343127164388781e-142,-0.09316781701101767,0.09316781701101767,41.714336033814725,1.4832927366209173e-140,TRUE,TRUE,Clade_B
VFG014138(gb|WP_003138473),,20,271,8720,2568,8740,2839,0.002288329519450801,0.09545614653046848,0.02174110155820427,3.343127164388781e-142,-0.09316781701101767,0.09316781701101767,41.714336033814725,1.4832927366209173e-140,TRUE,TRUE,Clade_B
VFG014144(gb|WP_003138479),,20,271,8720,2568,8740,2839,0.002288329519450801,0.09545614653046848,0.02174110155820427,3.343127164388781e-142,-0.09316781701101767,0.09316781701101767,41.714336033814725,1.4832927366209173e-140,TRUE,TRUE,Clade_B
VFG014140(gb|WP_016254249),,19,269,8721,2570,8740,2839,0.002173913043478261,0.09475167312433956,0.02082154079532203,5.0088641205119975e-142,-0.0925777600808613,0.0925777600808613,43.5857696371962,2.165370489021341e-140,TRUE,TRUE,Clade_B
VFG014143(gb|WP_003138478),,20,270,8720,2569,8740,2839,0.002288329519450801,0.09510390982740402,0.021830108940854107,1.3682318412071583e-141,-0.09281558030795321,0.09281558030795321,41.560408594575556,5.626436303110413e-140,TRUE,TRUE,Clade_B
VFG014139(gb|WP_003138474),,21,271,8719,2568,8740,2839,0.002402745995423341,0.09545614653046848,0.022830605848069407,3.5949866110725827e-141,-0.09305340053504514,0.09305340053504514,39.72793907982355,1.4431303395877082e-139,TRUE,TRUE,Clade_B
VFG014137(gb|WP_003138472),,21,270,8719,2569,8740,2839,0.002402745995423341,0.09510390982740402,0.02292407179890278,1.4661477731085398e-140,-0.09270116383198068,0.09270116383198068,39.58134151864339,5.493166989913329e-139,TRUE,TRUE,Clade_B
VFG014142(gb|WP_016254248),,21,270,8719,2569,8740,2839,0.002402745995423341,0.09510390982740402,0.02292407179890278,1.4661477731085398e-140,-0.09270116383198068,0.09270116383198068,39.58134151864339,5.493166989913329e-139,TRUE,TRUE,Clade_B
VFG014146(gb|WP_003138482),,21,270,8719,2569,8740,2839,0.002402745995423341,0.09510390982740402,0.02292407179890278,1.4661477731085398e-140,-0.09270116383198068,0.09270116383198068,39.58134151864339,5.493166989913329e-139,TRUE,TRUE,Clade_B
VFG014145(gb|WP_003138480),,18,259,8722,2580,8740,2839,0.002059496567505721,0.09122930609369496,0.020564660180528077,5.83970988020321e-137,-0.08916980952618925,0.08916980952618925,44.29689640327189,2.1403806213092632e-135,TRUE,TRUE,Clade_B
VFG014141(gb|WP_003138476),,17,257,8723,2582,8740,2839,0.0019450800915331808,0.09052483268756605,0.01958634780954681,8.29309339082063e-137,-0.08857975259603286,0.08857975259603286,46.54041398172513,2.974926692962464e-135,TRUE,TRUE,Clade_B
VFG019726(gb|WP_003122079),,2165,168,6575,2671,8740,2839,0.2477116704805492,0.059175766114829165,5.234540830079814,1.2049932011938321e-126,0.18853590436572004,0.18853590436572004,4.1860323362754714,3.9835657592407867e-125,TRUE,TRUE,Clade_A
VFG016108(gb|WP_011061774),,8156,2175,584,664,8740,2839,0.9331807780320366,0.766114829165199,4.2628931254695255,3.632002927323717e-119,0.16706594886683757,0.16706594886683757,1.218069070727794,1.155388101031658e-117,TRUE,TRUE,Clade_A
VFG016067(gb|WP_011062464),,5253,1020,3487,1819,8740,2839,0.6010297482837529,0.3592814371257485,2.686272714829603,5.428603269283781e-112,0.24174831115800438,0.24174831115800438,1.6728661327231122,1.6949305762986026e-110,TRUE,TRUE,Clade_A
VFG014134(gb|WP_003150897),,980,10,7760,2829,8740,2839,0.11212814645308924,0.003522367030644593,35.7226728823221,9.291907353357905e-109,0.10860577942244465,0.10860577942244465,31.833180778032037,2.848391963229351e-107,TRUE,TRUE,Clade_A
VFG014133(gb|WP_012075037),,941,10,7799,2829,8740,2839,0.10766590389016019,0.003522367030644593,34.12955845655138,8.802884675432236e-104,0.10414353685951559,0.10414353685951559,30.56635011441648,2.355819613139484e-102,TRUE,TRUE,Clade_A
VFG016042(gb|WP_161440564),,5244,2287,3496,552,8740,2839,0.6,0.8055653399084185,0.36206700592553165,1.2179598389450943e-94,-0.20556533990841852,0.20556533990841852,1.3426088998473642,2.737973717948572e-93,TRUE,TRUE,Clade_B
VFG015260(gb|WP_162885235),,1,143,8739,2696,8740,2839,1.1441647597254005e-4,0.05036984853821768,0.002149283725983124,3.4897353958728567e-87,-0.05025543206224514,0.05025543206224514,440.2324762240225,7.54319727877133e-86,TRUE,TRUE,Clade_B
VFG015261(gb|WP_004656243),,1,143,8739,2696,8740,2839,1.1441647597254005e-4,0.05036984853821768,0.002149283725983124,3.4897353958728567e-87,-0.05025543206224514,0.05025543206224514,440.2324762240225,7.54319727877133e-86,TRUE,TRUE,Clade_B
VFG030676(gb|WP_011724098),,724,5,8016,2834,8740,2839,0.082837528604119,0.0017611835153222965,51.18681666117049,4.7207232822673276e-83,0.0810763450887967,0.0810763450887967,47.03514874141877,1.0074860068231284e-81,TRUE,TRUE,Clade_A
VFG043628,,3,137,8737,2702,8740,2839,3.4324942791762013e-4,0.04825642831983093,0.006785735360951534,3.679532857580085e-80,-0.04791317889191331,0.04791317889191331,140.5870611717741,7.754615497350028e-79,TRUE,FALSE,Significant_small_difference
VFG042709(gb|WP_003141493),,3,136,8737,2703,8740,2839,3.4324942791762013e-4,0.04790419161676647,0.006838303209713176,1.5240093857228979e-79,-0.04756094218884885,0.04756094218884885,139.56087824351297,3.1721973139861796e-78,TRUE,FALSE,Significant_small_difference
VFG015906(gb|WP_011267825),,5202,1114,3538,1725,8740,2839,0.5951945080091533,0.3923916872138077,2.2766008714866133,3.6386290671169706e-79,0.20280282079534562,0.20280282079534562,1.516837709369826,7.481376350194162e-78,TRUE,TRUE,Clade_A
VFG025863(gb|WP_011546711),,53,203,8687,2636,8740,2839,0.006064073226544622,0.07150405072208524,0.07925111227957521,1.1720627779637179e-77,-0.06543997749554062,0.06543997749554062,11.791422703981604,2.352497432912891e-76,TRUE,TRUE,Clade_B
VFG025866(gb|WP_012327704),,53,203,8687,2636,8740,2839,0.006064073226544622,0.07150405072208524,0.07925111227957521,1.1720627779637179e-77,-0.06543997749554062,0.06543997749554062,11.791422703981604,2.352497432912891e-76,TRUE,TRUE,Clade_B
VFG042710(gb|WP_003141495),,3,132,8737,2707,8740,2839,3.4324942791762013e-4,0.04649524480450863,0.007056572420761792,4.465295761069222e-77,-0.04615199537659101,0.04615199537659101,135.4561465304685,8.857045474309069e-76,TRUE,FALSE,Significant_small_difference
VFG025865(gb|WP_006493442),,55,203,8685,2636,8740,2839,0.006292906178489702,0.07150405072208524,0.08226169988360894,1.5451182153127545e-76,-0.06521114454359554,0.06521114454359554,11.362643696564092,3.0291503616480283e-75,TRUE,TRUE,Clade_B
VFG042707(gb|WP_003141489),,3,131,8737,2708,8740,2839,3.4324942791762013e-4,0.04614300810144417,0.007113231242009162,1.8453625532589968e-76,-0.04579975867352655,0.04579975867352655,134.42996360220735,3.5355468918121237e-75,TRUE,FALSE,Significant_small_difference
VFG042708(gb|WP_003141491),,3,131,8737,2708,8740,2839,3.4324942791762013e-4,0.04614300810144417,0.007113231242009162,1.8453625532589968e-76,-0.04579975867352655,0.04579975867352655,134.42996360220735,3.5355468918121237e-75,TRUE,FALSE,Significant_small_difference
VFG025876(gb|WP_011546712),,250,347,8490,2492,8740,2839,0.028604118993135013,0.12222613596336739,0.21150718368027233,1.5864068410702467e-72,-0.09362201697023237,0.09362201697023237,4.273025713279323,2.876002079617673e-71,TRUE,TRUE,Clade_B
VFG025878(gb|WP_012492267),,250,347,8490,2492,8740,2839,0.028604118993135013,0.12222613596336739,0.21150718368027233,1.5864068410702467e-72,-0.09362201697023237,0.09362201697023237,4.273025713279323,2.876002079617673e-71,TRUE,TRUE,Clade_B
VFG025879(gb|WP_012327703),,250,347,8490,2492,8740,2839,0.028604118993135013,0.12222613596336739,0.21150718368027233,1.5864068410702467e-72,-0.09362201697023237,0.09362201697023237,4.273025713279323,2.876002079617673e-71,TRUE,TRUE,Clade_B
VFG022392(gb|WP_013829148),,539,0,8201,2839,8740,2839,0.06167048054919908,0,Inf,3.839833293579214e-68,0.06167048054919908,0.06167048054919908,Inf,6.88719035422825e-67,TRUE,TRUE,Clade_A
VFG013937(gb|WP_003141555),,1293,851,7447,1988,8740,2839,0.1479405034324943,0.2997534343078549,0.40566715062021885,1.2429990862382242e-67,-0.1518129308753606,0.1518129308753606,2.0261755729703417,2.2059962730501536e-66,TRUE,TRUE,Clade_B
VFG013762(gb|WP_003141352),,2329,1235,6411,1604,8740,2839,0.2664759725400458,0.43501232828460723,0.47185593746808335,9.886143670477796e-62,-0.16853635574456144,0.16853635574456144,1.6324636106515529,1.587432212231006e-60,TRUE,TRUE,Clade_B
VFG013925(gb|WP_016254061),,1252,786,7488,2053,8740,2839,0.14324942791762013,0.27685804860866503,0.43675708847297895,5.034897263145687e-55,-0.1336086206910449,0.1336086206910449,1.9326991572202337,7.647600707805071e-54,TRUE,TRUE,Clade_B
VFG016021(gb|WP_003148545),,3442,1592,5298,1247,8740,2839,0.39382151029748286,0.5607608312786192,0.5089114814217492,2.0285964258954453e-54,-0.16693932098113634,0.16693932098113634,1.4238958934849306,3.053762119696179e-53,TRUE,TRUE,Clade_B
VFG013810(gb|WP_003116267),,1245,779,7495,2060,8740,2839,0.14244851258581237,0.2743923916872138,0.439301007511114,6.013731666990782e-54,-0.13194387910140143,0.13194387910140143,1.9262566291937737,8.972700522607486e-53,TRUE,TRUE,Clade_B
VFG013931(gb|WP_003116263),,1249,780,7491,2059,8740,2839,0.14290617848970252,0.27474462839027824,0.4401685268489224,7.961145982904151e-54,-0.13183844990057572,0.13183844990057572,1.922552483691779,1.1774115901031929e-52,TRUE,TRUE,Clade_B
VFG013962(gb|WP_003141552),,1248,779,7492,2060,8740,2839,0.14279176201372998,0.2743923916872138,0.44053572135154023,1.1309177691343706e-53,-0.13160062967348382,0.13160062967348382,1.921626204604366,1.6580237902265642e-52,TRUE,TRUE,Clade_B
VFG016094(gb|WP_012075666),,1735,926,7005,1913,8740,2839,0.19851258581235698,0.3261711870376893,0.5117025525457704,1.6683296001150864e-42,-0.12765860122533235,0.12765860122533235,1.6430756050198299,2.3637005931042314e-41,TRUE,TRUE,Clade_B
VFG016066(gb|WP_011533065),,8094,2383,646,456,8740,2839,0.9260869565217391,0.8393800634026065,2.3973611092071216,1.297570227720354e-38,0.0867068931191326,0.0867068931191326,1.1032987283110438,1.7931995114233744e-37,TRUE,TRUE,Clade_A
VFG000190(gb|NP_250386),,7970,2328,770,511,8740,2839,0.9118993135011442,0.8200070447340613,2.271805481518876,2.8790810759100575e-38,0.0918922687670829,0.0918922687670829,1.1120627796519538,3.946447718686469e-37,TRUE,TRUE,Clade_A
VFG027157(gb|WP_005092754),,1003,606,7737,2233,8740,2839,0.11475972540045766,0.21345544205706235,0.47771799590682806,6.131370252806943e-37,-0.09869571665660469,0.09869571665660469,1.8600205020725076,8.269992196986004e-36,TRUE,TRUE,Clade_B
VFG015904(gb|WP_164920479),,3186,1417,5554,1422,8740,2839,0.3645308924485126,0.49911940824233886,0.575676779214169,1.2873219267699575e-36,-0.13458851579382625,0.13458851579382625,1.369210178291915,1.7225593401064671e-35,TRUE,TRUE,Clade_B
VFG016039(gb|WP_012075665),,3291,1451,5449,1388,8740,2839,0.3765446224256293,0.5110954561465305,0.5777531731724891,2.7680661127235385e-36,-0.1345508337209012,0.1345508337209012,1.3573303818659,3.5994934234360306e-35,TRUE,TRUE,Clade_B
VFG014132(gb|WP_012075036),,256,2,8484,2837,8740,2839,0.029290617848970253,7.044734061289186e-4,42.797570907933334,6.772666619802651e-29,0.028586144442841334,0.028586144442841334,41.57803203661327,8.585500692471632e-28,TRUE,FALSE,Significant_small_difference
VFG014127(gb|WP_012075032),,253,2,8487,2837,8740,2839,0.02894736842105263,7.044734061289186e-4,42.281089642654244,1.7869739479063777e-28,0.028242895014923712,0.028242895014923712,41.09078947368421,2.229897396462645e-27,TRUE,FALSE,Significant_small_difference
VFG014129(gb|WP_003150889),,252,2,8488,2837,8740,2839,0.028832951945080093,7.044734061289186e-4,42.10901034287008,1.798730995960378e-28,0.028128478538951174,0.028128478538951174,40.928375286041195,2.229897396462645e-27,TRUE,FALSE,Significant_small_difference
VFG014130(gb|WP_012075034),,252,2,8488,2837,8740,2839,0.028832951945080093,7.044734061289186e-4,42.10901034287008,1.798730995960378e-28,0.028128478538951174,0.028128478538951174,40.928375286041195,2.229897396462645e-27,TRUE,FALSE,Significant_small_difference
VFG051825(gb|WP_003136992.1),,4454,1109,4286,1730,8740,2839,0.5096109839816934,0.3906305036984854,1.6210173259340925,2.224460734364299e-28,0.11898048028320796,0.11898048028320796,1.3045857380739652,2.7375480278381077e-27,TRUE,TRUE,Clade_A
VFG014118(gb|WP_012075024),,251,2,8489,2837,8740,2839,0.02871853546910755,7.044734061289186e-4,41.93697158019231,2.8365617057909764e-28,0.028014062062978632,0.028014062062978632,40.76596109839817,3.344365759415095e-27,TRUE,FALSE,Significant_small_difference
VFG014120(gb|WP_042169654),,251,2,8489,2837,8740,2839,0.02871853546910755,7.044734061289186e-4,41.93697158019231,2.8365617057909764e-28,0.028014062062978632,0.028014062062978632,40.76596109839817,3.344365759415095e-27,TRUE,FALSE,Significant_small_difference
VFG014122(gb|WP_003150874),,251,2,8489,2837,8740,2839,0.02871853546910755,7.044734061289186e-4,41.93697158019231,2.8365617057909764e-28,0.028014062062978632,0.028014062062978632,40.76596109839817,3.344365759415095e-27,TRUE,FALSE,Significant_small_difference
VFG014124(gb|WP_012075029),,251,2,8489,2837,8740,2839,0.02871853546910755,7.044734061289186e-4,41.93697158019231,2.8365617057909764e-28,0.028014062062978632,0.028014062062978632,40.76596109839817,3.344365759415095e-27,TRUE,FALSE,Significant_small_difference
VFG014125(gb|WP_012075030),,251,2,8489,2837,8740,2839,0.02871853546910755,7.044734061289186e-4,41.93697158019231,2.8365617057909764e-28,0.028014062062978632,0.028014062062978632,40.76596109839817,3.344365759415095e-27,TRUE,FALSE,Significant_small_difference
VFG014126(gb|WP_012075031),,251,2,8489,2837,8740,2839,0.02871853546910755,7.044734061289186e-4,41.93697158019231,2.8365617057909764e-28,0.028014062062978632,0.028014062062978632,40.76596109839817,3.344365759415095e-27,TRUE,FALSE,Significant_small_difference
VFG021820(gb|WP_003893504),,8052,2407,688,432,8740,2839,0.9212814645308924,0.8478337442761535,2.100376017163579,3.839674256590736e-28,0.07344772025473889,0.07344772025473889,1.0866298619872055,4.49561860875832e-27,TRUE,TRUE,Clade_A
VFG014131(gb|WP_025297833),,246,2,8494,2837,8740,2839,0.028146453089244853,7.044734061289186e-4,41.07738532240985,1.1880306524905179e-27,0.027441979683115934,0.027441979683115934,39.95389016018307,1.37193128773905e-26,TRUE,FALSE,Significant_small_difference
VFG031371(gb|WP_015288494),,130,150,8610,2689,8740,2839,0.014874141876430207,0.0528355054596689,0.2707187066355167,6.46531007965908e-26,-0.03796136358323869,0.03796136358323869,3.5521716747500474,7.267008529536806e-25,TRUE,FALSE,Significant_small_difference
VFG031372(gb|WP_015303793),,130,150,8610,2689,8740,2839,0.014874141876430207,0.0528355054596689,0.2707187066355167,6.46531007965908e-26,-0.03796136358323869,0.03796136358323869,3.5521716747500474,7.267008529536806e-25,TRUE,FALSE,Significant_small_difference
VFG031387(gb|WP_015695583),,130,150,8610,2689,8740,2839,0.014874141876430207,0.0528355054596689,0.2707187066355167,6.46531007965908e-26,-0.03796136358323869,0.03796136358323869,3.5521716747500474,7.267008529536806e-25,TRUE,FALSE,Significant_small_difference
VFG014119(gb|WP_012075025),,219,2,8521,2837,8740,2839,0.02505720823798627,7.044734061289186e-4,36.453049389636156,2.3877764156184363e-24,0.02435273483185735,0.02435273483185735,35.56870709382151,2.6660867792931684e-23,TRUE,FALSE,Significant_small_difference
VFG014128(gb|WP_012075033),,215,2,8525,2837,8740,2839,0.02459954233409611,7.044734061289186e-4,35.77045353272425,6.0724628762604065e-24,0.02389506892796719,0.02389506892796719,34.91905034324943,6.691615953839899e-23,TRUE,FALSE,Significant_small_difference
VFG014123(gb|WP_003150878),,214,2,8526,2837,8740,2839,0.02448512585812357,7.044734061289186e-4,35.59990463312649,9.943863642776874e-24,0.02378065245199465,0.02378065245199465,34.75663615560641,1.088659357254663e-22,TRUE,FALSE,Significant_small_difference
VFG019729(gb|WP_003107299),,4804,1255,3936,1584,8740,2839,0.5496567505720824,0.4420570623458964,1.5404022509544366,2.1908967026557916e-23,0.10759968822618599,0.10759968822618599,1.2434067847602726,2.3831302197920414e-22,TRUE,TRUE,Clade_A
VFG016062(gb|WP_165446461),,1344,241,7396,2598,8740,2839,0.15377574370709382,0.08488904543853469,1.9588545664445802,4.1789745846836905e-22,0.06888669826855913,0.06888669826855913,1.8114910223420722,4.516507147292758e-21,TRUE,TRUE,Clade_A
VFG015827(gb|WP_012315395),,23,57,8717,2782,8740,2839,0.002631578947368421,0.020077492074674182,0.1287985942159915,1.3952384972464005e-18,-0.01744591312730576,0.01744591312730576,7.6294469883761895,1.479479312174485e-17,TRUE,FALSE,Significant_small_difference
VFG051835(gb|WP_011979143.1),,7952,2419,788,420,8740,2839,0.9098398169336385,0.8520605847129271,1.7519669583561686,2.810249360534011e-17,0.05777923222071135,0.05777923222071135,1.0678111782863164,2.906797804822296e-16,TRUE,TRUE,Clade_A
VFG029698(gb|WP_014382789),,2051,882,6689,1957,8740,2839,0.23466819221967963,0.3106727721028531,0.6803625028633812,1.6988700902750593e-15,-0.07600457988317347,0.07600457988317347,1.3238810473812463,1.7151466899423654e-14,TRUE,TRUE,Clade_B
VFG000113,,1280,600,7460,2239,8740,2839,0.14645308924485126,0.2113420218386756,0.640312661663284,1.7422950268573584e-15,-0.06488893259382433,0.06488893259382433,1.4430697428672068,1.748517509096135e-14,TRUE,TRUE,Clade_B
VFG041029(gb|NP_250362),,8381,2613,359,226,8740,2839,0.9589244851258582,0.9203945051074321,2.019080418196519,7.982417027302747e-15,0.038529980018426,0.038529980018426,1.0418624620253776,7.870383104112533e-14,TRUE,FALSE,Significant_small_difference
VFG009374(gb|WP_010908479),,0,19,8740,2820,8740,2839,0,0.006692497358224727,0,2.402115717442071e-12,-0.006692497358224727,0.006692497358224727,Inf,2.3546320346554256e-11,TRUE,FALSE,Significant_small_difference
VFG009815(gb|WP_162830471),,105,1,8635,2838,8740,2839,0.012013729977116704,3.522367030644593e-4,34.50571571026979,4.865542682759838e-12,0.011661493274052245,0.011661493274052245,34.10697940503432,4.608598293894992e-11,TRUE,FALSE,Significant_small_difference
VFG009816(gb|WP_165928405),,105,1,8635,2838,8740,2839,0.012013729977116704,3.522367030644593e-4,34.50571571026979,4.865542682759838e-12,0.011661493274052245,0.011661493274052245,34.10697940503432,4.608598293894992e-11,TRUE,FALSE,Significant_small_difference
VFG009820(gb|WP_036377494),,105,1,8635,2838,8740,2839,0.012013729977116704,3.522367030644593e-4,34.50571571026979,4.865542682759838e-12,0.011661493274052245,0.011661493274052245,34.10697940503432,4.608598293894992e-11,TRUE,FALSE,Significant_small_difference
VFG024170(gb|WP_014381773),,105,1,8635,2838,8740,2839,0.012013729977116704,3.522367030644593e-4,34.50571571026979,4.865542682759838e-12,0.011661493274052245,0.011661493274052245,34.10697940503432,4.608598293894992e-11,TRUE,FALSE,Significant_small_difference
VFG024171(gb|WP_014710887),,105,1,8635,2838,8740,2839,0.012013729977116704,3.522367030644593e-4,34.50571571026979,4.865542682759838e-12,0.011661493274052245,0.011661493274052245,34.10697940503432,4.608598293894992e-11,TRUE,FALSE,Significant_small_difference
VFG027154(gb|WP_020821555),,105,1,8635,2838,8740,2839,0.012013729977116704,3.522367030644593e-4,34.50571571026979,4.865542682759838e-12,0.011661493274052245,0.011661493274052245,34.10697940503432,4.608598293894992e-11,TRUE,FALSE,Significant_small_difference
VFG051837(gb|WP_003083691.1),,8182,2746,558,93,8740,2839,0.9361556064073226,0.9672419866150053,0.4966263728673477,5.4793509186148107e-11,-0.031086380207682618,0.031086380207682618,1.0332064242257573,5.075926180650864e-10,TRUE,FALSE,Significant_small_difference
VFG023254(gb|WP_013826991),,85,1,8655,2838,8740,2839,0.009725400457665904,3.522367030644593e-4,27.868688415497576,1.2971098874672232e-9,0.009373163754601444,0.009373163754601444,27.6104118993135,1.1632591863136907e-8,TRUE,FALSE,Significant_small_difference
VFG038755(gb|WP_011706626),,70,0,8670,2839,8740,2839,0.008009153318077803,0,Inf,3.843603593913002e-9,0.008009153318077803,0.008009153318077803,Inf,3.4106924522828e-8,TRUE,FALSE,Significant_small_difference
VFG014707(gb|NP_250151),,8244,2586,496,253,8740,2839,0.9432494279176201,0.9108841141246918,1.6260278948996811,4.446417081724943e-9,0.032365313792928285,0.032365313792928285,1.0355317578724375,3.904509999889715e-8,TRUE,FALSE,Significant_small_difference
VFG014629(gb|NP_250146),,8243,2587,497,252,8740,2839,0.9431350114416476,0.9112363508277562,1.615522459087724,5.968134601280367e-9,0.03189866061389135,0.03189866061389135,1.0350059132133118,5.2136139573879273e-8,TRUE,FALSE,Significant_small_difference
VFG001265(gb|NP_250145),,8249,2589,491,250,8740,2839,0.9438215102974828,0.9119408242338851,1.6222118034515307,6.3538037817161045e-9,0.03188068606359773,0.03188068606359773,1.0349591609635203,5.521914008233686e-8,TRUE,FALSE,Significant_small_difference
VFG043013(gb|NP_250148),,8247,2589,493,250,8740,2839,0.9435926773455378,0.9119408242338851,1.6152398322581685,6.83302586153566e-9,0.03165185311165264,0.03165185311165264,1.0347082313572737,5.87779673599445e-8,TRUE,FALSE,Significant_small_difference
VFG022941(gb|WP_013827874),,8128,2543,612,296,8740,2839,0.9299771167048055,0.8957379358929201,1.5458225383380748,1.0416061634173573e-8,0.034239180811885483,0.034239180811885483,1.0382245514451212,8.869434300614467e-8,TRUE,FALSE,Significant_small_difference
VFG016036(gb|WP_010954974),,16,29,8724,2810,8740,2839,0.0018306636155606408,0.010214864388869321,0.17774304563609217,1.5868459728197667e-8,-0.00838420077330868,0.00838420077330868,5.579869672419866,1.3310558757085207e-7,TRUE,FALSE,Significant_small_difference
VFG041019(gb|NP_250352),,8492,2693,248,146,8740,2839,0.9716247139588101,0.9485734413525889,1.8562188928683934,1.7042661288503694e-8,0.023051272606221196,0.023051272606221196,1.0243009888336658,1.4224716303176845e-7,TRUE,FALSE,Significant_small_difference
VFG043012(gb|NP_250147),,8194,2572,546,267,8740,2839,0.9375286041189931,0.9059528002817894,1.557848595292456,2.7709009209832808e-8,0.03157580383720371,0.03157580383720371,1.0348536963817345,2.2788970501355179e-7,TRUE,FALSE,Significant_small_difference
VFG022385(gb|WP_041319509),,432,74,8308,2765,8740,2839,0.0494279176201373,0.02606551602676999,1.942849740511519,3.2761932046166185e-8,0.023362401593367308,0.023362401593367308,1.8962953800482403,2.681389195623116e-7,TRUE,FALSE,Significant_small_difference
VFG044225(gb|WP_011533698),,8235,2591,505,248,8740,2839,0.9422196796338673,0.9126452976400141,1.5607668119133384,8.140178491713644e-8,0.029574381993853205,0.029574381993853205,1.0324051217601502,6.238336789558729e-7,TRUE,FALSE,Significant_small_difference
VFG038916(gb|WP_011705263),,8211,2582,529,257,8740,2839,0.9394736842105263,0.9094751673124339,1.544896050045539,9.133411538810505e-8,0.02999851689809241,0.02999851689809241,1.0329844265970891,6.874523149301122e-7,TRUE,FALSE,Significant_small_difference
VFG014720(gb|NP_250152),,8264,2603,476,236,8740,2839,0.9455377574370709,0.9168721380767876,1.5739912941877334,1.0023292052665742e-7,0.028665619360283334,0.028665619360283334,1.0312645767821147,7.477553274687805e-7,TRUE,FALSE,Significant_small_difference
VFG041012(gb|NP_250202),,8650,2835,90,4,8740,2839,0.9897025171624714,0.9985910531877422,0.13561857443993933,1.9388503615548035e-7,-0.008888536025270843,0.008888536025270843,1.0089810179029903,1.3397138154022126e-6,TRUE,FALSE,Significant_small_difference
VFG043016(gb|NP_250155),,8220,2590,520,249,8740,2839,0.9405034324942791,0.9122930609369496,1.519675226653022,3.567329264774749e-7,0.028210371557329528,0.028210371557329528,1.0309224883595594,2.2782261895493285e-6,TRUE,FALSE,Significant_small_difference
VFG001259(gb|NP_250137),,8244,2600,496,239,8740,2839,0.9432494279176201,0.9158154279675942,1.5277888562939168,4.100718935785028e-7,0.027433999950025934,0.027433999950025934,1.02995581763774,2.579780643930432e-6,TRUE,FALSE,Significant_small_difference
VFG014486(gb|NP_250133),,8225,2593,515,246,8740,2839,0.9410755148741419,0.913349771046143,1.515109866773677,4.959338906762478e-7,0.02772574382799886,0.02772574382799886,1.0303561074923597,3.018572345415718e-6,TRUE,FALSE,Significant_small_difference
VFG020071(gb|WP_012723748),,8185,2578,555,261,8740,2839,0.9364988558352403,0.9080662205001762,1.493024117660596,5.914575249302739e-7,0.028432635335064127,0.028432635335064127,1.0313111915113449,3.5487451495816433e-6,TRUE,FALSE,Significant_small_difference
VFG029696(gb|WP_014942395),,2296,883,6444,1956,8740,2839,0.26270022883295197,0.3110250088059176,0.7893117914881366,6.900122411443791e-7,-0.04832477997296564,0.04832477997296564,1.183954084043432,4.01158840886008e-6,TRUE,FALSE,Significant_small_difference
VFG029699(gb|WP_014385156),,2296,883,6444,1956,8740,2839,0.26270022883295197,0.3110250088059176,0.7893117914881366,6.900122411443791e-7,-0.04832477997296564,0.04832477997296564,1.183954084043432,4.01158840886008e-6,TRUE,FALSE,Significant_small_difference
VFG029700(gb|WP_014380392),,2296,883,6444,1956,8740,2839,0.26270022883295197,0.3110250088059176,0.7893117914881366,6.900122411443791e-7,-0.04832477997296564,0.04832477997296564,1.183954084043432,4.01158840886008e-6,TRUE,FALSE,Significant_small_difference
VFG041028(gb|NP_250361),,8230,2596,510,243,8740,2839,0.9416475972540046,0.9144064811553364,1.510477419020503,6.884378669256992e-7,0.027241116098668194,0.027241116098668194,1.0297910356718487,4.01158840886008e-6,TRUE,FALSE,Significant_small_difference
VFG001257(gb|NP_250135),,8216,2591,524,248,8740,2839,0.940045766590389,0.9126452976400141,1.5007097309036543,7.468746599848768e-7,0.027400468950374846,0.027400468950374846,1.0300231305866903,4.268578565201703e-6,TRUE,FALSE,Significant_small_difference
VFG041024(gb|NP_250357),,8216,2591,524,248,8740,2839,0.940045766590389,0.9126452976400141,1.5007097309036543,7.468746599848768e-7,0.027400468950374846,0.027400468950374846,1.0300231305866903,4.268578565201703e-6,TRUE,FALSE,Significant_small_difference
VFG001258(gb|NP_250136),,8213,2590,527,249,8740,2839,0.9397025171624714,0.9122930609369496,1.4982150416907416,7.927280843245882e-7,0.027409456225521822,0.027409456225521822,1.0300445738317592,4.515336318146134e-6,TRUE,FALSE,Significant_small_difference
VFG041015(gb|NP_250348),,8215,2591,525,248,8740,2839,0.9399313501144165,0.9126452976400141,1.497669239180943,9.362963314671082e-7,0.02728605247440241,0.02728605247440241,1.0298977626301924,5.279583996165701e-6,TRUE,FALSE,Significant_small_difference
VFG041026(gb|NP_250359),,8241,2605,499,234,8740,2839,0.9429061784897025,0.9175766114829165,1.483444451439532,3.0018912633508857e-6,0.025329567006786013,0.025329567006786013,1.0276048524883936,1.566931476783156e-5,TRUE,FALSE,Significant_small_difference
VFG000189(gb|NP_250385),,8250,2609,490,230,8740,2839,0.9439359267734554,0.9189855582951744,1.484210121980601,3.1325582442770658e-6,0.024950368478281026,0.024950368478281026,1.0271499026867918,1.6250748307234254e-5,TRUE,FALSE,Significant_small_difference
VFG030408(gb|WP_015355418),,0,9,8740,2830,8740,2839,0,0.0031701303275801338,0,3.1716630891228027e-6,-0.0031701303275801338,0.0031701303275801338,Inf,1.640314100693572e-5,TRUE,FALSE,Significant_small_difference
VFG016123(gb|WP_011061773),,8150,2573,590,266,8740,2839,0.9324942791762014,0.9063050369848539,1.428015594781558,6.494683825045511e-6,0.02618924219134755,0.02618924219134755,1.0288967192309506,3.3181930087959795e-05,TRUE,FALSE,Significant_small_difference
VFG000188(gb|NP_250384),,8208,2595,532,244,8740,2839,0.9391304347826087,0.9140542444522719,1.4506510982108007,6.6768429521448775e-6,0.02507619033033681,0.02507619033033681,1.0274340286504147,3.380527692887767e-5,TRUE,FALSE,Significant_small_difference
VFG043014(gb|NP_250149),,8737,2827,3,12,8740,2839,0.9996567505720824,0.9957731595632265,12.35862967625505,9.813825334611266e-6,0.0038835910088558245,0.0038835910088558245,1.0039000760078323,4.838043717589062e-5,TRUE,FALSE,Significant_small_difference
VFG000186(gb|NP_250382),,8217,2601,523,238,8740,2839,0.9401601830663615,0.9161676646706587,1.4375845264690799,1.2524372450742847e-5,0.023992518395702822,0.023992518395702822,1.0261879122358324,6.067842514928862e-5,TRUE,FALSE,Significant_small_difference
VFG013733(gb|WP_003854229),,0,8,8740,2831,8740,2839,0,0.0028178936245156746,0,1.2963374639434812e-5,-0.0028178936245156746,0.0028178936245156746,Inf,6.262535714065069e-5,TRUE,FALSE,Significant_small_difference
VFG009819(gb|WP_041799901),,8004,2527,736,312,8740,2839,0.9157894736842105,0.8901021486438887,1.3426623953425048,4.7004559945681984e-5,0.025687325040321785,0.025687325040321785,1.0288588507279277,2.1476880235344126e-4,TRUE,FALSE,Significant_small_difference
VFG000151(gb|NP_250121),,8112,2567,628,272,8740,2839,0.9281464530892448,0.9041916167664671,1.3686698247173457,5.3225870780725276e-5,0.02395483632277773,0.02395483632277773,1.0264930971251913,2.4123338208683552e-4,TRUE,FALSE,Significant_small_difference
VFG024169(gb|WP_099961986),,8003,2527,737,312,8740,2839,0.9156750572082379,0.8901021486438887,1.3406732755567157,5.5263025732935174e-5,0.02557290856434924,0.02557290856434924,1.0287303076431291,2.4979480264270427e-4,TRUE,FALSE,Significant_small_difference
VFG015433,,8414,2683,326,156,8740,2839,0.9627002288329519,0.9450510743219444,1.5006245147722312,7.497983407618698e-5,0.01764915451100757,0.01764915451100757,1.0186753446353898,3.3093193783364204e-4,TRUE,FALSE,Significant_small_difference
VFG001264(gb|NP_250144),,8735,2827,5,12,8740,2839,0.9994279176201373,0.9957731595632265,7.414419599089349,8.03233133454555e-5,0.003654758056910734,0.003654758056910734,1.0036702717097876,3.5175352285828044e-4,TRUE,FALSE,Significant_small_difference
VFG043015(gb|NP_250150),,8735,2827,5,12,8740,2839,0.9994279176201373,0.9957731595632265,7.414419599089349,8.03233133454555e-5,0.003654758056910734,0.003654758056910734,1.0036702717097876,3.5175352285828044e-4,TRUE,FALSE,Significant_small_difference
VFG000154(gb|NP_250123),,8114,2570,626,269,8740,2839,0.9283752860411899,0.9052483268756605,1.3566492059745792,8.559148353017548e-5,0.023126959165529426,0.023126959165529426,1.0255476408836335,3.714619524381987e-4,TRUE,FALSE,Significant_small_difference
VFG049835(gb|WP_012076956),,35,0,8705,2839,8740,2839,0.004004576659038902,0,Inf,8.904789583921908e-5,0.004004576659038902,0.004004576659038902,Inf,3.8397634881054567e-4,TRUE,FALSE,Significant_small_difference
VFG049843(gb|WP_003155066),,35,0,8705,2839,8740,2839,0.004004576659038902,0,Inf,8.904789583921908e-5,0.004004576659038902,0.004004576659038902,Inf,3.8397634881054567e-4,TRUE,FALSE,Significant_small_difference
VFG049248(gb|WP_123809090),,3,10,8737,2829,8740,2839,3.4324942791762013e-4,0.003522367030644593,0.09717028883829543,1.0457012204715482e-4,-0.003179117602726973,0.003179117602726973,10.261829282611249,4.497582290089363e-4,TRUE,FALSE,Significant_small_difference
VFG048839(gb|WP_041937831),,2,9,8738,2830,8740,2839,2.288329519450801e-4,0.0031701303275801338,0.07199214526364417,1.0617567157647108e-4,-0.0029412973756350537,0.0029412973756350537,13.853469531525183,4.5550173607615833e-4,TRUE,FALSE,Significant_small_difference
VFG001261(gb|NP_250139),,8189,2599,551,240,8740,2839,0.9369565217391305,0.9154631912645298,1.3723707600345205,1.1392137231965157e-4,0.02149333047460067,0.02149333047460067,1.0234780935811432,4.862567942555254e-4,TRUE,FALSE,Significant_small_difference
VFG000191(gb|NP_250387),,8156,2589,584,250,8740,2839,0.9331807780320366,0.9119408242338851,1.3485290744523921,1.9665214577316756e-4,0.021239953798151467,0.021239953798151467,1.0232909342730598,8.330540647576897e-4,TRUE,FALSE,Significant_small_difference
VFG038432(gb|WP_016352168),,0,6,8740,2833,8740,2839,0,0.0021134202183867557,0,2.1638772791485072e-4,-0.0021134202183867557,0.0021134202183867557,Inf,9.120742731610958e-4,TRUE,FALSE,Significant_small_difference
VFG038433(gb|WP_005314160),,0,6,8740,2833,8740,2839,0,0.0021134202183867557,0,2.1638772791485072e-4,-0.0021134202183867557,0.0021134202183867557,Inf,9.120742731610958e-4,TRUE,FALSE,Significant_small_difference
VFG007914(gb|WP_011780329),,30,0,8710,2839,8740,2839,0.003432494279176201,0,Inf,3.7751212858999714e-4,0.003432494279176201,0.003432494279176201,Inf,0.0015832971363252118,TRUE,FALSE,Significant_small_difference
VFG048735,,8011,2541,729,298,8740,2839,0.9165903890160183,0.8950334624867912,1.2887297397339361,5.418401663792481e-4,0.02155692652922714,0.02155692652922714,1.0240850509313166,0.0022227311934681564,TRUE,FALSE,Significant_small_difference
VFG048737,,8011,2541,729,298,8740,2839,0.9165903890160183,0.8950334624867912,1.2887297397339361,5.418401663792481e-4,0.02155692652922714,0.02155692652922714,1.0240850509313166,0.0022227311934681564,TRUE,FALSE,Significant_small_difference
VFG048738(gb|WP_004224376),,8011,2541,729,298,8740,2839,0.9165903890160183,0.8950334624867912,1.2887297397339361,5.418401663792481e-4,0.02155692652922714,0.02155692652922714,1.0240850509313166,0.0022227311934681564,TRUE,FALSE,Significant_small_difference
VFG048739(gb|WP_012968403),,8011,2541,729,298,8740,2839,0.9165903890160183,0.8950334624867912,1.2887297397339361,5.418401663792481e-4,0.02155692652922714,0.02155692652922714,1.0240850509313166,0.0022227311934681564,TRUE,FALSE,Significant_small_difference
VFG009423(gb|WP_011856686),,36,1,8704,2838,8740,2839,0.004118993135011442,3.522367030644593e-4,11.736872414483406,7.701365313855284e-4,0.0037667564319469825,0.0037667564319469825,11.693821510297482,0.0031137894290551586,TRUE,FALSE,Significant_small_difference
VFG009424(gb|WP_011561489),,36,1,8704,2838,8740,2839,0.004118993135011442,3.522367030644593e-4,11.736872414483406,7.701365313855284e-4,0.0037667564319469825,0.0037667564319469825,11.693821510297482,0.0031137894290551586,TRUE,FALSE,Significant_small_difference
VFG020077(gb|WP_015885148),,8116,2581,624,258,8740,2839,0.928604118993135,0.9091229306093696,1.3001058222784179,8.331173210878186e-4,0.019481188383765446,0.019481188383765446,1.021428552429876,0.0033603727352967995,TRUE,FALSE,Significant_small_difference
VFG029750(gb|WP_011857547),,0,5,8740,2834,8740,2839,0,0.0017611835153222965,0,8.837232049705316e-4,-0.0017611835153222965,0.0017611835153222965,Inf,0.003539091029881986,TRUE,FALSE,Significant_small_difference
VFG029751(gb|WP_011562667),,0,5,8740,2834,8740,2839,0,0.0017611835153222965,0,8.837232049705316e-4,-0.0017611835153222965,0.0017611835153222965,Inf,0.003539091029881986,TRUE,FALSE,Significant_small_difference
VFG036265,,0,5,8740,2834,8740,2839,0,0.0017611835153222965,0,8.837232049705316e-4,-0.0017611835153222965,0.0017611835153222965,Inf,0.003539091029881986,TRUE,FALSE,Significant_small_difference
VFG019772(gb|WP_015886333),,25,0,8715,2839,8740,2839,0.002860411899313501,0,Inf,0.0016085772167391032,0.002860411899313501,0.002860411899313501,Inf,0.006396370725052189,TRUE,FALSE,Significant_small_difference
VFG015908(gb|WP_164920478),,89,12,8651,2827,8740,2839,0.010183066361556064,0.004226840436773511,2.4236285676565092,0.0023127717177820507,0.0059562259247825525,0.0059562259247825525,2.4091437833714724,0.009131927672553952,TRUE,FALSE,Significant_small_difference
VFG051823(gb|WP_011979148.1),,23,0,8717,2839,8740,2839,0.002631578947368421,0,Inf,0.0025489466427692053,0.002631578947368421,0.002631578947368421,Inf,0.010017538554099953,TRUE,FALSE,Significant_small_difference
VFG041022(gb|NP_250355),,8011,2549,729,290,8740,2839,0.9165903890160183,0.8978513561113068,1.2502195638805649,0.002579494602340554,0.01873903290471146,0.01873903290471146,1.0208709746631919,0.010114018371037614,TRUE,FALSE,Significant_small_difference
VFG000187(gb|NP_250383),,8038,2560,702,279,8740,2839,0.9196796338672769,0.9017259598450158,1.2478843000908357,0.003191007349284868,0.017953674022261112,0.017953674022261112,1.019910343964531,0.012425030925852858,TRUE,FALSE,Significant_small_difference
VFG051822(gb|WP_012613443.1),,3750,1307,4990,1532,8740,2839,0.4290617848970252,0.4603733709052483,0.880885910563824,0.003523456492987534,-0.03131158600822315,0.03131158600822315,1.072976869789832,0.013687897804555258,TRUE,FALSE,Significant_small_difference
VFG041020(gb|NP_250353),,8721,2839,19,0,8740,2839,0.9978260869565218,1,0,0.006667735297633261,-0.0021739130434782483,0.0021739130434782483,1.0021786492374727,0.025319373224796573,TRUE,FALSE,Significant_small_difference
VFG041021(gb|NP_250354),,8721,2839,19,0,8740,2839,0.9978260869565218,1,0,0.006667735297633261,-0.0021739130434782483,0.0021739130434782483,1.0021786492374727,0.025319373224796573,TRUE,FALSE,Significant_small_difference
VFG000115(gb|NP_249839),,8588,2766,152,73,8740,2839,0.9826086956521739,0.9742867206762945,1.4910855037241033,0.007599520582866148,0.008321974975879387,0.008321974975879387,1.0085416077210851,0.028599981479268583,TRUE,FALSE,Significant_small_difference
VFG015075(gb|WP_011532652),,62,8,8678,2831,8740,2839,0.007093821510297483,0.0028178936245156746,2.528231455033236,0.008014006445715476,0.004275927885781809,0.004275927885781809,2.5174199084668194,0.03002581081661398,TRUE,FALSE,Significant_small_difference
VFG041017(gb|NP_250350),,8092,2585,648,254,8740,2839,0.925858123569794,0.9105318774216273,1.2270352739106425,0.008796799314327416,0.015326246148166689,0.015326246148166689,1.0168321906439632,0.03288559566287366,TRUE,FALSE,Significant_small_difference
VFG041013(gb|NP_250203),,7385,2455,1355,384,8740,2839,0.8449656750572082,0.8647411060232476,0.8525152028252581,0.01017178016105602,-0.019775430966039398,0.019775430966039398,1.023403827575245,0.03777449636903183,TRUE,FALSE,Significant_small_difference
VFG043589(gb|WP_000044536),,2,5,8738,2834,8740,2839,2.288329519450801e-4,0.0017611835153222965,0.1297424392620233,0.011779172819562317,-0.0015323505633772164,0.0015323505633772164,7.696371961958436,0.04336175845803944,TRUE,FALSE,Significant_small_difference
VFG001256(gb|NP_250134),,8299,2662,441,177,8740,2839,0.9495423340961099,0.9376541035575907,1.2512638225090749,0.01620402688197941,0.011888230538519173,0.011888230538519173,1.0126786951535898,0.05900645642120363,FALSE,FALSE,Not_significant
VFG015905(gb|WP_164920559),,2670,935,6070,1904,8740,2839,0.30549199084668194,0.32934131736526945,0.8957439742083496,0.017360843275014765,-0.02384932651858751,0.02384932651858751,1.078068581937249,0.06280250084556564,FALSE,FALSE,Not_significant
VFG043625(gb|WP_000813718),,16,0,8724,2839,8740,2839,0.0018306636155606408,0,Inf,0.017544470876786126,0.0018306636155606408,0.0018306636155606408,Inf,0.06280250084556564,FALSE,FALSE,Not_significant
VFG048377(gb|WP_000813718),,16,0,8724,2839,8740,2839,0.0018306636155606408,0,Inf,0.017544470876786126,0.0018306636155606408,0.0018306636155606408,Inf,0.06280250084556564,FALSE,FALSE,Not_significant
VFG048379,,16,0,8724,2839,8740,2839,0.0018306636155606408,0,Inf,0.017544470876786126,0.0018306636155606408,0.0018306636155606408,Inf,0.06280250084556564,FALSE,FALSE,Not_significant
VFG048380(gb|WP_012967266),,16,0,8724,2839,8740,2839,0.0018306636155606408,0,Inf,0.017544470876786126,0.0018306636155606408,0.0018306636155606408,Inf,0.06280250084556564,FALSE,FALSE,Not_significant
VFG041018(gb|NP_250351),,8724,2839,16,0,8740,2839,0.9981693363844394,1,0,0.01754447087678613,-0.0018306636155606126,0.0018306636155606126,1.0018340210912424,0.06280250084556564,FALSE,FALSE,Not_significant
VFG001260(gb|NP_250138),,8016,2564,724,275,8740,2839,0.917162471395881,0.9031349066572737,1.187443880259986,0.023162192738392456,0.014027564738607334,0.014027564738607334,1.0155320812374828,0.08221359359353617,FALSE,FALSE,Not_significant
VFG019942(gb|WP_012724914),,64,10,8676,2829,8740,2839,0.007322654462242563,0.003522367030644593,2.0866212872690033,0.029205910724347684,0.0038002874315979703,0.0038002874315979703,2.0789016018306636,0.10323095488731697,FALSE,FALSE,Not_significant
VFG041014(gb|NP_250347),,8725,2839,15,0,8740,2839,0.9982837528604119,1,0,0.029976957028120137,-0.0017162471395880674,0.0017162471395880674,1.0017191977077364,0.1044238627053937,FALSE,FALSE,Not_significant
VFG041023(gb|NP_250356),,8725,2839,15,0,8740,2839,0.9982837528604119,1,0,0.029976957028120137,-0.0017162471395880674,0.0017162471395880674,1.0017191977077364,0.1044238627053937,FALSE,FALSE,Not_significant
VFG041025(gb|NP_250358),,8725,2839,15,0,8740,2839,0.9982837528604119,1,0,0.029976957028120137,-0.0017162471395880674,0.0017162471395880674,1.0017191977077364,0.1044238627053937,FALSE,FALSE,Not_significant
VFG041027(gb|NP_250360),,8725,2839,15,0,8740,2839,0.9982837528604119,1,0,0.029976957028120137,-0.0017162471395880674,0.0017162471395880674,1.0017191977077364,0.1044238627053937,FALSE,FALSE,Not_significant
VFG016044(gb|WP_011534374),,8015,2566,725,273,8740,2839,0.9170480549199085,0.9038393800634026,1.1761236877045667,0.03111507578995444,0.013208674856505898,0.013208674856505898,1.0146139625555808,0.10816498511724369,FALSE,FALSE,Not_significant
VFG033146(gb|WP_001521270),,2,4,8738,2835,8740,2839,2.288329519450801e-4,0.0014089468122578373,0.1622539651496463,0.03507672193410917,-0.0011801138603127572,0.0011801138603127572,6.157097569566749,0.12168591189487254,FALSE,FALSE,Not_significant
VFG051493(gb|WP_011333754.1),,1,3,8739,2836,8740,2839,1.1441647597254005e-4,0.0010567101091933778,0.1082141022072842,0.04808657100847401,-9.422936332208378e-4,9.422936332208378e-4,9.235646354350122,0.16545705861283097,FALSE,FALSE,Not_significant
VFG041016(gb|NP_250349),,8722,2838,18,1,8740,2839,0.9979405034324943,0.9996477632969355,0.1707520938894341,0.059500084869235234,-0.0017072598644412018,0.0017072598644412018,1.0017107832166035,0.20184920239029075,FALSE,FALSE,Not_significant
VFG044066(gb|WP_000447001),,0,2,8740,2837,8740,2839,0,7.044734061289186e-4,0,0.0600998218267651,-7.044734061289186e-4,7.044734061289186e-4,Inf,0.20184920239029075,FALSE,FALSE,Not_significant
VFG050581(gb|WP_001046420.1),,0,2,8740,2837,8740,2839,0,7.044734061289186e-4,0,0.0600998218267651,-7.044734061289186e-4,7.044734061289186e-4,Inf,0.20184920239029075,FALSE,FALSE,Not_significant
VFG050587(gb|WP_001046490.1),,0,2,8740,2837,8740,2839,0,7.044734061289186e-4,0,0.0600998218267651,-7.044734061289186e-4,7.044734061289186e-4,Inf,0.20184920239029075,FALSE,FALSE,Not_significant
VFG015826(gb|WP_012273396),,8046,2582,694,257,8740,2839,0.9205949656750572,0.9094751673124339,1.153939006664579,0.06440800560766469,0.011119798362623223,0.011119798362623223,1.0122266102058433,0.21546011399706877,FALSE,FALSE,Not_significant
VFG000185(gb|NP_250381),,8704,2834,36,5,8740,2839,0.9958810068649886,0.9982388164846777,0.4265690507904337,0.06978438264720657,-0.002357809619689122,0.002357809619689122,1.0023675615896235,0.23206404170254494,FALSE,FALSE,Not_significant
VFG015383(gb|WP_011064245),,16,1,8724,2838,8740,2839,0.0018306636155606408,3.522367030644593e-4,5.204564767891454,0.09053578883024589,0.0014784269124961816,0.0014784269124961816,5.197254004576659,0.29988868363024473,FALSE,FALSE,Not_significant
VFG013972(gb|WP_034028141),,22,2,8718,2837,8740,2839,0.002517162471395881,7.044734061289186e-4,3.5794332119213625,0.09253918760845634,0.0018126890652669623,0.0018126890652669623,3.573112128146453,0.30592366727030856,FALSE,FALSE,Not_significant
VFG014072(gb|WP_011914954),,2,3,8738,2836,8740,2839,2.288329519450801e-4,0.0010567101091933778,0.21642980650759236,0.09845766596388143,-8.278771572482978e-4,8.278771572482978e-4,4.617823177175061,0.32421801721700017,FALSE,FALSE,Not_significant
VFG004508(gb|WP_001109390),,4,4,8736,2835,8740,2839,4.576659038901602e-4,0.0014089468122578373,0.3245755781372934,0.10718329411151212,-9.512809083676771e-4,9.512809083676771e-4,3.0785487847833743,0.3522632239220457,FALSE,FALSE,Not_significant
VFG029697(gb|WP_014711950),,1515,455,7225,2384,8740,2839,0.17334096109839817,0.16026769989432899,1.0986755986341905,0.11384346086086036,0.013073261204069181,0.013073261204069181,1.0815714034249504,0.3734242704502151,FALSE,FALSE,Not_significant
VFG014473(gb|NP_250132),,8731,2839,9,0,8740,2839,0.9989702517162471,1,0,0.12466445564787183,-0.001029748283752907,0.001029748283752907,1.0010308097583325,0.40654598108764395,FALSE,FALSE,Not_significant
VFG015070(gb|WP_011103673),,10,0,8730,2839,8740,2839,0.0011441647597254005,0,Inf,0.13250206413074553,0.0011441647597254005,0.0011441647597254005,Inf,0.43044023145363575,FALSE,FALSE,Not_significant
VFG028200(gb|WP_015303218),,10,0,8730,2839,8740,2839,0.0011441647597254005,0,Inf,0.13250206413074553,0.0011441647597254005,0.0011441647597254005,Inf,0.43044023145363575,FALSE,FALSE,Not_significant
VFG044315(gb|WP_012492605),,27,4,8713,2835,8740,2839,0.003089244851258581,0.0014089468122578373,2.1960286077458595,0.1482254139763044,0.0016802980390007438,0.0016802980390007438,2.192591533180778,0.4805923999308639,FALSE,FALSE,Not_significant
VFG050583(gb|WP_001046489.1),,1,2,8739,2837,8740,2839,1.1441647597254005e-4,7.044734061289186e-4,0.16234983240619513,0.1508439598186329,-5.900569301563786e-4,5.900569301563786e-4,6.157097569566749,0.48350364306885,FALSE,FALSE,Not_significant
VFG050585(gb|WP_020753490.1),,1,2,8739,2837,8740,2839,1.1441647597254005e-4,7.044734061289186e-4,0.16234983240619513,0.1508439598186329,-5.900569301563786e-4,5.900569301563786e-4,6.157097569566749,0.48350364306885,FALSE,FALSE,Not_significant
VFG030675(gb|WP_003875535),,8,0,8732,2839,8740,2839,9.153318077803204e-4,0,Inf,0.212471984565969,9.153318077803204e-4,9.153318077803204e-4,Inf,0.5947947195400254,FALSE,FALSE,Not_significant
VFG048580(gb|WP_014838502),,8,0,8732,2839,8740,2839,9.153318077803204e-4,0,Inf,0.212471984565969,9.153318077803204e-4,9.153318077803204e-4,Inf,0.5947947195400254,FALSE,FALSE,Not_significant
VFG009930(gb|WP_011779804),,7,0,8733,2839,8740,2839,8.009153318077803e-4,0,Inf,0.2056569793289058,8.009153318077803e-4,8.009153318077803e-4,Inf,0.5947947195400254,FALSE,FALSE,Not_significant
VFG002055(gb|WP_000097229),,0,1,8740,2838,8740,2839,0,3.522367030644593e-4,0,0.24518524915795828,-3.522367030644593e-4,3.522367030644593e-4,Inf,0.5947947195400254,FALSE,FALSE,Not_significant
VFG002056,,0,1,8740,2838,8740,2839,0,3.522367030644593e-4,0,0.24518524915795828,-3.522367030644593e-4,3.522367030644593e-4,Inf,0.5947947195400254,FALSE,FALSE,Not_significant
VFG002101(gb|WP_010948213),,0,1,8740,2838,8740,2839,0,3.522367030644593e-4,0,0.24518524915795828,-3.522367030644593e-4,3.522367030644593e-4,Inf,0.5947947195400254,FALSE,FALSE,Not_significant
VFG002409(gb|WP_000549274),,0,1,8740,2838,8740,2839,0,3.522367030644593e-4,0,0.24518524915795828,-3.522367030644593e-4,3.522367030644593e-4,Inf,0.5947947195400254,FALSE,FALSE,Not_significant
VFG002420(gb|WP_000645781),,0,1,8740,2838,8740,2839,0,3.522367030644593e-4,0,0.24518524915795828,-3.522367030644593e-4,3.522367030644593e-4,Inf,0.5947947195400254,FALSE,FALSE,Not_significant
VFG004853(gb|WP_000473596),,0,1,8740,2838,8740,2839,0,3.522367030644593e-4,0,0.24518524915795828,-3.522367030644593e-4,3.522367030644593e-4,Inf,0.5947947195400254,FALSE,FALSE,Not_significant
VFG004854(gb|WP_000473600),,0,1,8740,2838,8740,2839,0,3.522367030644593e-4,0,0.24518524915795828,-3.522367030644593e-4,3.522367030644593e-4,Inf,0.5947947195400254,FALSE,FALSE,Not_significant
VFG004856(gb|WP_000473596),,0,1,8740,2838,8740,2839,0,3.522367030644593e-4,0,0.24518524915795828,-3.522367030644593e-4,3.522367030644593e-4,Inf,0.5947947195400254,FALSE,FALSE,Not_significant
VFG004978(gb|WP_010922839),,0,1,8740,2838,8740,2839,0,3.522367030644593e-4,0,0.24518524915795828,-3.522367030644593e-4,3.522367030644593e-4,Inf,0.5947947195400254,FALSE,FALSE,Not_significant
VFG008259(gb|WP_003412375),,0,1,8740,2838,8740,2839,0,3.522367030644593e-4,0,0.24518524915795828,-3.522367030644593e-4,3.522367030644593e-4,Inf,0.5947947195400254,FALSE,FALSE,Not_significant
VFG008261(gb|WP_010950714),,0,1,8740,2838,8740,2839,0,3.522367030644593e-4,0,0.24518524915795828,-3.522367030644593e-4,3.522367030644593e-4,Inf,0.5947947195400254,FALSE,FALSE,Not_significant
VFG010698(gb|WP_080020091),,0,1,8740,2838,8740,2839,0,3.522367030644593e-4,0,0.24518524915795828,-3.522367030644593e-4,3.522367030644593e-4,Inf,0.5947947195400254,FALSE,FALSE,Not_significant
VFG010699(gb|WP_011216393),,0,1,8740,2838,8740,2839,0,3.522367030644593e-4,0,0.24518524915795828,-3.522367030644593e-4,3.522367030644593e-4,Inf,0.5947947195400254,FALSE,FALSE,Not_significant
VFG010939(gb|WP_148265616),,0,1,8740,2838,8740,2839,0,3.522367030644593e-4,0,0.24518524915795828,-3.522367030644593e-4,3.522367030644593e-4,Inf,0.5947947195400254,FALSE,FALSE,Not_significant
VFG010940(gb|WP_041937492),,0,1,8740,2838,8740,2839,0,3.522367030644593e-4,0,0.24518524915795828,-3.522367030644593e-4,3.522367030644593e-4,Inf,0.5947947195400254,FALSE,FALSE,Not_significant
VFG011288(gb|WP_012417360),,0,1,8740,2838,8740,2839,0,3.522367030644593e-4,0,0.24518524915795828,-3.522367030644593e-4,3.522367030644593e-4,Inf,0.5947947195400254,FALSE,FALSE,Not_significant
VFG012518(gb|WP_000973517),,0,1,8740,2838,8740,2839,0,3.522367030644593e-4,0,0.24518524915795828,-3.522367030644593e-4,3.522367030644593e-4,Inf,0.5947947195400254,FALSE,FALSE,Not_significant
VFG012912(gb|WP_000094969),,0,1,8740,2838,8740,2839,0,3.522367030644593e-4,0,0.24518524915795828,-3.522367030644593e-4,3.522367030644593e-4,Inf,0.5947947195400254,FALSE,FALSE,Not_significant
VFG012914(gb|WP_000942800),,0,1,8740,2838,8740,2839,0,3.522367030644593e-4,0,0.24518524915795828,-3.522367030644593e-4,3.522367030644593e-4,Inf,0.5947947195400254,FALSE,FALSE,Not_significant
VFG014849(gb|WP_010952409),,0,1,8740,2838,8740,2839,0,3.522367030644593e-4,0,0.24518524915795828,-3.522367030644593e-4,3.522367030644593e-4,Inf,0.5947947195400254,FALSE,FALSE,Not_significant
VFG014851(gb|WP_011535591),,0,1,8740,2838,8740,2839,0,3.522367030644593e-4,0,0.24518524915795828,-3.522367030644593e-4,3.522367030644593e-4,Inf,0.5947947195400254,FALSE,FALSE,Not_significant
VFG015753(gb|WP_012312809),,0,1,8740,2838,8740,2839,0,3.522367030644593e-4,0,0.24518524915795828,-3.522367030644593e-4,3.522367030644593e-4,Inf,0.5947947195400254,FALSE,FALSE,Not_significant
VFG016155(gb|WP_041025357),,0,1,8740,2838,8740,2839,0,3.522367030644593e-4,0,0.24518524915795828,-3.522367030644593e-4,3.522367030644593e-4,Inf,0.5947947195400254,FALSE,FALSE,Not_significant
VFG016158(gb|WP_012075848),,0,1,8740,2838,8740,2839,0,3.522367030644593e-4,0,0.24518524915795828,-3.522367030644593e-4,3.522367030644593e-4,Inf,0.5947947195400254,FALSE,FALSE,Not_significant
VFG016163(gb|WP_012075853),,0,1,8740,2838,8740,2839,0,3.522367030644593e-4,0,0.24518524915795828,-3.522367030644593e-4,3.522367030644593e-4,Inf,0.5947947195400254,FALSE,FALSE,Not_significant
VFG017085(gb|WP_000473593),,0,1,8740,2838,8740,2839,0,3.522367030644593e-4,0,0.24518524915795828,-3.522367030644593e-4,3.522367030644593e-4,Inf,0.5947947195400254,FALSE,FALSE,Not_significant
VFG017626(gb|WP_041180119),,0,1,8740,2838,8740,2839,0,3.522367030644593e-4,0,0.24518524915795828,-3.522367030644593e-4,3.522367030644593e-4,Inf,0.5947947195400254,FALSE,FALSE,Not_significant
VFG017627(gb|WP_003412375),,0,1,8740,2838,8740,2839,0,3.522367030644593e-4,0,0.24518524915795828,-3.522367030644593e-4,3.522367030644593e-4,Inf,0.5947947195400254,FALSE,FALSE,Not_significant
VFG017629(gb|WP_003412375),,0,1,8740,2838,8740,2839,0,3.522367030644593e-4,0,0.24518524915795828,-3.522367030644593e-4,3.522367030644593e-4,Inf,0.5947947195400254,FALSE,FALSE,Not_significant
VFG017634(gb|WP_024753930),,0,1,8740,2838,8740,2839,0,3.522367030644593e-4,0,0.24518524915795828,-3.522367030644593e-4,3.522367030644593e-4,Inf,0.5947947195400254,FALSE,FALSE,Not_significant
VFG018143(gb|WP_000549278),,0,1,8740,2838,8740,2839,0,3.522367030644593e-4,0,0.24518524915795828,-3.522367030644593e-4,3.522367030644593e-4,Inf,0.5947947195400254,FALSE,FALSE,Not_significant
VFG018154(gb|WP_000549287),,0,1,8740,2838,8740,2839,0,3.522367030644593e-4,0,0.24518524915795828,-3.522367030644593e-4,3.522367030644593e-4,Inf,0.5947947195400254,FALSE,FALSE,Not_significant
VFG018161(gb|WP_000549309),,0,1,8740,2838,8740,2839,0,3.522367030644593e-4,0,0.24518524915795828,-3.522367030644593e-4,3.522367030644593e-4,Inf,0.5947947195400254,FALSE,FALSE,Not_significant
VFG018165(gb|WP_000549269),,0,1,8740,2838,8740,2839,0,3.522367030644593e-4,0,0.24518524915795828,-3.522367030644593e-4,3.522367030644593e-4,Inf,0.5947947195400254,FALSE,FALSE,Not_significant
VFG018166(gb|WP_000549278),,0,1,8740,2838,8740,2839,0,3.522367030644593e-4,0,0.24518524915795828,-3.522367030644593e-4,3.522367030644593e-4,Inf,0.5947947195400254,FALSE,FALSE,Not_significant
VFG020161(gb|WP_000942800),,0,1,8740,2838,8740,2839,0,3.522367030644593e-4,0,0.24518524915795828,-3.522367030644593e-4,3.522367030644593e-4,Inf,0.5947947195400254,FALSE,FALSE,Not_significant
VFG022563(gb|WP_041180119),,0,1,8740,2838,8740,2839,0,3.522367030644593e-4,0,0.24518524915795828,-3.522367030644593e-4,3.522367030644593e-4,Inf,0.5947947195400254,FALSE,FALSE,Not_significant
VFG025785(gb|WP_006477362),,0,1,8740,2838,8740,2839,0,3.522367030644593e-4,0,0.24518524915795828,-3.522367030644593e-4,3.522367030644593e-4,Inf,0.5947947195400254,FALSE,FALSE,Not_significant
VFG025788(gb|WP_006477362),,0,1,8740,2838,8740,2839,0,3.522367030644593e-4,0,0.24518524915795828,-3.522367030644593e-4,3.522367030644593e-4,Inf,0.5947947195400254,FALSE,FALSE,Not_significant
VFG033944(gb|WP_000973519),,0,1,8740,2838,8740,2839,0,3.522367030644593e-4,0,0.24518524915795828,-3.522367030644593e-4,3.522367030644593e-4,Inf,0.5947947195400254,FALSE,FALSE,Not_significant
VFG033945(gb|WP_000973516),,0,1,8740,2838,8740,2839,0,3.522367030644593e-4,0,0.24518524915795828,-3.522367030644593e-4,3.522367030644593e-4,Inf,0.5947947195400254,FALSE,FALSE,Not_significant
VFG033947(gb|WP_000973516),,0,1,8740,2838,8740,2839,0,3.522367030644593e-4,0,0.24518524915795828,-3.522367030644593e-4,3.522367030644593e-4,Inf,0.5947947195400254,FALSE,FALSE,Not_significant
VFG033951(gb|WP_000973511),,0,1,8740,2838,8740,2839,0,3.522367030644593e-4,0,0.24518524915795828,-3.522367030644593e-4,3.522367030644593e-4,Inf,0.5947947195400254,FALSE,FALSE,Not_significant
VFG034627,,0,1,8740,2838,8740,2839,0,3.522367030644593e-4,0,0.24518524915795828,-3.522367030644593e-4,3.522367030644593e-4,Inf,0.5947947195400254,FALSE,FALSE,Not_significant
VFG035206(gb|WP_000512742),,0,1,8740,2838,8740,2839,0,3.522367030644593e-4,0,0.24518524915795828,-3.522367030644593e-4,3.522367030644593e-4,Inf,0.5947947195400254,FALSE,FALSE,Not_significant
VFG035833(gb|WP_000103282),,0,1,8740,2838,8740,2839,0,3.522367030644593e-4,0,0.24518524915795828,-3.522367030644593e-4,3.522367030644593e-4,Inf,0.5947947195400254,FALSE,FALSE,Not_significant
VFG035838(gb|WP_000103278),,0,1,8740,2838,8740,2839,0,3.522367030644593e-4,0,0.24518524915795828,-3.522367030644593e-4,3.522367030644593e-4,Inf,0.5947947195400254,FALSE,FALSE,Not_significant
VFG035840(gb|WP_000103276),,0,1,8740,2838,8740,2839,0,3.522367030644593e-4,0,0.24518524915795828,-3.522367030644593e-4,3.522367030644593e-4,Inf,0.5947947195400254,FALSE,FALSE,Not_significant
VFG035850(gb|WP_000103397),,0,1,8740,2838,8740,2839,0,3.522367030644593e-4,0,0.24518524915795828,-3.522367030644593e-4,3.522367030644593e-4,Inf,0.5947947195400254,FALSE,FALSE,Not_significant
VFG037440(gb|WP_000910246),,0,1,8740,2838,8740,2839,0,3.522367030644593e-4,0,0.24518524915795828,-3.522367030644593e-4,3.522367030644593e-4,Inf,0.5947947195400254,FALSE,FALSE,Not_significant
VFG037442(gb|WP_000910253),,0,1,8740,2838,8740,2839,0,3.522367030644593e-4,0,0.24518524915795828,-3.522367030644593e-4,3.522367030644593e-4,Inf,0.5947947195400254,FALSE,FALSE,Not_significant
VFG037448(gb|WP_000910262),,0,1,8740,2838,8740,2839,0,3.522367030644593e-4,0,0.24518524915795828,-3.522367030644593e-4,3.522367030644593e-4,Inf,0.5947947195400254,FALSE,FALSE,Not_significant
VFG037857(gb|WP_001075969),,0,1,8740,2838,8740,2839,0,3.522367030644593e-4,0,0.24518524915795828,-3.522367030644593e-4,3.522367030644593e-4,Inf,0.5947947195400254,FALSE,FALSE,Not_significant
VFG037861(gb|WP_001075971),,0,1,8740,2838,8740,2839,0,3.522367030644593e-4,0,0.24518524915795828,-3.522367030644593e-4,3.522367030644593e-4,Inf,0.5947947195400254,FALSE,FALSE,Not_significant
VFG040946(gb|WP_000942795),,0,1,8740,2838,8740,2839,0,3.522367030644593e-4,0,0.24518524915795828,-3.522367030644593e-4,3.522367030644593e-4,Inf,0.5947947195400254,FALSE,FALSE,Not_significant
VFG040947(gb|WP_000094974),,0,1,8740,2838,8740,2839,0,3.522367030644593e-4,0,0.24518524915795828,-3.522367030644593e-4,3.522367030644593e-4,Inf,0.5947947195400254,FALSE,FALSE,Not_significant
VFG041051(gb|WP_000103125),,0,1,8740,2838,8740,2839,0,3.522367030644593e-4,0,0.24518524915795828,-3.522367030644593e-4,3.522367030644593e-4,Inf,0.5947947195400254,FALSE,FALSE,Not_significant
VFG042030(gb|WP_011003508),,0,1,8740,2838,8740,2839,0,3.522367030644593e-4,0,0.24518524915795828,-3.522367030644593e-4,3.522367030644593e-4,Inf,0.5947947195400254,FALSE,FALSE,Not_significant
VFG042399(gb|WP_001303867),,0,1,8740,2838,8740,2839,0,3.522367030644593e-4,0,0.24518524915795828,-3.522367030644593e-4,3.522367030644593e-4,Inf,0.5947947195400254,FALSE,FALSE,Not_significant
VFG042400,,0,1,8740,2838,8740,2839,0,3.522367030644593e-4,0,0.24518524915795828,-3.522367030644593e-4,3.522367030644593e-4,Inf,0.5947947195400254,FALSE,FALSE,Not_significant
VFG042725(gb|WP_001189321),,0,1,8740,2838,8740,2839,0,3.522367030644593e-4,0,0.24518524915795828,-3.522367030644593e-4,3.522367030644593e-4,Inf,0.5947947195400254,FALSE,FALSE,Not_significant
VFG042726(gb|WP_001267015),,0,1,8740,2838,8740,2839,0,3.522367030644593e-4,0,0.24518524915795828,-3.522367030644593e-4,3.522367030644593e-4,Inf,0.5947947195400254,FALSE,FALSE,Not_significant
VFG042800(gb|WP_000360900),,0,1,8740,2838,8740,2839,0,3.522367030644593e-4,0,0.24518524915795828,-3.522367030644593e-4,3.522367030644593e-4,Inf,0.5947947195400254,FALSE,FALSE,Not_significant
VFG043074(gb|WP_000884708),,0,1,8740,2838,8740,2839,0,3.522367030644593e-4,0,0.24518524915795828,-3.522367030644593e-4,3.522367030644593e-4,Inf,0.5947947195400254,FALSE,FALSE,Not_significant
VFG043075(gb|WP_001196460),,0,1,8740,2838,8740,2839,0,3.522367030644593e-4,0,0.24518524915795828,-3.522367030644593e-4,3.522367030644593e-4,Inf,0.5947947195400254,FALSE,FALSE,Not_significant
VFG043079(gb|WP_000625837),,0,1,8740,2838,8740,2839,0,3.522367030644593e-4,0,0.24518524915795828,-3.522367030644593e-4,3.522367030644593e-4,Inf,0.5947947195400254,FALSE,FALSE,Not_significant
VFG044273(gb|WP_001214661),,0,1,8740,2838,8740,2839,0,3.522367030644593e-4,0,0.24518524915795828,-3.522367030644593e-4,3.522367030644593e-4,Inf,0.5947947195400254,FALSE,FALSE,Not_significant
VFG044274(gb|WP_000951636),,0,1,8740,2838,8740,2839,0,3.522367030644593e-4,0,0.24518524915795828,-3.522367030644593e-4,3.522367030644593e-4,Inf,0.5947947195400254,FALSE,FALSE,Not_significant
VFG044304(gb|WP_000588838),,0,1,8740,2838,8740,2839,0,3.522367030644593e-4,0,0.24518524915795828,-3.522367030644593e-4,3.522367030644593e-4,Inf,0.5947947195400254,FALSE,FALSE,Not_significant
VFG044305(gb|WP_000071884),,0,1,8740,2838,8740,2839,0,3.522367030644593e-4,0,0.24518524915795828,-3.522367030644593e-4,3.522367030644593e-4,Inf,0.5947947195400254,FALSE,FALSE,Not_significant
VFG045788(gb|WP_001189322),,0,1,8740,2838,8740,2839,0,3.522367030644593e-4,0,0.24518524915795828,-3.522367030644593e-4,3.522367030644593e-4,Inf,0.5947947195400254,FALSE,FALSE,Not_significant
VFG045789(gb|WP_001264082),,0,1,8740,2838,8740,2839,0,3.522367030644593e-4,0,0.24518524915795828,-3.522367030644593e-4,3.522367030644593e-4,Inf,0.5947947195400254,FALSE,FALSE,Not_significant
VFG045806(gb|WP_000354273),,0,1,8740,2838,8740,2839,0,3.522367030644593e-4,0,0.24518524915795828,-3.522367030644593e-4,3.522367030644593e-4,Inf,0.5947947195400254,FALSE,FALSE,Not_significant
VFG045807(gb|WP_001576295),,0,1,8740,2838,8740,2839,0,3.522367030644593e-4,0,0.24518524915795828,-3.522367030644593e-4,3.522367030644593e-4,Inf,0.5947947195400254,FALSE,FALSE,Not_significant
VFG045878(gb|WP_001295349),,0,1,8740,2838,8740,2839,0,3.522367030644593e-4,0,0.24518524915795828,-3.522367030644593e-4,3.522367030644593e-4,Inf,0.5947947195400254,FALSE,FALSE,Not_significant
VFG045881(gb|WP_014640508),,0,1,8740,2838,8740,2839,0,3.522367030644593e-4,0,0.24518524915795828,-3.522367030644593e-4,3.522367030644593e-4,Inf,0.5947947195400254,FALSE,FALSE,Not_significant
VFG045887(gb|WP_000845152),,0,1,8740,2838,8740,2839,0,3.522367030644593e-4,0,0.24518524915795828,-3.522367030644593e-4,3.522367030644593e-4,Inf,0.5947947195400254,FALSE,FALSE,Not_significant
VFG045894(gb|WP_001330060),,0,1,8740,2838,8740,2839,0,3.522367030644593e-4,0,0.24518524915795828,-3.522367030644593e-4,3.522367030644593e-4,Inf,0.5947947195400254,FALSE,FALSE,Not_significant
VFG045896(gb|WP_014639881),,0,1,8740,2838,8740,2839,0,3.522367030644593e-4,0,0.24518524915795828,-3.522367030644593e-4,3.522367030644593e-4,Inf,0.5947947195400254,FALSE,FALSE,Not_significant
VFG045897(gb|WP_074151099),,0,1,8740,2838,8740,2839,0,3.522367030644593e-4,0,0.24518524915795828,-3.522367030644593e-4,3.522367030644593e-4,Inf,0.5947947195400254,FALSE,FALSE,Not_significant
VFG045899(gb|WP_000845152),,0,1,8740,2838,8740,2839,0,3.522367030644593e-4,0,0.24518524915795828,-3.522367030644593e-4,3.522367030644593e-4,Inf,0.5947947195400254,FALSE,FALSE,Not_significant
VFG045900(gb|WP_000286312),,0,1,8740,2838,8740,2839,0,3.522367030644593e-4,0,0.24518524915795828,-3.522367030644593e-4,3.522367030644593e-4,Inf,0.5947947195400254,FALSE,FALSE,Not_significant
VFG045902,,0,1,8740,2838,8740,2839,0,3.522367030644593e-4,0,0.24518524915795828,-3.522367030644593e-4,3.522367030644593e-4,Inf,0.5947947195400254,FALSE,FALSE,Not_significant
VFG045904(gb|WP_000286318),,0,1,8740,2838,8740,2839,0,3.522367030644593e-4,0,0.24518524915795828,-3.522367030644593e-4,3.522367030644593e-4,Inf,0.5947947195400254,FALSE,FALSE,Not_significant
VFG045906(gb|WP_000286318),,0,1,8740,2838,8740,2839,0,3.522367030644593e-4,0,0.24518524915795828,-3.522367030644593e-4,3.522367030644593e-4,Inf,0.5947947195400254,FALSE,FALSE,Not_significant
VFG045910(gb|WP_012602403),,0,1,8740,2838,8740,2839,0,3.522367030644593e-4,0,0.24518524915795828,-3.522367030644593e-4,3.522367030644593e-4,Inf,0.5947947195400254,FALSE,FALSE,Not_significant
VFG045911(gb|WP_000286337),,0,1,8740,2838,8740,2839,0,3.522367030644593e-4,0,0.24518524915795828,-3.522367030644593e-4,3.522367030644593e-4,Inf,0.5947947195400254,FALSE,FALSE,Not_significant
VFG045912(gb|WP_000286305),,0,1,8740,2838,8740,2839,0,3.522367030644593e-4,0,0.24518524915795828,-3.522367030644593e-4,3.522367030644593e-4,Inf,0.5947947195400254,FALSE,FALSE,Not_significant
VFG045913(gb|WP_000286336),,0,1,8740,2838,8740,2839,0,3.522367030644593e-4,0,0.24518524915795828,-3.522367030644593e-4,3.522367030644593e-4,Inf,0.5947947195400254,FALSE,FALSE,Not_significant
VFG045915(gb|WP_000286313),,0,1,8740,2838,8740,2839,0,3.522367030644593e-4,0,0.24518524915795828,-3.522367030644593e-4,3.522367030644593e-4,Inf,0.5947947195400254,FALSE,FALSE,Not_significant
VFG045936(gb|WP_000360904),,0,1,8740,2838,8740,2839,0,3.522367030644593e-4,0,0.24518524915795828,-3.522367030644593e-4,3.522367030644593e-4,Inf,0.5947947195400254,FALSE,FALSE,Not_significant
VFG045937(gb|WP_000360914),,0,1,8740,2838,8740,2839,0,3.522367030644593e-4,0,0.24518524915795828,-3.522367030644593e-4,3.522367030644593e-4,Inf,0.5947947195400254,FALSE,FALSE,Not_significant
VFG045939(gb|WP_000360919),,0,1,8740,2838,8740,2839,0,3.522367030644593e-4,0,0.24518524915795828,-3.522367030644593e-4,3.522367030644593e-4,Inf,0.5947947195400254,FALSE,FALSE,Not_significant
VFG045947(gb|WP_000360894),,0,1,8740,2838,8740,2839,0,3.522367030644593e-4,0,0.24518524915795828,-3.522367030644593e-4,3.522367030644593e-4,Inf,0.5947947195400254,FALSE,FALSE,Not_significant
VFG045948(gb|WP_000360902),,0,1,8740,2838,8740,2839,0,3.522367030644593e-4,0,0.24518524915795828,-3.522367030644593e-4,3.522367030644593e-4,Inf,0.5947947195400254,FALSE,FALSE,Not_significant
VFG045950(gb|WP_000360895),,0,1,8740,2838,8740,2839,0,3.522367030644593e-4,0,0.24518524915795828,-3.522367030644593e-4,3.522367030644593e-4,Inf,0.5947947195400254,FALSE,FALSE,Not_significant
VFG045954(gb|WP_000360907),,0,1,8740,2838,8740,2839,0,3.522367030644593e-4,0,0.24518524915795828,-3.522367030644593e-4,3.522367030644593e-4,Inf,0.5947947195400254,FALSE,FALSE,Not_significant
VFG045955(gb|WP_000360915),,0,1,8740,2838,8740,2839,0,3.522367030644593e-4,0,0.24518524915795828,-3.522367030644593e-4,3.522367030644593e-4,Inf,0.5947947195400254,FALSE,FALSE,Not_significant
VFG045956(gb|WP_000360914),,0,1,8740,2838,8740,2839,0,3.522367030644593e-4,0,0.24518524915795828,-3.522367030644593e-4,3.522367030644593e-4,Inf,0.5947947195400254,FALSE,FALSE,Not_significant
VFG045958(gb|WP_000360914),,0,1,8740,2838,8740,2839,0,3.522367030644593e-4,0,0.24518524915795828,-3.522367030644593e-4,3.522367030644593e-4,Inf,0.5947947195400254,FALSE,FALSE,Not_significant
VFG045962(gb|WP_000360904),,0,1,8740,2838,8740,2839,0,3.522367030644593e-4,0,0.24518524915795828,-3.522367030644593e-4,3.522367030644593e-4,Inf,0.5947947195400254,FALSE,FALSE,Not_significant
VFG045972(gb|WP_000360891),,0,1,8740,2838,8740,2839,0,3.522367030644593e-4,0,0.24518524915795828,-3.522367030644593e-4,3.522367030644593e-4,Inf,0.5947947195400254,FALSE,FALSE,Not_significant
VFG045974(gb|WP_001025145),,0,1,8740,2838,8740,2839,0,3.522367030644593e-4,0,0.24518524915795828,-3.522367030644593e-4,3.522367030644593e-4,Inf,0.5947947195400254,FALSE,FALSE,Not_significant
VFG045975,,0,1,8740,2838,8740,2839,0,3.522367030644593e-4,0,0.24518524915795828,-3.522367030644593e-4,3.522367030644593e-4,Inf,0.5947947195400254,FALSE,FALSE,Not_significant
VFG045977(gb|WP_001025182),,0,1,8740,2838,8740,2839,0,3.522367030644593e-4,0,0.24518524915795828,-3.522367030644593e-4,3.522367030644593e-4,Inf,0.5947947195400254,FALSE,FALSE,Not_significant
VFG045984(gb|WP_001025155),,0,1,8740,2838,8740,2839,0,3.522367030644593e-4,0,0.24518524915795828,-3.522367030644593e-4,3.522367030644593e-4,Inf,0.5947947195400254,FALSE,FALSE,Not_significant
VFG045985(gb|WP_001025155),,0,1,8740,2838,8740,2839,0,3.522367030644593e-4,0,0.24518524915795828,-3.522367030644593e-4,3.522367030644593e-4,Inf,0.5947947195400254,FALSE,FALSE,Not_significant
VFG045991(gb|WP_001025168),,0,1,8740,2838,8740,2839,0,3.522367030644593e-4,0,0.24518524915795828,-3.522367030644593e-4,3.522367030644593e-4,Inf,0.5947947195400254,FALSE,FALSE,Not_significant
VFG045992(gb|WP_001025180),,0,1,8740,2838,8740,2839,0,3.522367030644593e-4,0,0.24518524915795828,-3.522367030644593e-4,3.522367030644593e-4,Inf,0.5947947195400254,FALSE,FALSE,Not_significant
VFG045993(gb|WP_001025180),,0,1,8740,2838,8740,2839,0,3.522367030644593e-4,0,0.24518524915795828,-3.522367030644593e-4,3.522367030644593e-4,Inf,0.5947947195400254,FALSE,FALSE,Not_significant
VFG045994(gb|WP_001025178),,0,1,8740,2838,8740,2839,0,3.522367030644593e-4,0,0.24518524915795828,-3.522367030644593e-4,3.522367030644593e-4,Inf,0.5947947195400254,FALSE,FALSE,Not_significant
VFG045995(gb|WP_001025161),,0,1,8740,2838,8740,2839,0,3.522367030644593e-4,0,0.24518524915795828,-3.522367030644593e-4,3.522367030644593e-4,Inf,0.5947947195400254,FALSE,FALSE,Not_significant
VFG045998(gb|WP_001025179),,0,1,8740,2838,8740,2839,0,3.522367030644593e-4,0,0.24518524915795828,-3.522367030644593e-4,3.522367030644593e-4,Inf,0.5947947195400254,FALSE,FALSE,Not_significant
VFG045999(gb|WP_001025168),,0,1,8740,2838,8740,2839,0,3.522367030644593e-4,0,0.24518524915795828,-3.522367030644593e-4,3.522367030644593e-4,Inf,0.5947947195400254,FALSE,FALSE,Not_significant
VFG046000(gb|WP_001025158),,0,1,8740,2838,8740,2839,0,3.522367030644593e-4,0,0.24518524915795828,-3.522367030644593e-4,3.522367030644593e-4,Inf,0.5947947195400254,FALSE,FALSE,Not_significant
VFG046001(gb|WP_001025145),,0,1,8740,2838,8740,2839,0,3.522367030644593e-4,0,0.24518524915795828,-3.522367030644593e-4,3.522367030644593e-4,Inf,0.5947947195400254,FALSE,FALSE,Not_significant
VFG046004(gb|WP_001025178),,0,1,8740,2838,8740,2839,0,3.522367030644593e-4,0,0.24518524915795828,-3.522367030644593e-4,3.522367030644593e-4,Inf,0.5947947195400254,FALSE,FALSE,Not_significant
VFG046009(gb|WP_001025178),,0,1,8740,2838,8740,2839,0,3.522367030644593e-4,0,0.24518524915795828,-3.522367030644593e-4,3.522367030644593e-4,Inf,0.5947947195400254,FALSE,FALSE,Not_significant
VFG046068(gb|WP_001189321),,0,1,8740,2838,8740,2839,0,3.522367030644593e-4,0,0.24518524915795828,-3.522367030644593e-4,3.522367030644593e-4,Inf,0.5947947195400254,FALSE,FALSE,Not_significant
VFG046069(gb|WP_001264088),,0,1,8740,2838,8740,2839,0,3.522367030644593e-4,0,0.24518524915795828,-3.522367030644593e-4,3.522367030644593e-4,Inf,0.5947947195400254,FALSE,FALSE,Not_significant
VFG048371(gb|WP_014839452),,0,1,8740,2838,8740,2839,0,3.522367030644593e-4,0,0.24518524915795828,-3.522367030644593e-4,3.522367030644593e-4,Inf,0.5947947195400254,FALSE,FALSE,Not_significant
VFG048372(gb|WP_014226698),,0,1,8740,2838,8740,2839,0,3.522367030644593e-4,0,0.24518524915795828,-3.522367030644593e-4,3.522367030644593e-4,Inf,0.5947947195400254,FALSE,FALSE,Not_significant
VFG048381(gb|WP_000820820),,0,1,8740,2838,8740,2839,0,3.522367030644593e-4,0,0.24518524915795828,-3.522367030644593e-4,3.522367030644593e-4,Inf,0.5947947195400254,FALSE,FALSE,Not_significant
VFG048382(gb|WP_000820820),,0,1,8740,2838,8740,2839,0,3.522367030644593e-4,0,0.24518524915795828,-3.522367030644593e-4,3.522367030644593e-4,Inf,0.5947947195400254,FALSE,FALSE,Not_significant
VFG048414(gb|WP_012542485),,0,1,8740,2838,8740,2839,0,3.522367030644593e-4,0,0.24518524915795828,-3.522367030644593e-4,3.522367030644593e-4,Inf,0.5947947195400254,FALSE,FALSE,Not_significant
VFG048417(gb|WP_014599080),,0,1,8740,2838,8740,2839,0,3.522367030644593e-4,0,0.24518524915795828,-3.522367030644593e-4,3.522367030644593e-4,Inf,0.5947947195400254,FALSE,FALSE,Not_significant
VFG048418(gb|WP_012068427),,0,1,8740,2838,8740,2839,0,3.522367030644593e-4,0,0.24518524915795828,-3.522367030644593e-4,3.522367030644593e-4,Inf,0.5947947195400254,FALSE,FALSE,Not_significant
VFG048419(gb|WP_004210873),,0,1,8740,2838,8740,2839,0,3.522367030644593e-4,0,0.24518524915795828,-3.522367030644593e-4,3.522367030644593e-4,Inf,0.5947947195400254,FALSE,FALSE,Not_significant
VFG048420(gb|WP_012968725),,0,1,8740,2838,8740,2839,0,3.522367030644593e-4,0,0.24518524915795828,-3.522367030644593e-4,3.522367030644593e-4,Inf,0.5947947195400254,FALSE,FALSE,Not_significant
VFG048454(gb|WP_012542489),,0,1,8740,2838,8740,2839,0,3.522367030644593e-4,0,0.24518524915795828,-3.522367030644593e-4,3.522367030644593e-4,Inf,0.5947947195400254,FALSE,FALSE,Not_significant
VFG048456(gb|WP_004147525),,0,1,8740,2838,8740,2839,0,3.522367030644593e-4,0,0.24518524915795828,-3.522367030644593e-4,3.522367030644593e-4,Inf,0.5947947195400254,FALSE,FALSE,Not_significant
VFG048457(gb|WP_004223589),,0,1,8740,2838,8740,2839,0,3.522367030644593e-4,0,0.24518524915795828,-3.522367030644593e-4,3.522367030644593e-4,Inf,0.5947947195400254,FALSE,FALSE,Not_significant
VFG048458(gb|WP_004147525),,0,1,8740,2838,8740,2839,0,3.522367030644593e-4,0,0.24518524915795828,-3.522367030644593e-4,3.522367030644593e-4,Inf,0.5947947195400254,FALSE,FALSE,Not_significant
VFG048459(gb|WP_004147525),,0,1,8740,2838,8740,2839,0,3.522367030644593e-4,0,0.24518524915795828,-3.522367030644593e-4,3.522367030644593e-4,Inf,0.5947947195400254,FALSE,FALSE,Not_significant
VFG048460(gb|WP_008805583),,0,1,8740,2838,8740,2839,0,3.522367030644593e-4,0,0.24518524915795828,-3.522367030644593e-4,3.522367030644593e-4,Inf,0.5947947195400254,FALSE,FALSE,Not_significant
VFG048599(gb|WP_004213920),,0,1,8740,2838,8740,2839,0,3.522367030644593e-4,0,0.24518524915795828,-3.522367030644593e-4,3.522367030644593e-4,Inf,0.5947947195400254,FALSE,FALSE,Not_significant
VFG048600(gb|WP_004213920),,0,1,8740,2838,8740,2839,0,3.522367030644593e-4,0,0.24518524915795828,-3.522367030644593e-4,3.522367030644593e-4,Inf,0.5947947195400254,FALSE,FALSE,Not_significant
VFG048601(gb|WP_032451968),,0,1,8740,2838,8740,2839,0,3.522367030644593e-4,0,0.24518524915795828,-3.522367030644593e-4,3.522367030644593e-4,Inf,0.5947947195400254,FALSE,FALSE,Not_significant
VFG048603(gb|WP_004213921),,0,1,8740,2838,8740,2839,0,3.522367030644593e-4,0,0.24518524915795828,-3.522367030644593e-4,3.522367030644593e-4,Inf,0.5947947195400254,FALSE,FALSE,Not_significant
VFG048604(gb|WP_004145302),,0,1,8740,2838,8740,2839,0,3.522367030644593e-4,0,0.24518524915795828,-3.522367030644593e-4,3.522367030644593e-4,Inf,0.5947947195400254,FALSE,FALSE,Not_significant
VFG048605(gb|WP_004213922),,0,1,8740,2838,8740,2839,0,3.522367030644593e-4,0,0.24518524915795828,-3.522367030644593e-4,3.522367030644593e-4,Inf,0.5947947195400254,FALSE,FALSE,Not_significant
VFG048606(gb|WP_004213922),,0,1,8740,2838,8740,2839,0,3.522367030644593e-4,0,0.24518524915795828,-3.522367030644593e-4,3.522367030644593e-4,Inf,0.5947947195400254,FALSE,FALSE,Not_significant
VFG048607(gb|WP_004145303),,0,1,8740,2838,8740,2839,0,3.522367030644593e-4,0,0.24518524915795828,-3.522367030644593e-4,3.522367030644593e-4,Inf,0.5947947195400254,FALSE,FALSE,Not_significant
VFG048608(gb|WP_014599302),,0,1,8740,2838,8740,2839,0,3.522367030644593e-4,0,0.24518524915795828,-3.522367030644593e-4,3.522367030644593e-4,Inf,0.5947947195400254,FALSE,FALSE,Not_significant
VFG048609(gb|WP_004213923),,0,1,8740,2838,8740,2839,0,3.522367030644593e-4,0,0.24518524915795828,-3.522367030644593e-4,3.522367030644593e-4,Inf,0.5947947195400254,FALSE,FALSE,Not_significant
VFG048610(gb|WP_004145304),,0,1,8740,2838,8740,2839,0,3.522367030644593e-4,0,0.24518524915795828,-3.522367030644593e-4,3.522367030644593e-4,Inf,0.5947947195400254,FALSE,FALSE,Not_significant
VFG048614(gb|WP_022065355),,0,1,8740,2838,8740,2839,0,3.522367030644593e-4,0,0.24518524915795828,-3.522367030644593e-4,3.522367030644593e-4,Inf,0.5947947195400254,FALSE,FALSE,Not_significant
VFG048618(gb|WP_004213924),,0,1,8740,2838,8740,2839,0,3.522367030644593e-4,0,0.24518524915795828,-3.522367030644593e-4,3.522367030644593e-4,Inf,0.5947947195400254,FALSE,FALSE,Not_significant
VFG048621(gb|WP_004213924),,0,1,8740,2838,8740,2839,0,3.522367030644593e-4,0,0.24518524915795828,-3.522367030644593e-4,3.522367030644593e-4,Inf,0.5947947195400254,FALSE,FALSE,Not_significant
VFG048623(gb|WP_012968568),,0,1,8740,2838,8740,2839,0,3.522367030644593e-4,0,0.24518524915795828,-3.522367030644593e-4,3.522367030644593e-4,Inf,0.5947947195400254,FALSE,FALSE,Not_significant
VFG048998(gb|WP_011154608),,0,1,8740,2838,8740,2839,0,3.522367030644593e-4,0,0.24518524915795828,-3.522367030644593e-4,3.522367030644593e-4,Inf,0.5947947195400254,FALSE,FALSE,Not_significant
VFG049850(gb|WP_000645747),,0,1,8740,2838,8740,2839,0,3.522367030644593e-4,0,0.24518524915795828,-3.522367030644593e-4,3.522367030644593e-4,Inf,0.5947947195400254,FALSE,FALSE,Not_significant
VFG049851(gb|WP_000645780),,0,1,8740,2838,8740,2839,0,3.522367030644593e-4,0,0.24518524915795828,-3.522367030644593e-4,3.522367030644593e-4,Inf,0.5947947195400254,FALSE,FALSE,Not_significant
VFG049852(gb|WP_000645787),,0,1,8740,2838,8740,2839,0,3.522367030644593e-4,0,0.24518524915795828,-3.522367030644593e-4,3.522367030644593e-4,Inf,0.5947947195400254,FALSE,FALSE,Not_significant
VFG049854(gb|WP_000645753),,0,1,8740,2838,8740,2839,0,3.522367030644593e-4,0,0.24518524915795828,-3.522367030644593e-4,3.522367030644593e-4,Inf,0.5947947195400254,FALSE,FALSE,Not_significant
VFG049857(gb|WP_000645791),,0,1,8740,2838,8740,2839,0,3.522367030644593e-4,0,0.24518524915795828,-3.522367030644593e-4,3.522367030644593e-4,Inf,0.5947947195400254,FALSE,FALSE,Not_significant
VFG049916(gb|WP_000103365),,0,1,8740,2838,8740,2839,0,3.522367030644593e-4,0,0.24518524915795828,-3.522367030644593e-4,3.522367030644593e-4,Inf,0.5947947195400254,FALSE,FALSE,Not_significant
VFG016045(gb|WP_011062374),,7915,2551,825,288,8740,2839,0.9056064073226545,0.8985558295174357,1.0831138276382029,0.2716732099667296,0.007050577805218783,0.007050577805218783,1.007846566205024,0.6562192435586047,FALSE,FALSE,Not_significant
VFG001263(gb|NP_250143),,8735,2839,5,0,8740,2839,0.9994279176201373,1,0,0.3434091207865424,-5.720823798627261e-4,5.720823798627261e-4,1.0005724098454494,0.8224258205200433,FALSE,FALSE,Not_significant
VFG044362(gb|WP_033111968),,5,0,8735,2839,8740,2839,5.720823798627002e-4,0,Inf,0.3434091207865424,5.720823798627002e-4,5.720823798627002e-4,Inf,0.8224258205200433,FALSE,FALSE,Not_significant
VFG009865(gb|WP_041307013),,6,0,8734,2839,8740,2839,6.864988558352403e-4,0,Inf,0.34670563590310066,6.864988558352403e-4,6.864988558352403e-4,Inf,0.8291428399044365,FALSE,FALSE,Not_significant
VFG024439(gb|WP_170320649),,22,4,8718,2835,8740,2839,0.002517162471395881,0.0014089468122578373,1.7883868948441317,0.3642272232503028,0.0011082156591380437,0.0011082156591380437,1.7865560640732265,0.8685814687411747,FALSE,FALSE,Not_significant
VFG024441(gb|WP_170320649),,22,4,8718,2835,8740,2839,0.002517162471395881,0.0014089468122578373,1.7883868948441317,0.3642272232503028,0.0011082156591380437,0.0011082156591380437,1.7865560640732265,0.8685814687411747,FALSE,FALSE,Not_significant
VFG012865,,4,3,8736,2836,8740,2839,4.576659038901602e-4,0.0010567101091933778,0.4328783308945084,0.3731293354991658,-5.990442053032176e-4,5.990442053032176e-4,2.3089115885875304,0.8873005072659994,FALSE,FALSE,Not_significant
VFG004502(gb|WP_001109328),,5,3,8735,2836,8740,2839,5.720823798627002e-4,0.0010567101091933778,0.541167844402059,0.4147586770655739,-4.846277293306776e-4,4.846277293306776e-4,1.8471292708700244,0.9583043072136199,FALSE,FALSE,Not_significant
VFG004505,,5,3,8735,2836,8740,2839,5.720823798627002e-4,0.0010567101091933778,0.541167844402059,0.4147586770655739,-4.846277293306776e-4,4.846277293306776e-4,1.8471292708700244,0.9583043072136199,FALSE,FALSE,Not_significant
VFG004510,,5,3,8735,2836,8740,2839,5.720823798627002e-4,0.0010567101091933778,0.541167844402059,0.4147586770655739,-4.846277293306776e-4,4.846277293306776e-4,1.8471292708700244,0.9583043072136199,FALSE,FALSE,Not_significant
VFG004511(gb|WP_001109341),,5,3,8735,2836,8740,2839,5.720823798627002e-4,0.0010567101091933778,0.541167844402059,0.4147586770655739,-4.846277293306776e-4,4.846277293306776e-4,1.8471292708700244,0.9583043072136199,FALSE,FALSE,Not_significant
VFG004512(gb|WP_001109333),,5,3,8735,2836,8740,2839,5.720823798627002e-4,0.0010567101091933778,0.541167844402059,0.4147586770655739,-4.846277293306776e-4,4.846277293306776e-4,1.8471292708700244,0.9583043072136199,FALSE,FALSE,Not_significant
VFG017120(gb|WP_001109369),,5,3,8735,2836,8740,2839,5.720823798627002e-4,0.0010567101091933778,0.541167844402059,0.4147586770655739,-4.846277293306776e-4,4.846277293306776e-4,1.8471292708700244,0.9583043072136199,FALSE,FALSE,Not_significant
VFG017242,,5,3,8735,2836,8740,2839,5.720823798627002e-4,0.0010567101091933778,0.541167844402059,0.4147586770655739,-4.846277293306776e-4,4.846277293306776e-4,1.8471292708700244,0.9583043072136199,FALSE,FALSE,Not_significant
VFG000876(gb|WP_000120946),,1,1,8739,2838,8740,2839,1.1441647597254005e-4,3.522367030644593e-4,0.3248062184633807,0.430270676489152,-2.3782022709191927e-4,2.3782022709191927e-4,3.0785487847833743,0.9583043072136199,FALSE,FALSE,Not_significant
VFG002044(gb|WP_010930609),,1,1,8739,2838,8740,2839,1.1441647597254005e-4,3.522367030644593e-4,0.3248062184633807,0.430270676489152,-2.3782022709191927e-4,2.3782022709191927e-4,3.0785487847833743,0.9583043072136199,FALSE,FALSE,Not_significant
VFG011118(gb|WP_010930609),,1,1,8739,2838,8740,2839,1.1441647597254005e-4,3.522367030644593e-4,0.3248062184633807,0.430270676489152,-2.3782022709191927e-4,2.3782022709191927e-4,3.0785487847833743,0.9583043072136199,FALSE,FALSE,Not_significant
VFG011119(gb|WP_010930609),,1,1,8739,2838,8740,2839,1.1441647597254005e-4,3.522367030644593e-4,0.3248062184633807,0.430270676489152,-2.3782022709191927e-4,2.3782022709191927e-4,3.0785487847833743,0.9583043072136199,FALSE,FALSE,Not_significant
VFG012299(gb|WP_000120982),,1,1,8739,2838,8740,2839,1.1441647597254005e-4,3.522367030644593e-4,0.3248062184633807,0.430270676489152,-2.3782022709191927e-4,2.3782022709191927e-4,3.0785487847833743,0.9583043072136199,FALSE,FALSE,Not_significant
VFG012302(gb|WP_000120951),,1,1,8739,2838,8740,2839,1.1441647597254005e-4,3.522367030644593e-4,0.3248062184633807,0.430270676489152,-2.3782022709191927e-4,2.3782022709191927e-4,3.0785487847833743,0.9583043072136199,FALSE,FALSE,Not_significant
VFG012303(gb|WP_000120954),,1,1,8739,2838,8740,2839,1.1441647597254005e-4,3.522367030644593e-4,0.3248062184633807,0.430270676489152,-2.3782022709191927e-4,2.3782022709191927e-4,3.0785487847833743,0.9583043072136199,FALSE,FALSE,Not_significant
VFG015822(gb|WP_190273339),,1,1,8739,2838,8740,2839,1.1441647597254005e-4,3.522367030644593e-4,0.3248062184633807,0.430270676489152,-2.3782022709191927e-4,2.3782022709191927e-4,3.0785487847833743,0.9583043072136199,FALSE,FALSE,Not_significant
VFG033271(gb|WP_000120907),,1,1,8739,2838,8740,2839,1.1441647597254005e-4,3.522367030644593e-4,0.3248062184633807,0.430270676489152,-2.3782022709191927e-4,2.3782022709191927e-4,3.0785487847833743,0.9583043072136199,FALSE,FALSE,Not_significant
VFG033272(gb|WP_000120976),,1,1,8739,2838,8740,2839,1.1441647597254005e-4,3.522367030644593e-4,0.3248062184633807,0.430270676489152,-2.3782022709191927e-4,2.3782022709191927e-4,3.0785487847833743,0.9583043072136199,FALSE,FALSE,Not_significant
VFG033273(gb|WP_000120973),,1,1,8739,2838,8740,2839,1.1441647597254005e-4,3.522367030644593e-4,0.3248062184633807,0.430270676489152,-2.3782022709191927e-4,2.3782022709191927e-4,3.0785487847833743,0.9583043072136199,FALSE,FALSE,Not_significant
VFG033277(gb|WP_000120957),,1,1,8739,2838,8740,2839,1.1441647597254005e-4,3.522367030644593e-4,0.3248062184633807,0.430270676489152,-2.3782022709191927e-4,2.3782022709191927e-4,3.0785487847833743,0.9583043072136199,FALSE,FALSE,Not_significant
VFG033278,,1,1,8739,2838,8740,2839,1.1441647597254005e-4,3.522367030644593e-4,0.3248062184633807,0.430270676489152,-2.3782022709191927e-4,2.3782022709191927e-4,3.0785487847833743,0.9583043072136199,FALSE,FALSE,Not_significant
VFG033279(gb|WP_000120930),,1,1,8739,2838,8740,2839,1.1441647597254005e-4,3.522367030644593e-4,0.3248062184633807,0.430270676489152,-2.3782022709191927e-4,2.3782022709191927e-4,3.0785487847833743,0.9583043072136199,FALSE,FALSE,Not_significant
VFG033285(gb|WP_000120940),,1,1,8739,2838,8740,2839,1.1441647597254005e-4,3.522367030644593e-4,0.3248062184633807,0.430270676489152,-2.3782022709191927e-4,2.3782022709191927e-4,3.0785487847833743,0.9583043072136199,FALSE,FALSE,Not_significant
VFG033286,,1,1,8739,2838,8740,2839,1.1441647597254005e-4,3.522367030644593e-4,0.3248062184633807,0.430270676489152,-2.3782022709191927e-4,2.3782022709191927e-4,3.0785487847833743,0.9583043072136199,FALSE,FALSE,Not_significant
VFG033288(gb|WP_000120918),,1,1,8739,2838,8740,2839,1.1441647597254005e-4,3.522367030644593e-4,0.3248062184633807,0.430270676489152,-2.3782022709191927e-4,2.3782022709191927e-4,3.0785487847833743,0.9583043072136199,FALSE,FALSE,Not_significant
VFG033289(gb|WP_000121002),,1,1,8739,2838,8740,2839,1.1441647597254005e-4,3.522367030644593e-4,0.3248062184633807,0.430270676489152,-2.3782022709191927e-4,2.3782022709191927e-4,3.0785487847833743,0.9583043072136199,FALSE,FALSE,Not_significant
VFG033290(gb|WP_000120922),,1,1,8739,2838,8740,2839,1.1441647597254005e-4,3.522367030644593e-4,0.3248062184633807,0.430270676489152,-2.3782022709191927e-4,2.3782022709191927e-4,3.0785487847833743,0.9583043072136199,FALSE,FALSE,Not_significant
VFG033291(gb|WP_000120948),,1,1,8739,2838,8740,2839,1.1441647597254005e-4,3.522367030644593e-4,0.3248062184633807,0.430270676489152,-2.3782022709191927e-4,2.3782022709191927e-4,3.0785487847833743,0.9583043072136199,FALSE,FALSE,Not_significant
VFG033294(gb|WP_000120942),,1,1,8739,2838,8740,2839,1.1441647597254005e-4,3.522367030644593e-4,0.3248062184633807,0.430270676489152,-2.3782022709191927e-4,2.3782022709191927e-4,3.0785487847833743,0.9583043072136199,FALSE,FALSE,Not_significant
VFG033296(gb|WP_000120952),,1,1,8739,2838,8740,2839,1.1441647597254005e-4,3.522367030644593e-4,0.3248062184633807,0.430270676489152,-2.3782022709191927e-4,2.3782022709191927e-4,3.0785487847833743,0.9583043072136199,FALSE,FALSE,Not_significant
VFG037852(gb|WP_001075965),,1,1,8739,2838,8740,2839,1.1441647597254005e-4,3.522367030644593e-4,0.3248062184633807,0.430270676489152,-2.3782022709191927e-4,2.3782022709191927e-4,3.0785487847833743,0.9583043072136199,FALSE,FALSE,Not_significant
VFG037855(gb|WP_001075978),,1,1,8739,2838,8740,2839,1.1441647597254005e-4,3.522367030644593e-4,0.3248062184633807,0.430270676489152,-2.3782022709191927e-4,2.3782022709191927e-4,3.0785487847833743,0.9583043072136199,FALSE,FALSE,Not_significant
VFG037858(gb|WP_001075975),,1,1,8739,2838,8740,2839,1.1441647597254005e-4,3.522367030644593e-4,0.3248062184633807,0.430270676489152,-2.3782022709191927e-4,2.3782022709191927e-4,3.0785487847833743,0.9583043072136199,FALSE,FALSE,Not_significant
VFG046058(gb|WP_000121003),,1,1,8739,2838,8740,2839,1.1441647597254005e-4,3.522367030644593e-4,0.3248062184633807,0.430270676489152,-2.3782022709191927e-4,2.3782022709191927e-4,3.0785487847833743,0.9583043072136199,FALSE,FALSE,Not_significant
VFG048617(gb|WP_004150817),,1,1,8739,2838,8740,2839,1.1441647597254005e-4,3.522367030644593e-4,0.3248062184633807,0.430270676489152,-2.3782022709191927e-4,2.3782022709191927e-4,3.0785487847833743,0.9583043072136199,FALSE,FALSE,Not_significant
VFG048619(gb|WP_041937604),,1,1,8739,2838,8740,2839,1.1441647597254005e-4,3.522367030644593e-4,0.3248062184633807,0.430270676489152,-2.3782022709191927e-4,2.3782022709191927e-4,3.0785487847833743,0.9583043072136199,FALSE,FALSE,Not_significant
VFG048620(gb|WP_014907843),,1,1,8739,2838,8740,2839,1.1441647597254005e-4,3.522367030644593e-4,0.3248062184633807,0.430270676489152,-2.3782022709191927e-4,2.3782022709191927e-4,3.0785487847833743,0.9583043072136199,FALSE,FALSE,Not_significant
VFG025902(gb|WP_011546713),,7937,2581,803,258,8740,2839,0.9081235697940503,0.9091229306093696,0.9880331002323293,0.9105746534624555,-9.993608153192612e-4,9.993608153192612e-4,1.001100467875254,1,FALSE,FALSE,Not_significant
VFG025905(gb|WP_012327701),,7939,2581,801,258,8740,2839,0.9083524027459954,0.9091229306093696,0.9907508288990349,0.9402628020238255,-7.705278633741708e-4,7.705278633741708e-4,1.0008482697475614,1,FALSE,FALSE,Not_significant
VFG016598(gb|WP_011113852),,8,1,8732,2838,8740,2839,9.153318077803204e-4,3.522367030644593e-4,2.600042701341376,0.6977769008226951,5.630951047158611e-4,5.630951047158611e-4,2.5986270022883295,1,FALSE,FALSE,Not_significant
VFG000144(gb|NP_249940),,8729,2837,11,2,8740,2839,0.9987414187643021,0.9992955265938711,0.5594734988970116,0.7467884552029265,-5.54107829568995e-4,5.54107829568995e-4,1.0005548060981135,1,FALSE,FALSE,Not_significant
VFG009489(gb|WP_011724535),,4,0,8736,2839,8740,2839,4.576659038901602e-4,0,Inf,0.5781564184058408,4.576659038901602e-4,4.576659038901602e-4,Inf,1,FALSE,FALSE,Not_significant
VFG016103(gb|WP_011333998),,4,0,8736,2839,8740,2839,4.576659038901602e-4,0,Inf,0.5781564184058408,4.576659038901602e-4,4.576659038901602e-4,Inf,1,FALSE,FALSE,Not_significant
VFG024002(gb|WP_008255566),,4,0,8736,2839,8740,2839,4.576659038901602e-4,0,Inf,0.5781564184058408,4.576659038901602e-4,4.576659038901602e-4,Inf,1,FALSE,FALSE,Not_significant
VFG024003(gb|WP_008255566),,4,0,8736,2839,8740,2839,4.576659038901602e-4,0,Inf,0.5781564184058408,4.576659038901602e-4,4.576659038901602e-4,Inf,1,FALSE,FALSE,Not_significant
VFG024004(gb|WP_014382296),,4,0,8736,2839,8740,2839,4.576659038901602e-4,0,Inf,0.5781564184058408,4.576659038901602e-4,4.576659038901602e-4,Inf,1,FALSE,FALSE,Not_significant
VFG001262(gb|NP_250140),,8733,2838,7,1,8740,2839,0.9991990846681922,0.9996477632969355,0.4396479763550215,0.6885840220331251,-4.486786287433153e-4,4.486786287433153e-4,1.0004490382703786,1,FALSE,FALSE,Not_significant
VFG029687,,1400,456,7340,2383,8740,2839,0.16018306636155608,0.16061993659739346,0.9967615824979379,0.9530592292467026,-4.3687023583738327e-4,4.3687023583738327e-4,1.0027273184722991,1,FALSE,FALSE,Not_significant
VFG001308(gb|WP_001291010),,3,0,8737,2839,8740,2839,3.4324942791762013e-4,0,Inf,1,3.4324942791762013e-4,3.4324942791762013e-4,Inf,1,FALSE,FALSE,Not_significant
VFG005085(gb|WP_001291022),,3,0,8737,2839,8740,2839,3.4324942791762013e-4,0,Inf,1,3.4324942791762013e-4,3.4324942791762013e-4,Inf,1,FALSE,FALSE,Not_significant
VFG005090(gb|WP_001291020),,3,0,8737,2839,8740,2839,3.4324942791762013e-4,0,Inf,1,3.4324942791762013e-4,3.4324942791762013e-4,Inf,1,FALSE,FALSE,Not_significant
VFG005091(gb|WP_001291014),,3,0,8737,2839,8740,2839,3.4324942791762013e-4,0,Inf,1,3.4324942791762013e-4,3.4324942791762013e-4,Inf,1,FALSE,FALSE,Not_significant
VFG005095(gb|WP_001291016),,3,0,8737,2839,8740,2839,3.4324942791762013e-4,0,Inf,1,3.4324942791762013e-4,3.4324942791762013e-4,Inf,1,FALSE,FALSE,Not_significant
VFG015819(gb|WP_012315373),,3,0,8737,2839,8740,2839,3.4324942791762013e-4,0,Inf,1,3.4324942791762013e-4,3.4324942791762013e-4,Inf,1,FALSE,FALSE,Not_significant
VFG026573(gb|WP_020822197),,3,0,8737,2839,8740,2839,3.4324942791762013e-4,0,Inf,1,3.4324942791762013e-4,3.4324942791762013e-4,Inf,1,FALSE,FALSE,Not_significant
VFG036181(gb|WP_015815989),,3,0,8737,2839,8740,2839,3.4324942791762013e-4,0,Inf,1,3.4324942791762013e-4,3.4324942791762013e-4,Inf,1,FALSE,FALSE,Not_significant
VFG037636(gb|WP_001187640),,3,0,8737,2839,8740,2839,3.4324942791762013e-4,0,Inf,1,3.4324942791762013e-4,3.4324942791762013e-4,Inf,1,FALSE,FALSE,Not_significant
VFG037642(gb|WP_020753413),,3,0,8737,2839,8740,2839,3.4324942791762013e-4,0,Inf,1,3.4324942791762013e-4,3.4324942791762013e-4,Inf,1,FALSE,FALSE,Not_significant
VFG037643(gb|WP_158318336),,3,0,8737,2839,8740,2839,3.4324942791762013e-4,0,Inf,1,3.4324942791762013e-4,3.4324942791762013e-4,Inf,1,FALSE,FALSE,Not_significant
VFG044310(gb|WP_006486076),,3,0,8737,2839,8740,2839,3.4324942791762013e-4,0,Inf,1,3.4324942791762013e-4,3.4324942791762013e-4,Inf,1,FALSE,FALSE,Not_significant
VFG050564(gb|WP_000768968.1),,3,0,8737,2839,8740,2839,3.4324942791762013e-4,0,Inf,1,3.4324942791762013e-4,3.4324942791762013e-4,Inf,1,FALSE,FALSE,Not_significant
VFG050567(gb|WP_000768964.1),,3,0,8737,2839,8740,2839,3.4324942791762013e-4,0,Inf,1,3.4324942791762013e-4,3.4324942791762013e-4,Inf,1,FALSE,FALSE,Not_significant
VFG050570(gb|WP_000768970.1),,3,0,8737,2839,8740,2839,3.4324942791762013e-4,0,Inf,1,3.4324942791762013e-4,3.4324942791762013e-4,Inf,1,FALSE,FALSE,Not_significant
VFG050571(gb|WP_020753491.1),,3,0,8737,2839,8740,2839,3.4324942791762013e-4,0,Inf,1,3.4324942791762013e-4,3.4324942791762013e-4,Inf,1,FALSE,FALSE,Not_significant
VFG050572(gb|WP_020752638.1),,3,0,8737,2839,8740,2839,3.4324942791762013e-4,0,Inf,1,3.4324942791762013e-4,3.4324942791762013e-4,Inf,1,FALSE,FALSE,Not_significant
VFG015782(gb|WP_012270935),,22,8,8718,2831,8740,2839,0.002517162471395881,0.0028178936245156746,0.8930039467305797,0.8317108017604791,-3.007311531197936e-4,3.007311531197936e-4,1.1194722853757726,1,FALSE,FALSE,Not_significant
VFG044250(gb|WP_005311724),,4,2,8736,2837,8740,2839,4.576659038901602e-4,7.044734061289186e-4,0.6495234103418204,0.639493426520718,-2.4680750223875843e-4,2.4680750223875843e-4,1.5392743923916872,1,FALSE,FALSE,Not_significant
VFG000358(gb|WP_002212885),,2,0,8738,2839,8740,2839,2.288329519450801e-4,0,Inf,1,2.288329519450801e-4,2.288329519450801e-4,Inf,1,FALSE,FALSE,Not_significant
VFG000931(gb|WP_001336900),,2,0,8738,2839,8740,2839,2.288329519450801e-4,0,Inf,1,2.288329519450801e-4,2.288329519450801e-4,Inf,1,FALSE,FALSE,Not_significant
VFG001282(gb|WP_000841389),,2,0,8738,2839,8740,2839,2.288329519450801e-4,0,Inf,1,2.288329519450801e-4,2.288329519450801e-4,Inf,1,FALSE,FALSE,Not_significant
VFG001283(gb|WP_000794648),,2,0,8738,2839,8740,2839,2.288329519450801e-4,0,Inf,1,2.288329519450801e-4,2.288329519450801e-4,Inf,1,FALSE,FALSE,Not_significant
VFG001291(gb|WP_001039417),,2,0,8738,2839,8740,2839,2.288329519450801e-4,0,Inf,1,2.288329519450801e-4,2.288329519450801e-4,Inf,1,FALSE,FALSE,Not_significant
VFG003114(gb|WP_000784549),,2,0,8738,2839,8740,2839,2.288329519450801e-4,0,Inf,1,2.288329519450801e-4,2.288329519450801e-4,Inf,1,FALSE,FALSE,Not_significant
VFG003499(gb|WP_011816644),,2,0,8738,2839,8740,2839,2.288329519450801e-4,0,Inf,1,2.288329519450801e-4,2.288329519450801e-4,Inf,1,FALSE,FALSE,Not_significant
VFG004610(gb|WP_001039419),,2,0,8738,2839,8740,2839,2.288329519450801e-4,0,Inf,1,2.288329519450801e-4,2.288329519450801e-4,Inf,1,FALSE,FALSE,Not_significant
VFG004611(gb|WP_001039406),,2,0,8738,2839,8740,2839,2.288329519450801e-4,0,Inf,1,2.288329519450801e-4,2.288329519450801e-4,Inf,1,FALSE,FALSE,Not_significant
VFG004613(gb|WP_000841422),,2,0,8738,2839,8740,2839,2.288329519450801e-4,0,Inf,1,2.288329519450801e-4,2.288329519450801e-4,Inf,1,FALSE,FALSE,Not_significant
VFG004616(gb|WP_000841390),,2,0,8738,2839,8740,2839,2.288329519450801e-4,0,Inf,1,2.288329519450801e-4,2.288329519450801e-4,Inf,1,FALSE,FALSE,Not_significant
VFG004732(gb|WP_001548082),,2,0,8738,2839,8740,2839,2.288329519450801e-4,0,Inf,1,2.288329519450801e-4,2.288329519450801e-4,Inf,1,FALSE,FALSE,Not_significant
VFG004733(gb|WP_011382230),,2,0,8738,2839,8740,2839,2.288329519450801e-4,0,Inf,1,2.288329519450801e-4,2.288329519450801e-4,Inf,1,FALSE,FALSE,Not_significant
VFG004736(gb|WP_001793574),,2,0,8738,2839,8740,2839,2.288329519450801e-4,0,Inf,1,2.288329519450801e-4,2.288329519450801e-4,Inf,1,FALSE,FALSE,Not_significant
VFG004737(gb|WP_001643461),,2,0,8738,2839,8740,2839,2.288329519450801e-4,0,Inf,1,2.288329519450801e-4,2.288329519450801e-4,Inf,1,FALSE,FALSE,Not_significant
VFG004738(gb|WP_000141557),,2,0,8738,2839,8740,2839,2.288329519450801e-4,0,Inf,1,2.288329519450801e-4,2.288329519450801e-4,Inf,1,FALSE,FALSE,Not_significant
VFG005074(gb|WP_001085819),,2,0,8738,2839,8740,2839,2.288329519450801e-4,0,Inf,1,2.288329519450801e-4,2.288329519450801e-4,Inf,1,FALSE,FALSE,Not_significant
VFG005079(gb|WP_000239647),,2,0,8738,2839,8740,2839,2.288329519450801e-4,0,Inf,1,2.288329519450801e-4,2.288329519450801e-4,Inf,1,FALSE,FALSE,Not_significant
VFG007775(gb|WP_011894256),,2,0,8738,2839,8740,2839,2.288329519450801e-4,0,Inf,1,2.288329519450801e-4,2.288329519450801e-4,Inf,1,FALSE,FALSE,Not_significant
VFG012567(gb|WP_000784549),,2,0,8738,2839,8740,2839,2.288329519450801e-4,0,Inf,1,2.288329519450801e-4,2.288329519450801e-4,Inf,1,FALSE,FALSE,Not_significant
VFG012569(gb|WP_000784554),,2,0,8738,2839,8740,2839,2.288329519450801e-4,0,Inf,1,2.288329519450801e-4,2.288329519450801e-4,Inf,1,FALSE,FALSE,Not_significant
VFG012570(gb|WP_000784540),,2,0,8738,2839,8740,2839,2.288329519450801e-4,0,Inf,1,2.288329519450801e-4,2.288329519450801e-4,Inf,1,FALSE,FALSE,Not_significant
VFG012991(gb|WP_000381303),,2,0,8738,2839,8740,2839,2.288329519450801e-4,0,Inf,1,2.288329519450801e-4,2.288329519450801e-4,Inf,1,FALSE,FALSE,Not_significant
VFG012992,,2,0,8738,2839,8740,2839,2.288329519450801e-4,0,Inf,1,2.288329519450801e-4,2.288329519450801e-4,Inf,1,FALSE,FALSE,Not_significant
VFG012993,,2,0,8738,2839,8740,2839,2.288329519450801e-4,0,Inf,1,2.288329519450801e-4,2.288329519450801e-4,Inf,1,FALSE,FALSE,Not_significant
VFG012994,,2,0,8738,2839,8740,2839,2.288329519450801e-4,0,Inf,1,2.288329519450801e-4,2.288329519450801e-4,Inf,1,FALSE,FALSE,Not_significant
VFG012995(gb|WP_004980869),,2,0,8738,2839,8740,2839,2.288329519450801e-4,0,Inf,1,2.288329519450801e-4,2.288329519450801e-4,Inf,1,FALSE,FALSE,Not_significant
VFG012996(gb|WP_005141144),,2,0,8738,2839,8740,2839,2.288329519450801e-4,0,Inf,1,2.288329519450801e-4,2.288329519450801e-4,Inf,1,FALSE,FALSE,Not_significant
VFG014069(gb|WP_011063997),,2,0,8738,2839,8740,2839,2.288329519450801e-4,0,Inf,1,2.288329519450801e-4,2.288329519450801e-4,Inf,1,FALSE,FALSE,Not_significant
VFG016072(gb|WP_044390135),,2,0,8738,2839,8740,2839,2.288329519450801e-4,0,Inf,1,2.288329519450801e-4,2.288329519450801e-4,Inf,1,FALSE,FALSE,Not_significant
VFG016073(gb|WP_011267336),,2,0,8738,2839,8740,2839,2.288329519450801e-4,0,Inf,1,2.288329519450801e-4,2.288329519450801e-4,Inf,1,FALSE,FALSE,Not_significant
VFG017218,,2,0,8738,2839,8740,2839,2.288329519450801e-4,0,Inf,1,2.288329519450801e-4,2.288329519450801e-4,Inf,1,FALSE,FALSE,Not_significant
VFG020079(gb|WP_015885149),,2,0,8738,2839,8740,2839,2.288329519450801e-4,0,Inf,1,2.288329519450801e-4,2.288329519450801e-4,Inf,1,FALSE,FALSE,Not_significant
VFG020172(gb|WP_012421470),,2,0,8738,2839,8740,2839,2.288329519450801e-4,0,Inf,1,2.288329519450801e-4,2.288329519450801e-4,Inf,1,FALSE,FALSE,Not_significant
VFG023837(gb|WP_011894256),,2,0,8738,2839,8740,2839,2.288329519450801e-4,0,Inf,1,2.288329519450801e-4,2.288329519450801e-4,Inf,1,FALSE,FALSE,Not_significant
VFG024006(gb|WP_014379795),,2,0,8738,2839,8740,2839,2.288329519450801e-4,0,Inf,1,2.288329519450801e-4,2.288329519450801e-4,Inf,1,FALSE,FALSE,Not_significant
VFG034177(gb|WP_000784557),,2,0,8738,2839,8740,2839,2.288329519450801e-4,0,Inf,1,2.288329519450801e-4,2.288329519450801e-4,Inf,1,FALSE,FALSE,Not_significant
VFG034181(gb|WP_000784546),,2,0,8738,2839,8740,2839,2.288329519450801e-4,0,Inf,1,2.288329519450801e-4,2.288329519450801e-4,Inf,1,FALSE,FALSE,Not_significant
VFG034182(gb|WP_000784550),,2,0,8738,2839,8740,2839,2.288329519450801e-4,0,Inf,1,2.288329519450801e-4,2.288329519450801e-4,Inf,1,FALSE,FALSE,Not_significant
VFG034183(gb|WP_001304267),,2,0,8738,2839,8740,2839,2.288329519450801e-4,0,Inf,1,2.288329519450801e-4,2.288329519450801e-4,Inf,1,FALSE,FALSE,Not_significant
VFG034185(gb|WP_000784549),,2,0,8738,2839,8740,2839,2.288329519450801e-4,0,Inf,1,2.288329519450801e-4,2.288329519450801e-4,Inf,1,FALSE,FALSE,Not_significant
VFG034186(gb|WP_000784549),,2,0,8738,2839,8740,2839,2.288329519450801e-4,0,Inf,1,2.288329519450801e-4,2.288329519450801e-4,Inf,1,FALSE,FALSE,Not_significant
VFG034187(gb|WP_000784545),,2,0,8738,2839,8740,2839,2.288329519450801e-4,0,Inf,1,2.288329519450801e-4,2.288329519450801e-4,Inf,1,FALSE,FALSE,Not_significant
VFG034189(gb|WP_000784549),,2,0,8738,2839,8740,2839,2.288329519450801e-4,0,Inf,1,2.288329519450801e-4,2.288329519450801e-4,Inf,1,FALSE,FALSE,Not_significant
VFG034192(gb|WP_000784549),,2,0,8738,2839,8740,2839,2.288329519450801e-4,0,Inf,1,2.288329519450801e-4,2.288329519450801e-4,Inf,1,FALSE,FALSE,Not_significant
VFG037647(gb|WP_000913306),,2,0,8738,2839,8740,2839,2.288329519450801e-4,0,Inf,1,2.288329519450801e-4,2.288329519450801e-4,Inf,1,FALSE,FALSE,Not_significant
VFG037648(gb|WP_000913301),,2,0,8738,2839,8740,2839,2.288329519450801e-4,0,Inf,1,2.288329519450801e-4,2.288329519450801e-4,Inf,1,FALSE,FALSE,Not_significant
VFG037650,,2,0,8738,2839,8740,2839,2.288329519450801e-4,0,Inf,1,2.288329519450801e-4,2.288329519450801e-4,Inf,1,FALSE,FALSE,Not_significant
VFG037654(gb|WP_038346670),,2,0,8738,2839,8740,2839,2.288329519450801e-4,0,Inf,1,2.288329519450801e-4,2.288329519450801e-4,Inf,1,FALSE,FALSE,Not_significant
VFG037656(gb|WP_000913297),,2,0,8738,2839,8740,2839,2.288329519450801e-4,0,Inf,1,2.288329519450801e-4,2.288329519450801e-4,Inf,1,FALSE,FALSE,Not_significant
VFG038121(gb|WP_001062922),,2,0,8738,2839,8740,2839,2.288329519450801e-4,0,Inf,1,2.288329519450801e-4,2.288329519450801e-4,Inf,1,FALSE,FALSE,Not_significant
VFG038139(gb|WP_001062905),,2,0,8738,2839,8740,2839,2.288329519450801e-4,0,Inf,1,2.288329519450801e-4,2.288329519450801e-4,Inf,1,FALSE,FALSE,Not_significant
VFG038144(gb|WP_001062908),,2,0,8738,2839,8740,2839,2.288329519450801e-4,0,Inf,1,2.288329519450801e-4,2.288329519450801e-4,Inf,1,FALSE,FALSE,Not_significant
VFG038152(gb|WP_001062915),,2,0,8738,2839,8740,2839,2.288329519450801e-4,0,Inf,1,2.288329519450801e-4,2.288329519450801e-4,Inf,1,FALSE,FALSE,Not_significant
VFG038153(gb|WP_001062906),,2,0,8738,2839,8740,2839,2.288329519450801e-4,0,Inf,1,2.288329519450801e-4,2.288329519450801e-4,Inf,1,FALSE,FALSE,Not_significant
VFG038168(gb|WP_001062920),,2,0,8738,2839,8740,2839,2.288329519450801e-4,0,Inf,1,2.288329519450801e-4,2.288329519450801e-4,Inf,1,FALSE,FALSE,Not_significant
VFG043094(gb|WP_001322280),,2,0,8738,2839,8740,2839,2.288329519450801e-4,0,Inf,1,2.288329519450801e-4,2.288329519450801e-4,Inf,1,FALSE,FALSE,Not_significant
VFG043614(gb|WP_074194464),,2,0,8738,2839,8740,2839,2.288329519450801e-4,0,Inf,1,2.288329519450801e-4,2.288329519450801e-4,Inf,1,FALSE,FALSE,Not_significant
VFG043668(gb|AAA26616),,2,0,8738,2839,8740,2839,2.288329519450801e-4,0,Inf,1,2.288329519450801e-4,2.288329519450801e-4,Inf,1,FALSE,FALSE,Not_significant
VFG044333(gb|WP_015874968),,2,0,8738,2839,8740,2839,2.288329519450801e-4,0,Inf,1,2.288329519450801e-4,2.288329519450801e-4,Inf,1,FALSE,FALSE,Not_significant
VFG046117(gb|WP_000784549),,2,0,8738,2839,8740,2839,2.288329519450801e-4,0,Inf,1,2.288329519450801e-4,2.288329519450801e-4,Inf,1,FALSE,FALSE,Not_significant
VFG048297(gb|WP_014906961),,2,0,8738,2839,8740,2839,2.288329519450801e-4,0,Inf,1,2.288329519450801e-4,2.288329519450801e-4,Inf,1,FALSE,FALSE,Not_significant
VFG048298(gb|WP_072196423),,2,0,8738,2839,8740,2839,2.288329519450801e-4,0,Inf,1,2.288329519450801e-4,2.288329519450801e-4,Inf,1,FALSE,FALSE,Not_significant
VFG048597(gb|WP_000784549),,2,0,8738,2839,8740,2839,2.288329519450801e-4,0,Inf,1,2.288329519450801e-4,2.288329519450801e-4,Inf,1,FALSE,FALSE,Not_significant
VFG049191(gb|WP_014907101),,2,0,8738,2839,8740,2839,2.288329519450801e-4,0,Inf,1,2.288329519450801e-4,2.288329519450801e-4,Inf,1,FALSE,FALSE,Not_significant
VFG049194(gb|WP_004150973),,2,0,8738,2839,8740,2839,2.288329519450801e-4,0,Inf,1,2.288329519450801e-4,2.288329519450801e-4,Inf,1,FALSE,FALSE,Not_significant
VFG049195(gb|WP_004150973),,2,0,8738,2839,8740,2839,2.288329519450801e-4,0,Inf,1,2.288329519450801e-4,2.288329519450801e-4,Inf,1,FALSE,FALSE,Not_significant
VFG049196(gb|WP_004890358),,2,0,8738,2839,8740,2839,2.288329519450801e-4,0,Inf,1,2.288329519450801e-4,2.288329519450801e-4,Inf,1,FALSE,FALSE,Not_significant
VFG049197(gb|WP_032452026),,2,0,8738,2839,8740,2839,2.288329519450801e-4,0,Inf,1,2.288329519450801e-4,2.288329519450801e-4,Inf,1,FALSE,FALSE,Not_significant
VFG049198(gb|WP_008806080),,2,0,8738,2839,8740,2839,2.288329519450801e-4,0,Inf,1,2.288329519450801e-4,2.288329519450801e-4,Inf,1,FALSE,FALSE,Not_significant
VFG050455(gb|WP_001274987.1),,2,0,8738,2839,8740,2839,2.288329519450801e-4,0,Inf,1,2.288329519450801e-4,2.288329519450801e-4,Inf,1,FALSE,FALSE,Not_significant
VFG050456(gb|WP_001274994.1),,2,0,8738,2839,8740,2839,2.288329519450801e-4,0,Inf,1,2.288329519450801e-4,2.288329519450801e-4,Inf,1,FALSE,FALSE,Not_significant
VFG050457(gb|WP_001274990.1),,2,0,8738,2839,8740,2839,2.288329519450801e-4,0,Inf,1,2.288329519450801e-4,2.288329519450801e-4,Inf,1,FALSE,FALSE,Not_significant
VFG050461(gb|WP_001274989.1),,2,0,8738,2839,8740,2839,2.288329519450801e-4,0,Inf,1,2.288329519450801e-4,2.288329519450801e-4,Inf,1,FALSE,FALSE,Not_significant
VFG050463(gb|WP_001274986.1),,2,0,8738,2839,8740,2839,2.288329519450801e-4,0,Inf,1,2.288329519450801e-4,2.288329519450801e-4,Inf,1,FALSE,FALSE,Not_significant
VFG051026(gb|WP_000471444.1),,2,0,8738,2839,8740,2839,2.288329519450801e-4,0,Inf,1,2.288329519450801e-4,2.288329519450801e-4,Inf,1,FALSE,FALSE,Not_significant
VFG051028(gb|WP_000471445.1),,2,0,8738,2839,8740,2839,2.288329519450801e-4,0,Inf,1,2.288329519450801e-4,2.288329519450801e-4,Inf,1,FALSE,FALSE,Not_significant
VFG051032(gb|WP_000471441.1),,2,0,8738,2839,8740,2839,2.288329519450801e-4,0,Inf,1,2.288329519450801e-4,2.288329519450801e-4,Inf,1,FALSE,FALSE,Not_significant
VFG051036(gb|WP_000471440.1),,2,0,8738,2839,8740,2839,2.288329519450801e-4,0,Inf,1,2.288329519450801e-4,2.288329519450801e-4,Inf,1,FALSE,FALSE,Not_significant
VFG051097(gb|WP_000096545.1),,2,0,8738,2839,8740,2839,2.288329519450801e-4,0,Inf,1,2.288329519450801e-4,2.288329519450801e-4,Inf,1,FALSE,FALSE,Not_significant
VFG051098(gb|WP_002001416.1),,2,0,8738,2839,8740,2839,2.288329519450801e-4,0,Inf,1,2.288329519450801e-4,2.288329519450801e-4,Inf,1,FALSE,FALSE,Not_significant
VFG051100(gb|WP_000987834.1),,2,0,8738,2839,8740,2839,2.288329519450801e-4,0,Inf,1,2.288329519450801e-4,2.288329519450801e-4,Inf,1,FALSE,FALSE,Not_significant
VFG051102(gb|WP_002009235.1),,2,0,8738,2839,8740,2839,2.288329519450801e-4,0,Inf,1,2.288329519450801e-4,2.288329519450801e-4,Inf,1,FALSE,FALSE,Not_significant
VFG051106(gb|WP_134815913.1),,2,0,8738,2839,8740,2839,2.288329519450801e-4,0,Inf,1,2.288329519450801e-4,2.288329519450801e-4,Inf,1,FALSE,FALSE,Not_significant
VFG043588(gb|WP_001205093),,2,1,8738,2838,8740,2839,2.288329519450801e-4,3.522367030644593e-4,0.6496036318344561,0.5699840348244111,-1.2340375111937922e-4,1.2340375111937922e-4,1.5392743923916872,1,FALSE,FALSE,Not_significant
VFG050573(gb|WP_000768961.1),,2,1,8738,2838,8740,2839,2.288329519450801e-4,3.522367030644593e-4,0.6496036318344561,0.5699840348244111,-1.2340375111937922e-4,1.2340375111937922e-4,1.5392743923916872,1,FALSE,FALSE,Not_significant
VFG000229,,1,0,8739,2839,8740,2839,1.1441647597254005e-4,0,Inf,1,1.1441647597254005e-4,1.1441647597254005e-4,Inf,1,FALSE,FALSE,Not_significant
VFG000363(gb|WP_002212775),,1,0,8739,2839,8740,2839,1.1441647597254005e-4,0,Inf,1,1.1441647597254005e-4,1.1441647597254005e-4,Inf,1,FALSE,FALSE,Not_significant
VFG000366(gb|WP_002212761),,1,0,8739,2839,8740,2839,1.1441647597254005e-4,0,Inf,1,1.1441647597254005e-4,1.1441647597254005e-4,Inf,1,FALSE,FALSE,Not_significant
VFG000872(gb|WP_000044711),,1,0,8739,2839,8740,2839,1.1441647597254005e-4,0,Inf,1,1.1441647597254005e-4,1.1441647597254005e-4,Inf,1,FALSE,FALSE,Not_significant
VFG000917(gb|WP_000089583),,1,0,8739,2839,8740,2839,1.1441647597254005e-4,0,Inf,1,1.1441647597254005e-4,1.1441647597254005e-4,Inf,1,FALSE,FALSE,Not_significant
VFG000937(gb|WP_000750139),,1,0,8739,2839,8740,2839,1.1441647597254005e-4,0,Inf,1,1.1441647597254005e-4,1.1441647597254005e-4,Inf,1,FALSE,FALSE,Not_significant
VFG000979(gb|WP_010921857),,1,0,8739,2839,8740,2839,1.1441647597254005e-4,0,Inf,1,1.1441647597254005e-4,1.1441647597254005e-4,Inf,1,FALSE,FALSE,Not_significant
VFG001280(gb|WP_000934435),,1,0,8739,2839,8740,2839,1.1441647597254005e-4,0,Inf,1,1.1441647597254005e-4,1.1441647597254005e-4,Inf,1,FALSE,FALSE,Not_significant
VFG001305(gb|WP_001034053),,1,0,8739,2839,8740,2839,1.1441647597254005e-4,0,Inf,1,1.1441647597254005e-4,1.1441647597254005e-4,Inf,1,FALSE,FALSE,Not_significant
VFG001444(gb|AAG10151),,1,0,8739,2839,8740,2839,1.1441647597254005e-4,0,Inf,1,1.1441647597254005e-4,1.1441647597254005e-4,Inf,1,FALSE,FALSE,Not_significant
VFG002179(gb|AAD09858),,1,0,8739,2839,8740,2839,1.1441647597254005e-4,0,Inf,1,1.1441647597254005e-4,1.1441647597254005e-4,Inf,1,FALSE,FALSE,Not_significant
VFG002406(gb|WP_000728972),,1,0,8739,2839,8740,2839,1.1441647597254005e-4,0,Inf,1,1.1441647597254005e-4,1.1441647597254005e-4,Inf,1,FALSE,FALSE,Not_significant
VFG002414(gb|WP_000730972),,1,0,8739,2839,8740,2839,1.1441647597254005e-4,0,Inf,1,1.1441647597254005e-4,1.1441647597254005e-4,Inf,1,FALSE,FALSE,Not_significant
VFG003250(gb|WP_002212775),,1,0,8739,2839,8740,2839,1.1441647597254005e-4,0,Inf,1,1.1441647597254005e-4,1.1441647597254005e-4,Inf,1,FALSE,FALSE,Not_significant
VFG003385(gb|WP_002212775),,1,0,8739,2839,8740,2839,1.1441647597254005e-4,0,Inf,1,1.1441647597254005e-4,1.1441647597254005e-4,Inf,1,FALSE,FALSE,Not_significant
VFG003504(gb|WP_011816641),,1,0,8739,2839,8740,2839,1.1441647597254005e-4,0,Inf,1,1.1441647597254005e-4,1.1441647597254005e-4,Inf,1,FALSE,FALSE,Not_significant
VFG003507(gb|WP_005168689),,1,0,8739,2839,8740,2839,1.1441647597254005e-4,0,Inf,1,1.1441647597254005e-4,1.1441647597254005e-4,Inf,1,FALSE,FALSE,Not_significant
VFG003676(gb|WP_001120092),,1,0,8739,2839,8740,2839,1.1441647597254005e-4,0,Inf,1,1.1441647597254005e-4,1.1441647597254005e-4,Inf,1,FALSE,FALSE,Not_significant
VFG003678(gb|WP_001120088),,1,0,8739,2839,8740,2839,1.1441647597254005e-4,0,Inf,1,1.1441647597254005e-4,1.1441647597254005e-4,Inf,1,FALSE,FALSE,Not_significant
VFG003781(gb|WP_000258814),,1,0,8739,2839,8740,2839,1.1441647597254005e-4,0,Inf,1,1.1441647597254005e-4,1.1441647597254005e-4,Inf,1,FALSE,FALSE,Not_significant
VFG003783(gb|WP_000258813),,1,0,8739,2839,8740,2839,1.1441647597254005e-4,0,Inf,1,1.1441647597254005e-4,1.1441647597254005e-4,Inf,1,FALSE,FALSE,Not_significant
VFG003784(gb|WP_001540781),,1,0,8739,2839,8740,2839,1.1441647597254005e-4,0,Inf,1,1.1441647597254005e-4,1.1441647597254005e-4,Inf,1,FALSE,FALSE,Not_significant
VFG003791(gb|WP_000245782),,1,0,8739,2839,8740,2839,1.1441647597254005e-4,0,Inf,1,1.1441647597254005e-4,1.1441647597254005e-4,Inf,1,FALSE,FALSE,Not_significant
VFG003793(gb|WP_000245781),,1,0,8739,2839,8740,2839,1.1441647597254005e-4,0,Inf,1,1.1441647597254005e-4,1.1441647597254005e-4,Inf,1,FALSE,FALSE,Not_significant
VFG003794(gb|WP_001540783),,1,0,8739,2839,8740,2839,1.1441647597254005e-4,0,Inf,1,1.1441647597254005e-4,1.1441647597254005e-4,Inf,1,FALSE,FALSE,Not_significant
VFG003801(gb|WP_001166955),,1,0,8739,2839,8740,2839,1.1441647597254005e-4,0,Inf,1,1.1441647597254005e-4,1.1441647597254005e-4,Inf,1,FALSE,FALSE,Not_significant
VFG003803(gb|WP_001166948),,1,0,8739,2839,8740,2839,1.1441647597254005e-4,0,Inf,1,1.1441647597254005e-4,1.1441647597254005e-4,Inf,1,FALSE,FALSE,Not_significant
VFG004039(gb|WP_000131278),,1,0,8739,2839,8740,2839,1.1441647597254005e-4,0,Inf,1,1.1441647597254005e-4,1.1441647597254005e-4,Inf,1,FALSE,FALSE,Not_significant
VFG004041(gb|WP_000131279),,1,0,8739,2839,8740,2839,1.1441647597254005e-4,0,Inf,1,1.1441647597254005e-4,1.1441647597254005e-4,Inf,1,FALSE,FALSE,Not_significant
VFG004042(gb|WP_001541138),,1,0,8739,2839,8740,2839,1.1441647597254005e-4,0,Inf,1,1.1441647597254005e-4,1.1441647597254005e-4,Inf,1,FALSE,FALSE,Not_significant
VFG004181(gb|WP_001541093),,1,0,8739,2839,8740,2839,1.1441647597254005e-4,0,Inf,1,1.1441647597254005e-4,1.1441647597254005e-4,Inf,1,FALSE,FALSE,Not_significant
VFG004183(gb|WP_001541094),,1,0,8739,2839,8740,2839,1.1441647597254005e-4,0,Inf,1,1.1441647597254005e-4,1.1441647597254005e-4,Inf,1,FALSE,FALSE,Not_significant
VFG004185,,1,0,8739,2839,8740,2839,1.1441647597254005e-4,0,Inf,1,1.1441647597254005e-4,1.1441647597254005e-4,Inf,1,FALSE,FALSE,Not_significant
VFG004299(gb|WP_024133661),,1,0,8739,2839,8740,2839,1.1441647597254005e-4,0,Inf,1,1.1441647597254005e-4,1.1441647597254005e-4,Inf,1,FALSE,FALSE,Not_significant
VFG004300(gb|WP_024131208),,1,0,8739,2839,8740,2839,1.1441647597254005e-4,0,Inf,1,1.1441647597254005e-4,1.1441647597254005e-4,Inf,1,FALSE,FALSE,Not_significant
VFG004301(gb|WP_000981791),,1,0,8739,2839,8740,2839,1.1441647597254005e-4,0,Inf,1,1.1441647597254005e-4,1.1441647597254005e-4,Inf,1,FALSE,FALSE,Not_significant
VFG004302(gb|WP_000981804),,1,0,8739,2839,8740,2839,1.1441647597254005e-4,0,Inf,1,1.1441647597254005e-4,1.1441647597254005e-4,Inf,1,FALSE,FALSE,Not_significant
VFG004356,,1,0,8739,2839,8740,2839,1.1441647597254005e-4,0,Inf,1,1.1441647597254005e-4,1.1441647597254005e-4,Inf,1,FALSE,FALSE,Not_significant
VFG004358(gb|WP_001160713),,1,0,8739,2839,8740,2839,1.1441647597254005e-4,0,Inf,1,1.1441647597254005e-4,1.1441647597254005e-4,Inf,1,FALSE,FALSE,Not_significant
VFG004359(gb|WP_001541508),,1,0,8739,2839,8740,2839,1.1441647597254005e-4,0,Inf,1,1.1441647597254005e-4,1.1441647597254005e-4,Inf,1,FALSE,FALSE,Not_significant
VFG004407(gb|WP_001038509),,1,0,8739,2839,8740,2839,1.1441647597254005e-4,0,Inf,1,1.1441647597254005e-4,1.1441647597254005e-4,Inf,1,FALSE,FALSE,Not_significant
VFG004409(gb|WP_001541550),,1,0,8739,2839,8740,2839,1.1441647597254005e-4,0,Inf,1,1.1441647597254005e-4,1.1441647597254005e-4,Inf,1,FALSE,FALSE,Not_significant
VFG004448(gb|WP_001540608),,1,0,8739,2839,8740,2839,1.1441647597254005e-4,0,Inf,1,1.1441647597254005e-4,1.1441647597254005e-4,Inf,1,FALSE,FALSE,Not_significant
VFG004503,,1,0,8739,2839,8740,2839,1.1441647597254005e-4,0,Inf,1,1.1441647597254005e-4,1.1441647597254005e-4,Inf,1,FALSE,FALSE,Not_significant
VFG004594(gb|WP_000934424),,1,0,8739,2839,8740,2839,1.1441647597254005e-4,0,Inf,1,1.1441647597254005e-4,1.1441647597254005e-4,Inf,1,FALSE,FALSE,Not_significant
VFG004596(gb|WP_000934467),,1,0,8739,2839,8740,2839,1.1441647597254005e-4,0,Inf,1,1.1441647597254005e-4,1.1441647597254005e-4,Inf,1,FALSE,FALSE,Not_significant
VFG004597(gb|WP_000934439),,1,0,8739,2839,8740,2839,1.1441647597254005e-4,0,Inf,1,1.1441647597254005e-4,1.1441647597254005e-4,Inf,1,FALSE,FALSE,Not_significant
VFG004598(gb|WP_000934467),,1,0,8739,2839,8740,2839,1.1441647597254005e-4,0,Inf,1,1.1441647597254005e-4,1.1441647597254005e-4,Inf,1,FALSE,FALSE,Not_significant
VFG004600(gb|WP_000934424),,1,0,8739,2839,8740,2839,1.1441647597254005e-4,0,Inf,1,1.1441647597254005e-4,1.1441647597254005e-4,Inf,1,FALSE,FALSE,Not_significant
VFG004615(gb|WP_000841404),,1,0,8739,2839,8740,2839,1.1441647597254005e-4,0,Inf,1,1.1441647597254005e-4,1.1441647597254005e-4,Inf,1,FALSE,FALSE,Not_significant
VFG004620(gb|WP_000794589),,1,0,8739,2839,8740,2839,1.1441647597254005e-4,0,Inf,1,1.1441647597254005e-4,1.1441647597254005e-4,Inf,1,FALSE,FALSE,Not_significant
VFG004621(gb|WP_000794654),,1,0,8739,2839,8740,2839,1.1441647597254005e-4,0,Inf,1,1.1441647597254005e-4,1.1441647597254005e-4,Inf,1,FALSE,FALSE,Not_significant
VFG004623(gb|WP_000794614),,1,0,8739,2839,8740,2839,1.1441647597254005e-4,0,Inf,1,1.1441647597254005e-4,1.1441647597254005e-4,Inf,1,FALSE,FALSE,Not_significant
VFG004625(gb|WP_000794580),,1,0,8739,2839,8740,2839,1.1441647597254005e-4,0,Inf,1,1.1441647597254005e-4,1.1441647597254005e-4,Inf,1,FALSE,FALSE,Not_significant
VFG004886(gb|WP_000673051),,1,0,8739,2839,8740,2839,1.1441647597254005e-4,0,Inf,1,1.1441647597254005e-4,1.1441647597254005e-4,Inf,1,FALSE,FALSE,Not_significant
VFG004904,,1,0,8739,2839,8740,2839,1.1441647597254005e-4,0,Inf,1,1.1441647597254005e-4,1.1441647597254005e-4,Inf,1,FALSE,FALSE,Not_significant
VFG004906(gb|WP_000778477),,1,0,8739,2839,8740,2839,1.1441647597254005e-4,0,Inf,1,1.1441647597254005e-4,1.1441647597254005e-4,Inf,1,FALSE,FALSE,Not_significant
VFG004936(gb|WP_000673051),,1,0,8739,2839,8740,2839,1.1441647597254005e-4,0,Inf,1,1.1441647597254005e-4,1.1441647597254005e-4,Inf,1,FALSE,FALSE,Not_significant
VFG005058(gb|WP_001034059),,1,0,8739,2839,8740,2839,1.1441647597254005e-4,0,Inf,1,1.1441647597254005e-4,1.1441647597254005e-4,Inf,1,FALSE,FALSE,Not_significant
VFG005062(gb|WP_001045642),,1,0,8739,2839,8740,2839,1.1441647597254005e-4,0,Inf,1,1.1441647597254005e-4,1.1441647597254005e-4,Inf,1,FALSE,FALSE,Not_significant
VFG005157(gb|WP_011529060),,1,0,8739,2839,8740,2839,1.1441647597254005e-4,0,Inf,1,1.1441647597254005e-4,1.1441647597254005e-4,Inf,1,FALSE,FALSE,Not_significant
VFG005158(gb|WP_011285221),,1,0,8739,2839,8740,2839,1.1441647597254005e-4,0,Inf,1,1.1441647597254005e-4,1.1441647597254005e-4,Inf,1,FALSE,FALSE,Not_significant
VFG005515(gb|WP_002994926),,1,0,8739,2839,8740,2839,1.1441647597254005e-4,0,Inf,1,1.1441647597254005e-4,1.1441647597254005e-4,Inf,1,FALSE,FALSE,Not_significant
VFG005517(gb|WP_002991468),,1,0,8739,2839,8740,2839,1.1441647597254005e-4,0,Inf,1,1.1441647597254005e-4,1.1441647597254005e-4,Inf,1,FALSE,FALSE,Not_significant
VFG005518(gb|WP_002994926),,1,0,8739,2839,8740,2839,1.1441647597254005e-4,0,Inf,1,1.1441647597254005e-4,1.1441647597254005e-4,Inf,1,FALSE,FALSE,Not_significant
VFG005520(gb|WP_002994926),,1,0,8739,2839,8740,2839,1.1441647597254005e-4,0,Inf,1,1.1441647597254005e-4,1.1441647597254005e-4,Inf,1,FALSE,FALSE,Not_significant
VFG005521(gb|WP_002981947),,1,0,8739,2839,8740,2839,1.1441647597254005e-4,0,Inf,1,1.1441647597254005e-4,1.1441647597254005e-4,Inf,1,FALSE,FALSE,Not_significant
VFG005522(gb|WP_002991468),,1,0,8739,2839,8740,2839,1.1441647597254005e-4,0,Inf,1,1.1441647597254005e-4,1.1441647597254005e-4,Inf,1,FALSE,FALSE,Not_significant
VFG005525(gb|WP_002981947),,1,0,8739,2839,8740,2839,1.1441647597254005e-4,0,Inf,1,1.1441647597254005e-4,1.1441647597254005e-4,Inf,1,FALSE,FALSE,Not_significant
VFG005526(gb|WP_011285340),,1,0,8739,2839,8740,2839,1.1441647597254005e-4,0,Inf,1,1.1441647597254005e-4,1.1441647597254005e-4,Inf,1,FALSE,FALSE,Not_significant
VFG005671(gb|WP_020833236),,1,0,8739,2839,8740,2839,1.1441647597254005e-4,0,Inf,1,1.1441647597254005e-4,1.1441647597254005e-4,Inf,1,FALSE,FALSE,Not_significant
VFG005672(gb|WP_011054152),,1,0,8739,2839,8740,2839,1.1441647597254005e-4,0,Inf,1,1.1441647597254005e-4,1.1441647597254005e-4,Inf,1,FALSE,FALSE,Not_significant
VFG005674,,1,0,8739,2839,8740,2839,1.1441647597254005e-4,0,Inf,1,1.1441647597254005e-4,1.1441647597254005e-4,Inf,1,FALSE,FALSE,Not_significant
VFG005675(gb|WP_002991212),,1,0,8739,2839,8740,2839,1.1441647597254005e-4,0,Inf,1,1.1441647597254005e-4,1.1441647597254005e-4,Inf,1,FALSE,FALSE,Not_significant
VFG005677(gb|WP_041174247),,1,0,8739,2839,8740,2839,1.1441647597254005e-4,0,Inf,1,1.1441647597254005e-4,1.1441647597254005e-4,Inf,1,FALSE,FALSE,Not_significant
VFG005678(gb|WP_010921857),,1,0,8739,2839,8740,2839,1.1441647597254005e-4,0,Inf,1,1.1441647597254005e-4,1.1441647597254005e-4,Inf,1,FALSE,FALSE,Not_significant
VFG006137(gb|WP_173024112),,1,0,8739,2839,8740,2839,1.1441647597254005e-4,0,Inf,1,1.1441647597254005e-4,1.1441647597254005e-4,Inf,1,FALSE,FALSE,Not_significant
VFG006138(gb|WP_173024113),,1,0,8739,2839,8740,2839,1.1441647597254005e-4,0,Inf,1,1.1441647597254005e-4,1.1441647597254005e-4,Inf,1,FALSE,FALSE,Not_significant
VFG007830(gb|WP_011894255),,1,0,8739,2839,8740,2839,1.1441647597254005e-4,0,Inf,1,1.1441647597254005e-4,1.1441647597254005e-4,Inf,1,FALSE,FALSE,Not_significant
VFG007851(gb|WP_003899548),,1,0,8739,2839,8740,2839,1.1441647597254005e-4,0,Inf,1,1.1441647597254005e-4,1.1441647597254005e-4,Inf,1,FALSE,FALSE,Not_significant
VFG007852(gb|WP_003414837),,1,0,8739,2839,8740,2839,1.1441647597254005e-4,0,Inf,1,1.1441647597254005e-4,1.1441647597254005e-4,Inf,1,FALSE,FALSE,Not_significant
VFG008351(gb|WP_011740948),,1,0,8739,2839,8740,2839,1.1441647597254005e-4,0,Inf,1,1.1441647597254005e-4,1.1441647597254005e-4,Inf,1,FALSE,FALSE,Not_significant
VFG008874(gb|WP_015288408),,1,0,8739,2839,8740,2839,1.1441647597254005e-4,0,Inf,1,1.1441647597254005e-4,1.1441647597254005e-4,Inf,1,FALSE,FALSE,Not_significant
VFG008875(gb|WP_015303644),,1,0,8739,2839,8740,2839,1.1441647597254005e-4,0,Inf,1,1.1441647597254005e-4,1.1441647597254005e-4,Inf,1,FALSE,FALSE,Not_significant
VFG008876(gb|WP_015291057),,1,0,8739,2839,8740,2839,1.1441647597254005e-4,0,Inf,1,1.1441647597254005e-4,1.1441647597254005e-4,Inf,1,FALSE,FALSE,Not_significant
VFG008877(gb|WP_015294040),,1,0,8739,2839,8740,2839,1.1441647597254005e-4,0,Inf,1,1.1441647597254005e-4,1.1441647597254005e-4,Inf,1,FALSE,FALSE,Not_significant
VFG008881(gb|WP_003414837),,1,0,8739,2839,8740,2839,1.1441647597254005e-4,0,Inf,1,1.1441647597254005e-4,1.1441647597254005e-4,Inf,1,FALSE,FALSE,Not_significant
VFG008884(gb|WP_009938592),,1,0,8739,2839,8740,2839,1.1441647597254005e-4,0,Inf,1,1.1441647597254005e-4,1.1441647597254005e-4,Inf,1,FALSE,FALSE,Not_significant
VFG008889(gb|WP_003414837),,1,0,8739,2839,8740,2839,1.1441647597254005e-4,0,Inf,1,1.1441647597254005e-4,1.1441647597254005e-4,Inf,1,FALSE,FALSE,Not_significant
VFG009584(gb|WP_003873185),,1,0,8739,2839,8740,2839,1.1441647597254005e-4,0,Inf,1,1.1441647597254005e-4,1.1441647597254005e-4,Inf,1,FALSE,FALSE,Not_significant
VFG009585(gb|WP_011724227),,1,0,8739,2839,8740,2839,1.1441647597254005e-4,0,Inf,1,1.1441647597254005e-4,1.1441647597254005e-4,Inf,1,FALSE,FALSE,Not_significant
VFG009701(gb|WP_010948769),,1,0,8739,2839,8740,2839,1.1441647597254005e-4,0,Inf,1,1.1441647597254005e-4,1.1441647597254005e-4,Inf,1,FALSE,FALSE,Not_significant
VFG009702(gb|WP_003872294),,1,0,8739,2839,8740,2839,1.1441647597254005e-4,0,Inf,1,1.1441647597254005e-4,1.1441647597254005e-4,Inf,1,FALSE,FALSE,Not_significant
VFG009862(gb|WP_071498255),,1,0,8739,2839,8740,2839,1.1441647597254005e-4,0,Inf,1,1.1441647597254005e-4,1.1441647597254005e-4,Inf,1,FALSE,FALSE,Not_significant
VFG011158(gb|WP_012415798),,1,0,8739,2839,8740,2839,1.1441647597254005e-4,0,Inf,1,1.1441647597254005e-4,1.1441647597254005e-4,Inf,1,FALSE,FALSE,Not_significant
VFG011257,,1,0,8739,2839,8740,2839,1.1441647597254005e-4,0,Inf,1,1.1441647597254005e-4,1.1441647597254005e-4,Inf,1,FALSE,FALSE,Not_significant
VFG011258,,1,0,8739,2839,8740,2839,1.1441647597254005e-4,0,Inf,1,1.1441647597254005e-4,1.1441647597254005e-4,Inf,1,FALSE,FALSE,Not_significant
VFG011259(gb|WP_003811905),,1,0,8739,2839,8740,2839,1.1441647597254005e-4,0,Inf,1,1.1441647597254005e-4,1.1441647597254005e-4,Inf,1,FALSE,FALSE,Not_significant
VFG012252(gb|WP_001535784),,1,0,8739,2839,8740,2839,1.1441647597254005e-4,0,Inf,1,1.1441647597254005e-4,1.1441647597254005e-4,Inf,1,FALSE,FALSE,Not_significant
VFG012271(gb|WP_000044700),,1,0,8739,2839,8740,2839,1.1441647597254005e-4,0,Inf,1,1.1441647597254005e-4,1.1441647597254005e-4,Inf,1,FALSE,FALSE,Not_significant
VFG012274(gb|WP_000044708),,1,0,8739,2839,8740,2839,1.1441647597254005e-4,0,Inf,1,1.1441647597254005e-4,1.1441647597254005e-4,Inf,1,FALSE,FALSE,Not_significant
VFG012275(gb|WP_000044708),,1,0,8739,2839,8740,2839,1.1441647597254005e-4,0,Inf,1,1.1441647597254005e-4,1.1441647597254005e-4,Inf,1,FALSE,FALSE,Not_significant
VFG012454(gb|WP_000820483),,1,0,8739,2839,8740,2839,1.1441647597254005e-4,0,Inf,1,1.1441647597254005e-4,1.1441647597254005e-4,Inf,1,FALSE,FALSE,Not_significant
VFG012456(gb|WP_000820518),,1,0,8739,2839,8740,2839,1.1441647597254005e-4,0,Inf,1,1.1441647597254005e-4,1.1441647597254005e-4,Inf,1,FALSE,FALSE,Not_significant
VFG012457(gb|WP_000820443),,1,0,8739,2839,8740,2839,1.1441647597254005e-4,0,Inf,1,1.1441647597254005e-4,1.1441647597254005e-4,Inf,1,FALSE,FALSE,Not_significant
VFG012459(gb|WP_000820423),,1,0,8739,2839,8740,2839,1.1441647597254005e-4,0,Inf,1,1.1441647597254005e-4,1.1441647597254005e-4,Inf,1,FALSE,FALSE,Not_significant
VFG012460(gb|WP_000820396),,1,0,8739,2839,8740,2839,1.1441647597254005e-4,0,Inf,1,1.1441647597254005e-4,1.1441647597254005e-4,Inf,1,FALSE,FALSE,Not_significant
VFG012520(gb|WP_012006523),,1,0,8739,2839,8740,2839,1.1441647597254005e-4,0,Inf,1,1.1441647597254005e-4,1.1441647597254005e-4,Inf,1,FALSE,FALSE,Not_significant
VFG012535(gb|WP_001327263),,1,0,8739,2839,8740,2839,1.1441647597254005e-4,0,Inf,1,1.1441647597254005e-4,1.1441647597254005e-4,Inf,1,FALSE,FALSE,Not_significant
VFG012536(gb|WP_001295637),,1,0,8739,2839,8740,2839,1.1441647597254005e-4,0,Inf,1,1.1441647597254005e-4,1.1441647597254005e-4,Inf,1,FALSE,FALSE,Not_significant
VFG012537(gb|WP_001304269),,1,0,8739,2839,8740,2839,1.1441647597254005e-4,0,Inf,1,1.1441647597254005e-4,1.1441647597254005e-4,Inf,1,FALSE,FALSE,Not_significant
VFG012538(gb|WP_001350678),,1,0,8739,2839,8740,2839,1.1441647597254005e-4,0,Inf,1,1.1441647597254005e-4,1.1441647597254005e-4,Inf,1,FALSE,FALSE,Not_significant
VFG012548(gb|WP_000623031),,1,0,8739,2839,8740,2839,1.1441647597254005e-4,0,Inf,1,1.1441647597254005e-4,1.1441647597254005e-4,Inf,1,FALSE,FALSE,Not_significant
VFG012549(gb|WP_000623043),,1,0,8739,2839,8740,2839,1.1441647597254005e-4,0,Inf,1,1.1441647597254005e-4,1.1441647597254005e-4,Inf,1,FALSE,FALSE,Not_significant
VFG012550(gb|WP_000623043),,1,0,8739,2839,8740,2839,1.1441647597254005e-4,0,Inf,1,1.1441647597254005e-4,1.1441647597254005e-4,Inf,1,FALSE,FALSE,Not_significant
VFG012597(gb|WP_000089593),,1,0,8739,2839,8740,2839,1.1441647597254005e-4,0,Inf,1,1.1441647597254005e-4,1.1441647597254005e-4,Inf,1,FALSE,FALSE,Not_significant
VFG012600(gb|WP_000089598),,1,0,8739,2839,8740,2839,1.1441647597254005e-4,0,Inf,1,1.1441647597254005e-4,1.1441647597254005e-4,Inf,1,FALSE,FALSE,Not_significant
VFG012601(gb|WP_000089584),,1,0,8739,2839,8740,2839,1.1441647597254005e-4,0,Inf,1,1.1441647597254005e-4,1.1441647597254005e-4,Inf,1,FALSE,FALSE,Not_significant
VFG012602(gb|WP_000089584),,1,0,8739,2839,8740,2839,1.1441647597254005e-4,0,Inf,1,1.1441647597254005e-4,1.1441647597254005e-4,Inf,1,FALSE,FALSE,Not_significant
VFG012961(gb|WP_000750138),,1,0,8739,2839,8740,2839,1.1441647597254005e-4,0,Inf,1,1.1441647597254005e-4,1.1441647597254005e-4,Inf,1,FALSE,FALSE,Not_significant
VFG012962(gb|WP_000750143),,1,0,8739,2839,8740,2839,1.1441647597254005e-4,0,Inf,1,1.1441647597254005e-4,1.1441647597254005e-4,Inf,1,FALSE,FALSE,Not_significant
VFG012985(gb|WP_000026832),,1,0,8739,2839,8740,2839,1.1441647597254005e-4,0,Inf,1,1.1441647597254005e-4,1.1441647597254005e-4,Inf,1,FALSE,FALSE,Not_significant
VFG012988(gb|WP_000026772),,1,0,8739,2839,8740,2839,1.1441647597254005e-4,0,Inf,1,1.1441647597254005e-4,1.1441647597254005e-4,Inf,1,FALSE,FALSE,Not_significant
VFG012989(gb|WP_000026762),,1,0,8739,2839,8740,2839,1.1441647597254005e-4,0,Inf,1,1.1441647597254005e-4,1.1441647597254005e-4,Inf,1,FALSE,FALSE,Not_significant
VFG012990(gb|WP_000026810),,1,0,8739,2839,8740,2839,1.1441647597254005e-4,0,Inf,1,1.1441647597254005e-4,1.1441647597254005e-4,Inf,1,FALSE,FALSE,Not_significant
VFG013003(gb|WP_005019349),,1,0,8739,2839,8740,2839,1.1441647597254005e-4,0,Inf,1,1.1441647597254005e-4,1.1441647597254005e-4,Inf,1,FALSE,FALSE,Not_significant
VFG013005(gb|WP_001506608),,1,0,8739,2839,8740,2839,1.1441647597254005e-4,0,Inf,1,1.1441647597254005e-4,1.1441647597254005e-4,Inf,1,FALSE,FALSE,Not_significant
VFG013008(gb|WP_001370282),,1,0,8739,2839,8740,2839,1.1441647597254005e-4,0,Inf,1,1.1441647597254005e-4,1.1441647597254005e-4,Inf,1,FALSE,FALSE,Not_significant
VFG013012(gb|WP_001034936),,1,0,8739,2839,8740,2839,1.1441647597254005e-4,0,Inf,1,1.1441647597254005e-4,1.1441647597254005e-4,Inf,1,FALSE,FALSE,Not_significant
VFG013064(gb|WP_000089574),,1,0,8739,2839,8740,2839,1.1441647597254005e-4,0,Inf,1,1.1441647597254005e-4,1.1441647597254005e-4,Inf,1,FALSE,FALSE,Not_significant
VFG014064(gb|WP_011266435),,1,0,8739,2839,8740,2839,1.1441647597254005e-4,0,Inf,1,1.1441647597254005e-4,1.1441647597254005e-4,Inf,1,FALSE,FALSE,Not_significant
VFG014065(gb|WP_011167502),,1,0,8739,2839,8740,2839,1.1441647597254005e-4,0,Inf,1,1.1441647597254005e-4,1.1441647597254005e-4,Inf,1,FALSE,FALSE,Not_significant
VFG014070(gb|WP_011336362),,1,0,8739,2839,8740,2839,1.1441647597254005e-4,0,Inf,1,1.1441647597254005e-4,1.1441647597254005e-4,Inf,1,FALSE,FALSE,Not_significant
VFG014279(gb|WP_012076722),,1,0,8739,2839,8740,2839,1.1441647597254005e-4,0,Inf,1,1.1441647597254005e-4,1.1441647597254005e-4,Inf,1,FALSE,FALSE,Not_significant
VFG014344(gb|WP_003152328),,1,0,8739,2839,8740,2839,1.1441647597254005e-4,0,Inf,1,1.1441647597254005e-4,1.1441647597254005e-4,Inf,1,FALSE,FALSE,Not_significant
VFG014416(gb|WP_011534909),,1,0,8739,2839,8740,2839,1.1441647597254005e-4,0,Inf,1,1.1441647597254005e-4,1.1441647597254005e-4,Inf,1,FALSE,FALSE,Not_significant
VFG014420(gb|WP_013983230),,1,0,8739,2839,8740,2839,1.1441647597254005e-4,0,Inf,1,1.1441647597254005e-4,1.1441647597254005e-4,Inf,1,FALSE,FALSE,Not_significant
VFG014754(gb|WP_011535583),,1,0,8739,2839,8740,2839,1.1441647597254005e-4,0,Inf,1,1.1441647597254005e-4,1.1441647597254005e-4,Inf,1,FALSE,FALSE,Not_significant
VFG014755(gb|WP_011059377),,1,0,8739,2839,8740,2839,1.1441647597254005e-4,0,Inf,1,1.1441647597254005e-4,1.1441647597254005e-4,Inf,1,FALSE,FALSE,Not_significant
VFG015685(gb|WP_012315524),,1,0,8739,2839,8740,2839,1.1441647597254005e-4,0,Inf,1,1.1441647597254005e-4,1.1441647597254005e-4,Inf,1,FALSE,FALSE,Not_significant
VFG015737(gb|WP_012312817),,1,0,8739,2839,8740,2839,1.1441647597254005e-4,0,Inf,1,1.1441647597254005e-4,1.1441647597254005e-4,Inf,1,FALSE,FALSE,Not_significant
VFG016034(gb|WP_011267346),,1,0,8739,2839,8740,2839,1.1441647597254005e-4,0,Inf,1,1.1441647597254005e-4,1.1441647597254005e-4,Inf,1,FALSE,FALSE,Not_significant
VFG016035(gb|WP_011168293),,1,0,8739,2839,8740,2839,1.1441647597254005e-4,0,Inf,1,1.1441647597254005e-4,1.1441647597254005e-4,Inf,1,FALSE,FALSE,Not_significant
VFG016119(gb|WP_011061772),,1,0,8739,2839,8740,2839,1.1441647597254005e-4,0,Inf,1,1.1441647597254005e-4,1.1441647597254005e-4,Inf,1,FALSE,FALSE,Not_significant
VFG016789(gb|WP_011179056),,1,0,8739,2839,8740,2839,1.1441647597254005e-4,0,Inf,1,1.1441647597254005e-4,1.1441647597254005e-4,Inf,1,FALSE,FALSE,Not_significant
VFG017108(gb|WP_000794607),,1,0,8739,2839,8740,2839,1.1441647597254005e-4,0,Inf,1,1.1441647597254005e-4,1.1441647597254005e-4,Inf,1,FALSE,FALSE,Not_significant
VFG017111(gb|WP_000934463),,1,0,8739,2839,8740,2839,1.1441647597254005e-4,0,Inf,1,1.1441647597254005e-4,1.1441647597254005e-4,Inf,1,FALSE,FALSE,Not_significant
VFG017220,,1,0,8739,2839,8740,2839,1.1441647597254005e-4,0,Inf,1,1.1441647597254005e-4,1.1441647597254005e-4,Inf,1,FALSE,FALSE,Not_significant
VFG017224(gb|WP_000934419),,1,0,8739,2839,8740,2839,1.1441647597254005e-4,0,Inf,1,1.1441647597254005e-4,1.1441647597254005e-4,Inf,1,FALSE,FALSE,Not_significant
VFG018103(gb|WP_000728958),,1,0,8739,2839,8740,2839,1.1441647597254005e-4,0,Inf,1,1.1441647597254005e-4,1.1441647597254005e-4,Inf,1,FALSE,FALSE,Not_significant
VFG018105(gb|WP_000728955),,1,0,8739,2839,8740,2839,1.1441647597254005e-4,0,Inf,1,1.1441647597254005e-4,1.1441647597254005e-4,Inf,1,FALSE,FALSE,Not_significant
VFG018110(gb|WP_000728940),,1,0,8739,2839,8740,2839,1.1441647597254005e-4,0,Inf,1,1.1441647597254005e-4,1.1441647597254005e-4,Inf,1,FALSE,FALSE,Not_significant
VFG018114(gb|WP_000728969),,1,0,8739,2839,8740,2839,1.1441647597254005e-4,0,Inf,1,1.1441647597254005e-4,1.1441647597254005e-4,Inf,1,FALSE,FALSE,Not_significant
VFG018201(gb|WP_000730985),,1,0,8739,2839,8740,2839,1.1441647597254005e-4,0,Inf,1,1.1441647597254005e-4,1.1441647597254005e-4,Inf,1,FALSE,FALSE,Not_significant
VFG018202(gb|WP_000730982),,1,0,8739,2839,8740,2839,1.1441647597254005e-4,0,Inf,1,1.1441647597254005e-4,1.1441647597254005e-4,Inf,1,FALSE,FALSE,Not_significant
VFG018203(gb|WP_000095070),,1,0,8739,2839,8740,2839,1.1441647597254005e-4,0,Inf,1,1.1441647597254005e-4,1.1441647597254005e-4,Inf,1,FALSE,FALSE,Not_significant
VFG018204(gb|WP_000730982),,1,0,8739,2839,8740,2839,1.1441647597254005e-4,0,Inf,1,1.1441647597254005e-4,1.1441647597254005e-4,Inf,1,FALSE,FALSE,Not_significant
VFG018207(gb|WP_000716404),,1,0,8739,2839,8740,2839,1.1441647597254005e-4,0,Inf,1,1.1441647597254005e-4,1.1441647597254005e-4,Inf,1,FALSE,FALSE,Not_significant
VFG018208(gb|WP_000716404),,1,0,8739,2839,8740,2839,1.1441647597254005e-4,0,Inf,1,1.1441647597254005e-4,1.1441647597254005e-4,Inf,1,FALSE,FALSE,Not_significant
VFG018209(gb|WP_000716404),,1,0,8739,2839,8740,2839,1.1441647597254005e-4,0,Inf,1,1.1441647597254005e-4,1.1441647597254005e-4,Inf,1,FALSE,FALSE,Not_significant
VFG018308(gb|WP_001160719),,1,0,8739,2839,8740,2839,1.1441647597254005e-4,0,Inf,1,1.1441647597254005e-4,1.1441647597254005e-4,Inf,1,FALSE,FALSE,Not_significant
VFG018321,,1,0,8739,2839,8740,2839,1.1441647597254005e-4,0,Inf,1,1.1441647597254005e-4,1.1441647597254005e-4,Inf,1,FALSE,FALSE,Not_significant
VFG018348,,1,0,8739,2839,8740,2839,1.1441647597254005e-4,0,Inf,1,1.1441647597254005e-4,1.1441647597254005e-4,Inf,1,FALSE,FALSE,Not_significant
VFG018349(gb|WP_000914251),,1,0,8739,2839,8740,2839,1.1441647597254005e-4,0,Inf,1,1.1441647597254005e-4,1.1441647597254005e-4,Inf,1,FALSE,FALSE,Not_significant
VFG018391(gb|WP_000837127),,1,0,8739,2839,8740,2839,1.1441647597254005e-4,0,Inf,1,1.1441647597254005e-4,1.1441647597254005e-4,Inf,1,FALSE,FALSE,Not_significant
VFG018403(gb|WP_000131294),,1,0,8739,2839,8740,2839,1.1441647597254005e-4,0,Inf,1,1.1441647597254005e-4,1.1441647597254005e-4,Inf,1,FALSE,FALSE,Not_significant
VFG018496(gb|WP_001166949),,1,0,8739,2839,8740,2839,1.1441647597254005e-4,0,Inf,1,1.1441647597254005e-4,1.1441647597254005e-4,Inf,1,FALSE,FALSE,Not_significant
VFG018499(gb|WP_000245788),,1,0,8739,2839,8740,2839,1.1441647597254005e-4,0,Inf,1,1.1441647597254005e-4,1.1441647597254005e-4,Inf,1,FALSE,FALSE,Not_significant
VFG018503(gb|WP_000258818),,1,0,8739,2839,8740,2839,1.1441647597254005e-4,0,Inf,1,1.1441647597254005e-4,1.1441647597254005e-4,Inf,1,FALSE,FALSE,Not_significant
VFG018766(gb|WP_200858480),,1,0,8739,2839,8740,2839,1.1441647597254005e-4,0,Inf,1,1.1441647597254005e-4,1.1441647597254005e-4,Inf,1,FALSE,FALSE,Not_significant
VFG018768(gb|WP_164732682),,1,0,8739,2839,8740,2839,1.1441647597254005e-4,0,Inf,1,1.1441647597254005e-4,1.1441647597254005e-4,Inf,1,FALSE,FALSE,Not_significant
VFG018769(gb|WP_164729439),,1,0,8739,2839,8740,2839,1.1441647597254005e-4,0,Inf,1,1.1441647597254005e-4,1.1441647597254005e-4,Inf,1,FALSE,FALSE,Not_significant
VFG018921(gb|WP_012229554),,1,0,8739,2839,8740,2839,1.1441647597254005e-4,0,Inf,1,1.1441647597254005e-4,1.1441647597254005e-4,Inf,1,FALSE,FALSE,Not_significant
VFG018924(gb|WP_012229555),,1,0,8739,2839,8740,2839,1.1441647597254005e-4,0,Inf,1,1.1441647597254005e-4,1.1441647597254005e-4,Inf,1,FALSE,FALSE,Not_significant
VFG019674,,1,0,8739,2839,8740,2839,1.1441647597254005e-4,0,Inf,1,1.1441647597254005e-4,1.1441647597254005e-4,Inf,1,FALSE,FALSE,Not_significant
VFG019828(gb|WP_015885195),,1,0,8739,2839,8740,2839,1.1441647597254005e-4,0,Inf,1,1.1441647597254005e-4,1.1441647597254005e-4,Inf,1,FALSE,FALSE,Not_significant
VFG020167(gb|WP_000750143),,1,0,8739,2839,8740,2839,1.1441647597254005e-4,0,Inf,1,1.1441647597254005e-4,1.1441647597254005e-4,Inf,1,FALSE,FALSE,Not_significant
VFG020171(gb|WP_000026762),,1,0,8739,2839,8740,2839,1.1441647597254005e-4,0,Inf,1,1.1441647597254005e-4,1.1441647597254005e-4,Inf,1,FALSE,FALSE,Not_significant
VFG020422(gb|WP_001120085),,1,0,8739,2839,8740,2839,1.1441647597254005e-4,0,Inf,1,1.1441647597254005e-4,1.1441647597254005e-4,Inf,1,FALSE,FALSE,Not_significant
VFG020423(gb|WP_001120077),,1,0,8739,2839,8740,2839,1.1441647597254005e-4,0,Inf,1,1.1441647597254005e-4,1.1441647597254005e-4,Inf,1,FALSE,FALSE,Not_significant
VFG020427(gb|WP_001120085),,1,0,8739,2839,8740,2839,1.1441647597254005e-4,0,Inf,1,1.1441647597254005e-4,1.1441647597254005e-4,Inf,1,FALSE,FALSE,Not_significant
VFG020428(gb|WP_001120090),,1,0,8739,2839,8740,2839,1.1441647597254005e-4,0,Inf,1,1.1441647597254005e-4,1.1441647597254005e-4,Inf,1,FALSE,FALSE,Not_significant
VFG020610(gb|WP_000258808),,1,0,8739,2839,8740,2839,1.1441647597254005e-4,0,Inf,1,1.1441647597254005e-4,1.1441647597254005e-4,Inf,1,FALSE,FALSE,Not_significant
VFG020611(gb|WP_000258824),,1,0,8739,2839,8740,2839,1.1441647597254005e-4,0,Inf,1,1.1441647597254005e-4,1.1441647597254005e-4,Inf,1,FALSE,FALSE,Not_significant
VFG020612(gb|WP_000258819),,1,0,8739,2839,8740,2839,1.1441647597254005e-4,0,Inf,1,1.1441647597254005e-4,1.1441647597254005e-4,Inf,1,FALSE,FALSE,Not_significant
VFG020614(gb|WP_000258805),,1,0,8739,2839,8740,2839,1.1441647597254005e-4,0,Inf,1,1.1441647597254005e-4,1.1441647597254005e-4,Inf,1,FALSE,FALSE,Not_significant
VFG020615(gb|WP_000258819),,1,0,8739,2839,8740,2839,1.1441647597254005e-4,0,Inf,1,1.1441647597254005e-4,1.1441647597254005e-4,Inf,1,FALSE,FALSE,Not_significant
VFG020617(gb|WP_000258807),,1,0,8739,2839,8740,2839,1.1441647597254005e-4,0,Inf,1,1.1441647597254005e-4,1.1441647597254005e-4,Inf,1,FALSE,FALSE,Not_significant
VFG020627(gb|WP_000245785),,1,0,8739,2839,8740,2839,1.1441647597254005e-4,0,Inf,1,1.1441647597254005e-4,1.1441647597254005e-4,Inf,1,FALSE,FALSE,Not_significant
VFG020628(gb|WP_000245788),,1,0,8739,2839,8740,2839,1.1441647597254005e-4,0,Inf,1,1.1441647597254005e-4,1.1441647597254005e-4,Inf,1,FALSE,FALSE,Not_significant
VFG020629(gb|WP_000245782),,1,0,8739,2839,8740,2839,1.1441647597254005e-4,0,Inf,1,1.1441647597254005e-4,1.1441647597254005e-4,Inf,1,FALSE,FALSE,Not_significant
VFG020630(gb|WP_000245788),,1,0,8739,2839,8740,2839,1.1441647597254005e-4,0,Inf,1,1.1441647597254005e-4,1.1441647597254005e-4,Inf,1,FALSE,FALSE,Not_significant
VFG020632(gb|WP_000245787),,1,0,8739,2839,8740,2839,1.1441647597254005e-4,0,Inf,1,1.1441647597254005e-4,1.1441647597254005e-4,Inf,1,FALSE,FALSE,Not_significant
VFG020633(gb|WP_000245788),,1,0,8739,2839,8740,2839,1.1441647597254005e-4,0,Inf,1,1.1441647597254005e-4,1.1441647597254005e-4,Inf,1,FALSE,FALSE,Not_significant
VFG020634(gb|WP_000245782),,1,0,8739,2839,8740,2839,1.1441647597254005e-4,0,Inf,1,1.1441647597254005e-4,1.1441647597254005e-4,Inf,1,FALSE,FALSE,Not_significant
VFG020635(gb|WP_000245782),,1,0,8739,2839,8740,2839,1.1441647597254005e-4,0,Inf,1,1.1441647597254005e-4,1.1441647597254005e-4,Inf,1,FALSE,FALSE,Not_significant
VFG020647(gb|WP_001166961),,1,0,8739,2839,8740,2839,1.1441647597254005e-4,0,Inf,1,1.1441647597254005e-4,1.1441647597254005e-4,Inf,1,FALSE,FALSE,Not_significant
VFG020648(gb|WP_001166952),,1,0,8739,2839,8740,2839,1.1441647597254005e-4,0,Inf,1,1.1441647597254005e-4,1.1441647597254005e-4,Inf,1,FALSE,FALSE,Not_significant
VFG020649(gb|WP_001166949),,1,0,8739,2839,8740,2839,1.1441647597254005e-4,0,Inf,1,1.1441647597254005e-4,1.1441647597254005e-4,Inf,1,FALSE,FALSE,Not_significant
VFG020650(gb|WP_001166951),,1,0,8739,2839,8740,2839,1.1441647597254005e-4,0,Inf,1,1.1441647597254005e-4,1.1441647597254005e-4,Inf,1,FALSE,FALSE,Not_significant
VFG020651(gb|WP_001166950),,1,0,8739,2839,8740,2839,1.1441647597254005e-4,0,Inf,1,1.1441647597254005e-4,1.1441647597254005e-4,Inf,1,FALSE,FALSE,Not_significant
VFG020652(gb|WP_001166962),,1,0,8739,2839,8740,2839,1.1441647597254005e-4,0,Inf,1,1.1441647597254005e-4,1.1441647597254005e-4,Inf,1,FALSE,FALSE,Not_significant
VFG020653(gb|WP_001166958),,1,0,8739,2839,8740,2839,1.1441647597254005e-4,0,Inf,1,1.1441647597254005e-4,1.1441647597254005e-4,Inf,1,FALSE,FALSE,Not_significant
VFG021052(gb|WP_000131297),,1,0,8739,2839,8740,2839,1.1441647597254005e-4,0,Inf,1,1.1441647597254005e-4,1.1441647597254005e-4,Inf,1,FALSE,FALSE,Not_significant
VFG021053(gb|WP_000131302),,1,0,8739,2839,8740,2839,1.1441647597254005e-4,0,Inf,1,1.1441647597254005e-4,1.1441647597254005e-4,Inf,1,FALSE,FALSE,Not_significant
VFG021054(gb|WP_000131291),,1,0,8739,2839,8740,2839,1.1441647597254005e-4,0,Inf,1,1.1441647597254005e-4,1.1441647597254005e-4,Inf,1,FALSE,FALSE,Not_significant
VFG021055(gb|WP_000131287),,1,0,8739,2839,8740,2839,1.1441647597254005e-4,0,Inf,1,1.1441647597254005e-4,1.1441647597254005e-4,Inf,1,FALSE,FALSE,Not_significant
VFG021056(gb|WP_000131277),,1,0,8739,2839,8740,2839,1.1441647597254005e-4,0,Inf,1,1.1441647597254005e-4,1.1441647597254005e-4,Inf,1,FALSE,FALSE,Not_significant
VFG021057(gb|WP_000131284),,1,0,8739,2839,8740,2839,1.1441647597254005e-4,0,Inf,1,1.1441647597254005e-4,1.1441647597254005e-4,Inf,1,FALSE,FALSE,Not_significant
VFG021058(gb|WP_000131298),,1,0,8739,2839,8740,2839,1.1441647597254005e-4,0,Inf,1,1.1441647597254005e-4,1.1441647597254005e-4,Inf,1,FALSE,FALSE,Not_significant
VFG021059(gb|WP_000131296),,1,0,8739,2839,8740,2839,1.1441647597254005e-4,0,Inf,1,1.1441647597254005e-4,1.1441647597254005e-4,Inf,1,FALSE,FALSE,Not_significant
VFG021120,,1,0,8739,2839,8740,2839,1.1441647597254005e-4,0,Inf,1,1.1441647597254005e-4,1.1441647597254005e-4,Inf,1,FALSE,FALSE,Not_significant
VFG021121(gb|WP_000375804),,1,0,8739,2839,8740,2839,1.1441647597254005e-4,0,Inf,1,1.1441647597254005e-4,1.1441647597254005e-4,Inf,1,FALSE,FALSE,Not_significant
VFG021122,,1,0,8739,2839,8740,2839,1.1441647597254005e-4,0,Inf,1,1.1441647597254005e-4,1.1441647597254005e-4,Inf,1,FALSE,FALSE,Not_significant
VFG021123,,1,0,8739,2839,8740,2839,1.1441647597254005e-4,0,Inf,1,1.1441647597254005e-4,1.1441647597254005e-4,Inf,1,FALSE,FALSE,Not_significant
VFG021124,,1,0,8739,2839,8740,2839,1.1441647597254005e-4,0,Inf,1,1.1441647597254005e-4,1.1441647597254005e-4,Inf,1,FALSE,FALSE,Not_significant
VFG021125(gb|WP_000375785),,1,0,8739,2839,8740,2839,1.1441647597254005e-4,0,Inf,1,1.1441647597254005e-4,1.1441647597254005e-4,Inf,1,FALSE,FALSE,Not_significant
VFG021126(gb|WP_000375782),,1,0,8739,2839,8740,2839,1.1441647597254005e-4,0,Inf,1,1.1441647597254005e-4,1.1441647597254005e-4,Inf,1,FALSE,FALSE,Not_significant
VFG021335(gb|WP_000792956),,1,0,8739,2839,8740,2839,1.1441647597254005e-4,0,Inf,1,1.1441647597254005e-4,1.1441647597254005e-4,Inf,1,FALSE,FALSE,Not_significant
VFG021336(gb|WP_000792960),,1,0,8739,2839,8740,2839,1.1441647597254005e-4,0,Inf,1,1.1441647597254005e-4,1.1441647597254005e-4,Inf,1,FALSE,FALSE,Not_significant
VFG021337(gb|WP_000792957),,1,0,8739,2839,8740,2839,1.1441647597254005e-4,0,Inf,1,1.1441647597254005e-4,1.1441647597254005e-4,Inf,1,FALSE,FALSE,Not_significant
VFG021339(gb|WP_000792958),,1,0,8739,2839,8740,2839,1.1441647597254005e-4,0,Inf,1,1.1441647597254005e-4,1.1441647597254005e-4,Inf,1,FALSE,FALSE,Not_significant
VFG021341(gb|WP_000792957),,1,0,8739,2839,8740,2839,1.1441647597254005e-4,0,Inf,1,1.1441647597254005e-4,1.1441647597254005e-4,Inf,1,FALSE,FALSE,Not_significant
VFG021342(gb|WP_000914256),,1,0,8739,2839,8740,2839,1.1441647597254005e-4,0,Inf,1,1.1441647597254005e-4,1.1441647597254005e-4,Inf,1,FALSE,FALSE,Not_significant
VFG021344(gb|WP_000914254),,1,0,8739,2839,8740,2839,1.1441647597254005e-4,0,Inf,1,1.1441647597254005e-4,1.1441647597254005e-4,Inf,1,FALSE,FALSE,Not_significant
VFG021346(gb|WP_000914254),,1,0,8739,2839,8740,2839,1.1441647597254005e-4,0,Inf,1,1.1441647597254005e-4,1.1441647597254005e-4,Inf,1,FALSE,FALSE,Not_significant
VFG021348(gb|WP_000914255),,1,0,8739,2839,8740,2839,1.1441647597254005e-4,0,Inf,1,1.1441647597254005e-4,1.1441647597254005e-4,Inf,1,FALSE,FALSE,Not_significant
VFG021349(gb|WP_000220309),,1,0,8739,2839,8740,2839,1.1441647597254005e-4,0,Inf,1,1.1441647597254005e-4,1.1441647597254005e-4,Inf,1,FALSE,FALSE,Not_significant
VFG021350(gb|WP_000220316),,1,0,8739,2839,8740,2839,1.1441647597254005e-4,0,Inf,1,1.1441647597254005e-4,1.1441647597254005e-4,Inf,1,FALSE,FALSE,Not_significant
VFG021351,,1,0,8739,2839,8740,2839,1.1441647597254005e-4,0,Inf,1,1.1441647597254005e-4,1.1441647597254005e-4,Inf,1,FALSE,FALSE,Not_significant
VFG021352(gb|WP_000220313),,1,0,8739,2839,8740,2839,1.1441647597254005e-4,0,Inf,1,1.1441647597254005e-4,1.1441647597254005e-4,Inf,1,FALSE,FALSE,Not_significant
VFG021353,,1,0,8739,2839,8740,2839,1.1441647597254005e-4,0,Inf,1,1.1441647597254005e-4,1.1441647597254005e-4,Inf,1,FALSE,FALSE,Not_significant
VFG021355(gb|WP_000220311),,1,0,8739,2839,8740,2839,1.1441647597254005e-4,0,Inf,1,1.1441647597254005e-4,1.1441647597254005e-4,Inf,1,FALSE,FALSE,Not_significant
VFG021516(gb|WP_000981787),,1,0,8739,2839,8740,2839,1.1441647597254005e-4,0,Inf,1,1.1441647597254005e-4,1.1441647597254005e-4,Inf,1,FALSE,FALSE,Not_significant
VFG021517(gb|WP_000981798),,1,0,8739,2839,8740,2839,1.1441647597254005e-4,0,Inf,1,1.1441647597254005e-4,1.1441647597254005e-4,Inf,1,FALSE,FALSE,Not_significant
VFG021518(gb|WP_000981797),,1,0,8739,2839,8740,2839,1.1441647597254005e-4,0,Inf,1,1.1441647597254005e-4,1.1441647597254005e-4,Inf,1,FALSE,FALSE,Not_significant
VFG021519(gb|WP_000981799),,1,0,8739,2839,8740,2839,1.1441647597254005e-4,0,Inf,1,1.1441647597254005e-4,1.1441647597254005e-4,Inf,1,FALSE,FALSE,Not_significant
VFG021520(gb|WP_000981789),,1,0,8739,2839,8740,2839,1.1441647597254005e-4,0,Inf,1,1.1441647597254005e-4,1.1441647597254005e-4,Inf,1,FALSE,FALSE,Not_significant
VFG021521(gb|WP_000981807),,1,0,8739,2839,8740,2839,1.1441647597254005e-4,0,Inf,1,1.1441647597254005e-4,1.1441647597254005e-4,Inf,1,FALSE,FALSE,Not_significant
VFG021620(gb|WP_001160718),,1,0,8739,2839,8740,2839,1.1441647597254005e-4,0,Inf,1,1.1441647597254005e-4,1.1441647597254005e-4,Inf,1,FALSE,FALSE,Not_significant
VFG021621(gb|WP_001160699),,1,0,8739,2839,8740,2839,1.1441647597254005e-4,0,Inf,1,1.1441647597254005e-4,1.1441647597254005e-4,Inf,1,FALSE,FALSE,Not_significant
VFG021622(gb|WP_001160704),,1,0,8739,2839,8740,2839,1.1441647597254005e-4,0,Inf,1,1.1441647597254005e-4,1.1441647597254005e-4,Inf,1,FALSE,FALSE,Not_significant
VFG021623(gb|WP_001160707),,1,0,8739,2839,8740,2839,1.1441647597254005e-4,0,Inf,1,1.1441647597254005e-4,1.1441647597254005e-4,Inf,1,FALSE,FALSE,Not_significant
VFG021624(gb|WP_001160707),,1,0,8739,2839,8740,2839,1.1441647597254005e-4,0,Inf,1,1.1441647597254005e-4,1.1441647597254005e-4,Inf,1,FALSE,FALSE,Not_significant
VFG021625(gb|WP_001160707),,1,0,8739,2839,8740,2839,1.1441647597254005e-4,0,Inf,1,1.1441647597254005e-4,1.1441647597254005e-4,Inf,1,FALSE,FALSE,Not_significant
VFG021626(gb|WP_001160700),,1,0,8739,2839,8740,2839,1.1441647597254005e-4,0,Inf,1,1.1441647597254005e-4,1.1441647597254005e-4,Inf,1,FALSE,FALSE,Not_significant
VFG021632,,1,0,8739,2839,8740,2839,1.1441647597254005e-4,0,Inf,1,1.1441647597254005e-4,1.1441647597254005e-4,Inf,1,FALSE,FALSE,Not_significant
VFG021743(gb|WP_000007887),,1,0,8739,2839,8740,2839,1.1441647597254005e-4,0,Inf,1,1.1441647597254005e-4,1.1441647597254005e-4,Inf,1,FALSE,FALSE,Not_significant
VFG021860(gb|WP_011726611),,1,0,8739,2839,8740,2839,1.1441647597254005e-4,0,Inf,1,1.1441647597254005e-4,1.1441647597254005e-4,Inf,1,FALSE,FALSE,Not_significant
VFG022415(gb|WP_014001494),,1,0,8739,2839,8740,2839,1.1441647597254005e-4,0,Inf,1,1.1441647597254005e-4,1.1441647597254005e-4,Inf,1,FALSE,FALSE,Not_significant
VFG022934(gb|WP_020726450),,1,0,8739,2839,8740,2839,1.1441647597254005e-4,0,Inf,1,1.1441647597254005e-4,1.1441647597254005e-4,Inf,1,FALSE,FALSE,Not_significant
VFG023843(gb|WP_013471682),,1,0,8739,2839,8740,2839,1.1441647597254005e-4,0,Inf,1,1.1441647597254005e-4,1.1441647597254005e-4,Inf,1,FALSE,FALSE,Not_significant
VFG027131(gb|WP_015309447),,1,0,8739,2839,8740,2839,1.1441647597254005e-4,0,Inf,1,1.1441647597254005e-4,1.1441647597254005e-4,Inf,1,FALSE,FALSE,Not_significant
VFG027210(gb|WP_020726450),,1,0,8739,2839,8740,2839,1.1441647597254005e-4,0,Inf,1,1.1441647597254005e-4,1.1441647597254005e-4,Inf,1,FALSE,FALSE,Not_significant
VFG029827(gb|WP_011777591),,1,0,8739,2839,8740,2839,1.1441647597254005e-4,0,Inf,1,1.1441647597254005e-4,1.1441647597254005e-4,Inf,1,FALSE,FALSE,Not_significant
VFG030678(gb|WP_011894706),,1,0,8739,2839,8740,2839,1.1441647597254005e-4,0,Inf,1,1.1441647597254005e-4,1.1441647597254005e-4,Inf,1,FALSE,FALSE,Not_significant
VFG030694(gb|WP_013471930),,1,0,8739,2839,8740,2839,1.1441647597254005e-4,0,Inf,1,1.1441647597254005e-4,1.1441647597254005e-4,Inf,1,FALSE,FALSE,Not_significant
VFG033183(gb|WP_000044708),,1,0,8739,2839,8740,2839,1.1441647597254005e-4,0,Inf,1,1.1441647597254005e-4,1.1441647597254005e-4,Inf,1,FALSE,FALSE,Not_significant
VFG033184(gb|WP_000044700),,1,0,8739,2839,8740,2839,1.1441647597254005e-4,0,Inf,1,1.1441647597254005e-4,1.1441647597254005e-4,Inf,1,FALSE,FALSE,Not_significant
VFG033189(gb|WP_000044711),,1,0,8739,2839,8740,2839,1.1441647597254005e-4,0,Inf,1,1.1441647597254005e-4,1.1441647597254005e-4,Inf,1,FALSE,FALSE,Not_significant
VFG033190(gb|WP_000044711),,1,0,8739,2839,8740,2839,1.1441647597254005e-4,0,Inf,1,1.1441647597254005e-4,1.1441647597254005e-4,Inf,1,FALSE,FALSE,Not_significant
VFG033191(gb|WP_000044711),,1,0,8739,2839,8740,2839,1.1441647597254005e-4,0,Inf,1,1.1441647597254005e-4,1.1441647597254005e-4,Inf,1,FALSE,FALSE,Not_significant
VFG033192(gb|WP_000044711),,1,0,8739,2839,8740,2839,1.1441647597254005e-4,0,Inf,1,1.1441647597254005e-4,1.1441647597254005e-4,Inf,1,FALSE,FALSE,Not_significant
VFG033194(gb|WP_000044711),,1,0,8739,2839,8740,2839,1.1441647597254005e-4,0,Inf,1,1.1441647597254005e-4,1.1441647597254005e-4,Inf,1,FALSE,FALSE,Not_significant
VFG033196(gb|WP_000044700),,1,0,8739,2839,8740,2839,1.1441647597254005e-4,0,Inf,1,1.1441647597254005e-4,1.1441647597254005e-4,Inf,1,FALSE,FALSE,Not_significant
VFG033197(gb|WP_000044711),,1,0,8739,2839,8740,2839,1.1441647597254005e-4,0,Inf,1,1.1441647597254005e-4,1.1441647597254005e-4,Inf,1,FALSE,FALSE,Not_significant
VFG033200(gb|WP_000044711),,1,0,8739,2839,8740,2839,1.1441647597254005e-4,0,Inf,1,1.1441647597254005e-4,1.1441647597254005e-4,Inf,1,FALSE,FALSE,Not_significant
VFG033839(gb|WP_000820379),,1,0,8739,2839,8740,2839,1.1441647597254005e-4,0,Inf,1,1.1441647597254005e-4,1.1441647597254005e-4,Inf,1,FALSE,FALSE,Not_significant
VFG033842(gb|WP_000820381),,1,0,8739,2839,8740,2839,1.1441647597254005e-4,0,Inf,1,1.1441647597254005e-4,1.1441647597254005e-4,Inf,1,FALSE,FALSE,Not_significant
VFG033845(gb|WP_015675060),,1,0,8739,2839,8740,2839,1.1441647597254005e-4,0,Inf,1,1.1441647597254005e-4,1.1441647597254005e-4,Inf,1,FALSE,FALSE,Not_significant
VFG033846(gb|WP_000820391),,1,0,8739,2839,8740,2839,1.1441647597254005e-4,0,Inf,1,1.1441647597254005e-4,1.1441647597254005e-4,Inf,1,FALSE,FALSE,Not_significant
VFG033952(gb|WP_000750137),,1,0,8739,2839,8740,2839,1.1441647597254005e-4,0,Inf,1,1.1441647597254005e-4,1.1441647597254005e-4,Inf,1,FALSE,FALSE,Not_significant
VFG033954(gb|WP_000750143),,1,0,8739,2839,8740,2839,1.1441647597254005e-4,0,Inf,1,1.1441647597254005e-4,1.1441647597254005e-4,Inf,1,FALSE,FALSE,Not_significant
VFG033958(gb|WP_000750130),,1,0,8739,2839,8740,2839,1.1441647597254005e-4,0,Inf,1,1.1441647597254005e-4,1.1441647597254005e-4,Inf,1,FALSE,FALSE,Not_significant
VFG034041(gb|WP_000654453),,1,0,8739,2839,8740,2839,1.1441647597254005e-4,0,Inf,1,1.1441647597254005e-4,1.1441647597254005e-4,Inf,1,FALSE,FALSE,Not_significant
VFG034045(gb|WP_001304269),,1,0,8739,2839,8740,2839,1.1441647597254005e-4,0,Inf,1,1.1441647597254005e-4,1.1441647597254005e-4,Inf,1,FALSE,FALSE,Not_significant
VFG034046(gb|WP_001304269),,1,0,8739,2839,8740,2839,1.1441647597254005e-4,0,Inf,1,1.1441647597254005e-4,1.1441647597254005e-4,Inf,1,FALSE,FALSE,Not_significant
VFG034047(gb|WP_001304269),,1,0,8739,2839,8740,2839,1.1441647597254005e-4,0,Inf,1,1.1441647597254005e-4,1.1441647597254005e-4,Inf,1,FALSE,FALSE,Not_significant
VFG034048(gb|WP_024256148),,1,0,8739,2839,8740,2839,1.1441647597254005e-4,0,Inf,1,1.1441647597254005e-4,1.1441647597254005e-4,Inf,1,FALSE,FALSE,Not_significant
VFG034049(gb|WP_000654452),,1,0,8739,2839,8740,2839,1.1441647597254005e-4,0,Inf,1,1.1441647597254005e-4,1.1441647597254005e-4,Inf,1,FALSE,FALSE,Not_significant
VFG034050(gb|WP_001446633),,1,0,8739,2839,8740,2839,1.1441647597254005e-4,0,Inf,1,1.1441647597254005e-4,1.1441647597254005e-4,Inf,1,FALSE,FALSE,Not_significant
VFG034051(gb|WP_014639938),,1,0,8739,2839,8740,2839,1.1441647597254005e-4,0,Inf,1,1.1441647597254005e-4,1.1441647597254005e-4,Inf,1,FALSE,FALSE,Not_significant
VFG034054(gb|WP_001304269),,1,0,8739,2839,8740,2839,1.1441647597254005e-4,0,Inf,1,1.1441647597254005e-4,1.1441647597254005e-4,Inf,1,FALSE,FALSE,Not_significant
VFG034056(gb|WP_001608389),,1,0,8739,2839,8740,2839,1.1441647597254005e-4,0,Inf,1,1.1441647597254005e-4,1.1441647597254005e-4,Inf,1,FALSE,FALSE,Not_significant
VFG034092(gb|WP_000623021),,1,0,8739,2839,8740,2839,1.1441647597254005e-4,0,Inf,1,1.1441647597254005e-4,1.1441647597254005e-4,Inf,1,FALSE,FALSE,Not_significant
VFG034095(gb|WP_000623054),,1,0,8739,2839,8740,2839,1.1441647597254005e-4,0,Inf,1,1.1441647597254005e-4,1.1441647597254005e-4,Inf,1,FALSE,FALSE,Not_significant
VFG034096(gb|WP_000623033),,1,0,8739,2839,8740,2839,1.1441647597254005e-4,0,Inf,1,1.1441647597254005e-4,1.1441647597254005e-4,Inf,1,FALSE,FALSE,Not_significant
VFG034097(gb|WP_000623050),,1,0,8739,2839,8740,2839,1.1441647597254005e-4,0,Inf,1,1.1441647597254005e-4,1.1441647597254005e-4,Inf,1,FALSE,FALSE,Not_significant
VFG034098(gb|WP_000623046),,1,0,8739,2839,8740,2839,1.1441647597254005e-4,0,Inf,1,1.1441647597254005e-4,1.1441647597254005e-4,Inf,1,FALSE,FALSE,Not_significant
VFG034099(gb|WP_000623032),,1,0,8739,2839,8740,2839,1.1441647597254005e-4,0,Inf,1,1.1441647597254005e-4,1.1441647597254005e-4,Inf,1,FALSE,FALSE,Not_significant
VFG034100(gb|WP_000623045),,1,0,8739,2839,8740,2839,1.1441647597254005e-4,0,Inf,1,1.1441647597254005e-4,1.1441647597254005e-4,Inf,1,FALSE,FALSE,Not_significant
VFG034101(gb|WP_000623067),,1,0,8739,2839,8740,2839,1.1441647597254005e-4,0,Inf,1,1.1441647597254005e-4,1.1441647597254005e-4,Inf,1,FALSE,FALSE,Not_significant
VFG034102(gb|WP_000623034),,1,0,8739,2839,8740,2839,1.1441647597254005e-4,0,Inf,1,1.1441647597254005e-4,1.1441647597254005e-4,Inf,1,FALSE,FALSE,Not_significant
VFG034105(gb|WP_000623050),,1,0,8739,2839,8740,2839,1.1441647597254005e-4,0,Inf,1,1.1441647597254005e-4,1.1441647597254005e-4,Inf,1,FALSE,FALSE,Not_significant
VFG034106(gb|WP_021565660),,1,0,8739,2839,8740,2839,1.1441647597254005e-4,0,Inf,1,1.1441647597254005e-4,1.1441647597254005e-4,Inf,1,FALSE,FALSE,Not_significant
VFG034107(gb|WP_000623036),,1,0,8739,2839,8740,2839,1.1441647597254005e-4,0,Inf,1,1.1441647597254005e-4,1.1441647597254005e-4,Inf,1,FALSE,FALSE,Not_significant
VFG034108(gb|WP_000623037),,1,0,8739,2839,8740,2839,1.1441647597254005e-4,0,Inf,1,1.1441647597254005e-4,1.1441647597254005e-4,Inf,1,FALSE,FALSE,Not_significant
VFG034264(gb|WP_000089596),,1,0,8739,2839,8740,2839,1.1441647597254005e-4,0,Inf,1,1.1441647597254005e-4,1.1441647597254005e-4,Inf,1,FALSE,FALSE,Not_significant
VFG034265(gb|WP_000089590),,1,0,8739,2839,8740,2839,1.1441647597254005e-4,0,Inf,1,1.1441647597254005e-4,1.1441647597254005e-4,Inf,1,FALSE,FALSE,Not_significant
VFG034266(gb|WP_000089589),,1,0,8739,2839,8740,2839,1.1441647597254005e-4,0,Inf,1,1.1441647597254005e-4,1.1441647597254005e-4,Inf,1,FALSE,FALSE,Not_significant
VFG034271(gb|WP_000089597),,1,0,8739,2839,8740,2839,1.1441647597254005e-4,0,Inf,1,1.1441647597254005e-4,1.1441647597254005e-4,Inf,1,FALSE,FALSE,Not_significant
VFG034272(gb|WP_000089583),,1,0,8739,2839,8740,2839,1.1441647597254005e-4,0,Inf,1,1.1441647597254005e-4,1.1441647597254005e-4,Inf,1,FALSE,FALSE,Not_significant
VFG034273(gb|WP_000089583),,1,0,8739,2839,8740,2839,1.1441647597254005e-4,0,Inf,1,1.1441647597254005e-4,1.1441647597254005e-4,Inf,1,FALSE,FALSE,Not_significant
VFG034274(gb|WP_000089583),,1,0,8739,2839,8740,2839,1.1441647597254005e-4,0,Inf,1,1.1441647597254005e-4,1.1441647597254005e-4,Inf,1,FALSE,FALSE,Not_significant
VFG034275(gb|WP_000089587),,1,0,8739,2839,8740,2839,1.1441647597254005e-4,0,Inf,1,1.1441647597254005e-4,1.1441647597254005e-4,Inf,1,FALSE,FALSE,Not_significant
VFG034278(gb|WP_000089585),,1,0,8739,2839,8740,2839,1.1441647597254005e-4,0,Inf,1,1.1441647597254005e-4,1.1441647597254005e-4,Inf,1,FALSE,FALSE,Not_significant
VFG034280(gb|WP_000089586),,1,0,8739,2839,8740,2839,1.1441647597254005e-4,0,Inf,1,1.1441647597254005e-4,1.1441647597254005e-4,Inf,1,FALSE,FALSE,Not_significant
VFG034402(gb|WP_000730982),,1,0,8739,2839,8740,2839,1.1441647597254005e-4,0,Inf,1,1.1441647597254005e-4,1.1441647597254005e-4,Inf,1,FALSE,FALSE,Not_significant
VFG034403(gb|WP_000730972),,1,0,8739,2839,8740,2839,1.1441647597254005e-4,0,Inf,1,1.1441647597254005e-4,1.1441647597254005e-4,Inf,1,FALSE,FALSE,Not_significant
VFG034405(gb|WP_000730972),,1,0,8739,2839,8740,2839,1.1441647597254005e-4,0,Inf,1,1.1441647597254005e-4,1.1441647597254005e-4,Inf,1,FALSE,FALSE,Not_significant
VFG034408(gb|WP_000730972),,1,0,8739,2839,8740,2839,1.1441647597254005e-4,0,Inf,1,1.1441647597254005e-4,1.1441647597254005e-4,Inf,1,FALSE,FALSE,Not_significant
VFG034409(gb|WP_000730968),,1,0,8739,2839,8740,2839,1.1441647597254005e-4,0,Inf,1,1.1441647597254005e-4,1.1441647597254005e-4,Inf,1,FALSE,FALSE,Not_significant
VFG034414(gb|WP_000730972),,1,0,8739,2839,8740,2839,1.1441647597254005e-4,0,Inf,1,1.1441647597254005e-4,1.1441647597254005e-4,Inf,1,FALSE,FALSE,Not_significant
VFG034417(gb|WP_000730982),,1,0,8739,2839,8740,2839,1.1441647597254005e-4,0,Inf,1,1.1441647597254005e-4,1.1441647597254005e-4,Inf,1,FALSE,FALSE,Not_significant
VFG034418(gb|WP_000730980),,1,0,8739,2839,8740,2839,1.1441647597254005e-4,0,Inf,1,1.1441647597254005e-4,1.1441647597254005e-4,Inf,1,FALSE,FALSE,Not_significant
VFG034419(gb|WP_000730974),,1,0,8739,2839,8740,2839,1.1441647597254005e-4,0,Inf,1,1.1441647597254005e-4,1.1441647597254005e-4,Inf,1,FALSE,FALSE,Not_significant
VFG034422(gb|WP_000730981),,1,0,8739,2839,8740,2839,1.1441647597254005e-4,0,Inf,1,1.1441647597254005e-4,1.1441647597254005e-4,Inf,1,FALSE,FALSE,Not_significant
VFG034424,,1,0,8739,2839,8740,2839,1.1441647597254005e-4,0,Inf,1,1.1441647597254005e-4,1.1441647597254005e-4,Inf,1,FALSE,FALSE,Not_significant
VFG034436(gb|WP_000716398),,1,0,8739,2839,8740,2839,1.1441647597254005e-4,0,Inf,1,1.1441647597254005e-4,1.1441647597254005e-4,Inf,1,FALSE,FALSE,Not_significant
VFG034445(gb|WP_000716404),,1,0,8739,2839,8740,2839,1.1441647597254005e-4,0,Inf,1,1.1441647597254005e-4,1.1441647597254005e-4,Inf,1,FALSE,FALSE,Not_significant
VFG034446(gb|WP_000716404),,1,0,8739,2839,8740,2839,1.1441647597254005e-4,0,Inf,1,1.1441647597254005e-4,1.1441647597254005e-4,Inf,1,FALSE,FALSE,Not_significant
VFG034447(gb|WP_000716398),,1,0,8739,2839,8740,2839,1.1441647597254005e-4,0,Inf,1,1.1441647597254005e-4,1.1441647597254005e-4,Inf,1,FALSE,FALSE,Not_significant
VFG034448(gb|WP_000716397),,1,0,8739,2839,8740,2839,1.1441647597254005e-4,0,Inf,1,1.1441647597254005e-4,1.1441647597254005e-4,Inf,1,FALSE,FALSE,Not_significant
VFG034451(gb|WP_014639452),,1,0,8739,2839,8740,2839,1.1441647597254005e-4,0,Inf,1,1.1441647597254005e-4,1.1441647597254005e-4,Inf,1,FALSE,FALSE,Not_significant
VFG034453(gb|WP_000716398),,1,0,8739,2839,8740,2839,1.1441647597254005e-4,0,Inf,1,1.1441647597254005e-4,1.1441647597254005e-4,Inf,1,FALSE,FALSE,Not_significant
VFG034455(gb|WP_014640100),,1,0,8739,2839,8740,2839,1.1441647597254005e-4,0,Inf,1,1.1441647597254005e-4,1.1441647597254005e-4,Inf,1,FALSE,FALSE,Not_significant
VFG034754(gb|WP_000081129),,1,0,8739,2839,8740,2839,1.1441647597254005e-4,0,Inf,1,1.1441647597254005e-4,1.1441647597254005e-4,Inf,1,FALSE,FALSE,Not_significant
VFG034756,,1,0,8739,2839,8740,2839,1.1441647597254005e-4,0,Inf,1,1.1441647597254005e-4,1.1441647597254005e-4,Inf,1,FALSE,FALSE,Not_significant
VFG036012(gb|WP_000820546),,1,0,8739,2839,8740,2839,1.1441647597254005e-4,0,Inf,1,1.1441647597254005e-4,1.1441647597254005e-4,Inf,1,FALSE,FALSE,Not_significant
VFG036017(gb|WP_000820552),,1,0,8739,2839,8740,2839,1.1441647597254005e-4,0,Inf,1,1.1441647597254005e-4,1.1441647597254005e-4,Inf,1,FALSE,FALSE,Not_significant
VFG036018(gb|WP_000820483),,1,0,8739,2839,8740,2839,1.1441647597254005e-4,0,Inf,1,1.1441647597254005e-4,1.1441647597254005e-4,Inf,1,FALSE,FALSE,Not_significant
VFG036019(gb|WP_000820574),,1,0,8739,2839,8740,2839,1.1441647597254005e-4,0,Inf,1,1.1441647597254005e-4,1.1441647597254005e-4,Inf,1,FALSE,FALSE,Not_significant
VFG036022(gb|WP_000820595),,1,0,8739,2839,8740,2839,1.1441647597254005e-4,0,Inf,1,1.1441647597254005e-4,1.1441647597254005e-4,Inf,1,FALSE,FALSE,Not_significant
VFG036023(gb|WP_000820449),,1,0,8739,2839,8740,2839,1.1441647597254005e-4,0,Inf,1,1.1441647597254005e-4,1.1441647597254005e-4,Inf,1,FALSE,FALSE,Not_significant
VFG036025(gb|WP_000820451),,1,0,8739,2839,8740,2839,1.1441647597254005e-4,0,Inf,1,1.1441647597254005e-4,1.1441647597254005e-4,Inf,1,FALSE,FALSE,Not_significant
VFG036026(gb|WP_000820483),,1,0,8739,2839,8740,2839,1.1441647597254005e-4,0,Inf,1,1.1441647597254005e-4,1.1441647597254005e-4,Inf,1,FALSE,FALSE,Not_significant
VFG036027(gb|WP_000820566),,1,0,8739,2839,8740,2839,1.1441647597254005e-4,0,Inf,1,1.1441647597254005e-4,1.1441647597254005e-4,Inf,1,FALSE,FALSE,Not_significant
VFG036202(gb|WP_193363961),,1,0,8739,2839,8740,2839,1.1441647597254005e-4,0,Inf,1,1.1441647597254005e-4,1.1441647597254005e-4,Inf,1,FALSE,FALSE,Not_significant
VFG036227(gb|WP_173277174),,1,0,8739,2839,8740,2839,1.1441647597254005e-4,0,Inf,1,1.1441647597254005e-4,1.1441647597254005e-4,Inf,1,FALSE,FALSE,Not_significant
VFG036236(gb|WP_187287147),,1,0,8739,2839,8740,2839,1.1441647597254005e-4,0,Inf,1,1.1441647597254005e-4,1.1441647597254005e-4,Inf,1,FALSE,FALSE,Not_significant
VFG036238(gb|WP_180302249),,1,0,8739,2839,8740,2839,1.1441647597254005e-4,0,Inf,1,1.1441647597254005e-4,1.1441647597254005e-4,Inf,1,FALSE,FALSE,Not_significant
VFG036247(gb|WP_193363952),,1,0,8739,2839,8740,2839,1.1441647597254005e-4,0,Inf,1,1.1441647597254005e-4,1.1441647597254005e-4,Inf,1,FALSE,FALSE,Not_significant
VFG036263(gb|WP_180303007),,1,0,8739,2839,8740,2839,1.1441647597254005e-4,0,Inf,1,1.1441647597254005e-4,1.1441647597254005e-4,Inf,1,FALSE,FALSE,Not_significant
VFG036264(gb|WP_193363957),,1,0,8739,2839,8740,2839,1.1441647597254005e-4,0,Inf,1,1.1441647597254005e-4,1.1441647597254005e-4,Inf,1,FALSE,FALSE,Not_significant
VFG036266(gb|WP_193363949),,1,0,8739,2839,8740,2839,1.1441647597254005e-4,0,Inf,1,1.1441647597254005e-4,1.1441647597254005e-4,Inf,1,FALSE,FALSE,Not_significant
VFG036268(gb|WP_179099411),,1,0,8739,2839,8740,2839,1.1441647597254005e-4,0,Inf,1,1.1441647597254005e-4,1.1441647597254005e-4,Inf,1,FALSE,FALSE,Not_significant
VFG036269(gb|WP_079875848),,1,0,8739,2839,8740,2839,1.1441647597254005e-4,0,Inf,1,1.1441647597254005e-4,1.1441647597254005e-4,Inf,1,FALSE,FALSE,Not_significant
VFG036270(gb|WP_118868808),,1,0,8739,2839,8740,2839,1.1441647597254005e-4,0,Inf,1,1.1441647597254005e-4,1.1441647597254005e-4,Inf,1,FALSE,FALSE,Not_significant
VFG036991(gb|WP_002246381),,1,0,8739,2839,8740,2839,1.1441647597254005e-4,0,Inf,1,1.1441647597254005e-4,1.1441647597254005e-4,Inf,1,FALSE,FALSE,Not_significant
VFG036992(gb|WP_002224969),,1,0,8739,2839,8740,2839,1.1441647597254005e-4,0,Inf,1,1.1441647597254005e-4,1.1441647597254005e-4,Inf,1,FALSE,FALSE,Not_significant
VFG036993(gb|WP_010951248),,1,0,8739,2839,8740,2839,1.1441647597254005e-4,0,Inf,1,1.1441647597254005e-4,1.1441647597254005e-4,Inf,1,FALSE,FALSE,Not_significant
VFG036994(gb|WP_002220428),,1,0,8739,2839,8740,2839,1.1441647597254005e-4,0,Inf,1,1.1441647597254005e-4,1.1441647597254005e-4,Inf,1,FALSE,FALSE,Not_significant
VFG036996(gb|WP_003695678),,1,0,8739,2839,8740,2839,1.1441647597254005e-4,0,Inf,1,1.1441647597254005e-4,1.1441647597254005e-4,Inf,1,FALSE,FALSE,Not_significant
VFG036997(gb|WP_014580612),,1,0,8739,2839,8740,2839,1.1441647597254005e-4,0,Inf,1,1.1441647597254005e-4,1.1441647597254005e-4,Inf,1,FALSE,FALSE,Not_significant
VFG036998(gb|WP_014573843),,1,0,8739,2839,8740,2839,1.1441647597254005e-4,0,Inf,1,1.1441647597254005e-4,1.1441647597254005e-4,Inf,1,FALSE,FALSE,Not_significant
VFG036999(gb|WP_002258682),,1,0,8739,2839,8740,2839,1.1441647597254005e-4,0,Inf,1,1.1441647597254005e-4,1.1441647597254005e-4,Inf,1,FALSE,FALSE,Not_significant
VFG037000(gb|WP_014575520),,1,0,8739,2839,8740,2839,1.1441647597254005e-4,0,Inf,1,1.1441647597254005e-4,1.1441647597254005e-4,Inf,1,FALSE,FALSE,Not_significant
VFG037001(gb|WP_002216629),,1,0,8739,2839,8740,2839,1.1441647597254005e-4,0,Inf,1,1.1441647597254005e-4,1.1441647597254005e-4,Inf,1,FALSE,FALSE,Not_significant
VFG037002(gb|WP_014575520),,1,0,8739,2839,8740,2839,1.1441647597254005e-4,0,Inf,1,1.1441647597254005e-4,1.1441647597254005e-4,Inf,1,FALSE,FALSE,Not_significant
VFG037003(gb|WP_002220428),,1,0,8739,2839,8740,2839,1.1441647597254005e-4,0,Inf,1,1.1441647597254005e-4,1.1441647597254005e-4,Inf,1,FALSE,FALSE,Not_significant
VFG037005(gb|WP_014582208),,1,0,8739,2839,8740,2839,1.1441647597254005e-4,0,Inf,1,1.1441647597254005e-4,1.1441647597254005e-4,Inf,1,FALSE,FALSE,Not_significant
VFG037008(gb|WP_013448560),,1,0,8739,2839,8740,2839,1.1441647597254005e-4,0,Inf,1,1.1441647597254005e-4,1.1441647597254005e-4,Inf,1,FALSE,FALSE,Not_significant
VFG037271,,1,0,8739,2839,8740,2839,1.1441647597254005e-4,0,Inf,1,1.1441647597254005e-4,1.1441647597254005e-4,Inf,1,FALSE,FALSE,Not_significant
VFG037272(gb|WP_001281555),,1,0,8739,2839,8740,2839,1.1441647597254005e-4,0,Inf,1,1.1441647597254005e-4,1.1441647597254005e-4,Inf,1,FALSE,FALSE,Not_significant
VFG037273(gb|WP_001281554),,1,0,8739,2839,8740,2839,1.1441647597254005e-4,0,Inf,1,1.1441647597254005e-4,1.1441647597254005e-4,Inf,1,FALSE,FALSE,Not_significant
VFG037274(gb|WP_001281538),,1,0,8739,2839,8740,2839,1.1441647597254005e-4,0,Inf,1,1.1441647597254005e-4,1.1441647597254005e-4,Inf,1,FALSE,FALSE,Not_significant
VFG037277(gb|WP_031967279),,1,0,8739,2839,8740,2839,1.1441647597254005e-4,0,Inf,1,1.1441647597254005e-4,1.1441647597254005e-4,Inf,1,FALSE,FALSE,Not_significant
VFG037278(gb|WP_139161447),,1,0,8739,2839,8740,2839,1.1441647597254005e-4,0,Inf,1,1.1441647597254005e-4,1.1441647597254005e-4,Inf,1,FALSE,FALSE,Not_significant
VFG037280(gb|WP_001281545),,1,0,8739,2839,8740,2839,1.1441647597254005e-4,0,Inf,1,1.1441647597254005e-4,1.1441647597254005e-4,Inf,1,FALSE,FALSE,Not_significant
VFG037355(gb|WP_001073031),,1,0,8739,2839,8740,2839,1.1441647597254005e-4,0,Inf,1,1.1441647597254005e-4,1.1441647597254005e-4,Inf,1,FALSE,FALSE,Not_significant
VFG037358(gb|WP_001073030),,1,0,8739,2839,8740,2839,1.1441647597254005e-4,0,Inf,1,1.1441647597254005e-4,1.1441647597254005e-4,Inf,1,FALSE,FALSE,Not_significant
VFG037512(gb|WP_079740461),,1,0,8739,2839,8740,2839,1.1441647597254005e-4,0,Inf,1,1.1441647597254005e-4,1.1441647597254005e-4,Inf,1,FALSE,FALSE,Not_significant
VFG037513(gb|WP_085947930),,1,0,8739,2839,8740,2839,1.1441647597254005e-4,0,Inf,1,1.1441647597254005e-4,1.1441647597254005e-4,Inf,1,FALSE,FALSE,Not_significant
VFG037514(gb|WP_086225839),,1,0,8739,2839,8740,2839,1.1441647597254005e-4,0,Inf,1,1.1441647597254005e-4,1.1441647597254005e-4,Inf,1,FALSE,FALSE,Not_significant
VFG037520(gb|WP_000837763),,1,0,8739,2839,8740,2839,1.1441647597254005e-4,0,Inf,1,1.1441647597254005e-4,1.1441647597254005e-4,Inf,1,FALSE,FALSE,Not_significant
VFG037521(gb|WP_000837764),,1,0,8739,2839,8740,2839,1.1441647597254005e-4,0,Inf,1,1.1441647597254005e-4,1.1441647597254005e-4,Inf,1,FALSE,FALSE,Not_significant
VFG037635(gb|WP_193759791),,1,0,8739,2839,8740,2839,1.1441647597254005e-4,0,Inf,1,1.1441647597254005e-4,1.1441647597254005e-4,Inf,1,FALSE,FALSE,Not_significant
VFG037641(gb|WP_078197625),,1,0,8739,2839,8740,2839,1.1441647597254005e-4,0,Inf,1,1.1441647597254005e-4,1.1441647597254005e-4,Inf,1,FALSE,FALSE,Not_significant
VFG037644(gb|WP_031961704),,1,0,8739,2839,8740,2839,1.1441647597254005e-4,0,Inf,1,1.1441647597254005e-4,1.1441647597254005e-4,Inf,1,FALSE,FALSE,Not_significant
VFG037790(gb|WP_000064875),,1,0,8739,2839,8740,2839,1.1441647597254005e-4,0,Inf,1,1.1441647597254005e-4,1.1441647597254005e-4,Inf,1,FALSE,FALSE,Not_significant
VFG037792(gb|WP_000064875),,1,0,8739,2839,8740,2839,1.1441647597254005e-4,0,Inf,1,1.1441647597254005e-4,1.1441647597254005e-4,Inf,1,FALSE,FALSE,Not_significant
VFG037796(gb|WP_000064875),,1,0,8739,2839,8740,2839,1.1441647597254005e-4,0,Inf,1,1.1441647597254005e-4,1.1441647597254005e-4,Inf,1,FALSE,FALSE,Not_significant
VFG037798(gb|WP_000064877),,1,0,8739,2839,8740,2839,1.1441647597254005e-4,0,Inf,1,1.1441647597254005e-4,1.1441647597254005e-4,Inf,1,FALSE,FALSE,Not_significant
VFG037801(gb|WP_000064875),,1,0,8739,2839,8740,2839,1.1441647597254005e-4,0,Inf,1,1.1441647597254005e-4,1.1441647597254005e-4,Inf,1,FALSE,FALSE,Not_significant
VFG037850(gb|WP_001075963),,1,0,8739,2839,8740,2839,1.1441647597254005e-4,0,Inf,1,1.1441647597254005e-4,1.1441647597254005e-4,Inf,1,FALSE,FALSE,Not_significant
VFG037851(gb|WP_000209932),,1,0,8739,2839,8740,2839,1.1441647597254005e-4,0,Inf,1,1.1441647597254005e-4,1.1441647597254005e-4,Inf,1,FALSE,FALSE,Not_significant
VFG037859(gb|WP_000209939),,1,0,8739,2839,8740,2839,1.1441647597254005e-4,0,Inf,1,1.1441647597254005e-4,1.1441647597254005e-4,Inf,1,FALSE,FALSE,Not_significant
VFG037963(gb|WP_001062745),,1,0,8739,2839,8740,2839,1.1441647597254005e-4,0,Inf,1,1.1441647597254005e-4,1.1441647597254005e-4,Inf,1,FALSE,FALSE,Not_significant
VFG038108(gb|WP_000045491),,1,0,8739,2839,8740,2839,1.1441647597254005e-4,0,Inf,1,1.1441647597254005e-4,1.1441647597254005e-4,Inf,1,FALSE,FALSE,Not_significant
VFG038127(gb|WP_000045503),,1,0,8739,2839,8740,2839,1.1441647597254005e-4,0,Inf,1,1.1441647597254005e-4,1.1441647597254005e-4,Inf,1,FALSE,FALSE,Not_significant
VFG038132(gb|WP_000045495),,1,0,8739,2839,8740,2839,1.1441647597254005e-4,0,Inf,1,1.1441647597254005e-4,1.1441647597254005e-4,Inf,1,FALSE,FALSE,Not_significant
VFG038133(gb|WP_000209956),,1,0,8739,2839,8740,2839,1.1441647597254005e-4,0,Inf,1,1.1441647597254005e-4,1.1441647597254005e-4,Inf,1,FALSE,FALSE,Not_significant
VFG038142(gb|WP_000045499),,1,0,8739,2839,8740,2839,1.1441647597254005e-4,0,Inf,1,1.1441647597254005e-4,1.1441647597254005e-4,Inf,1,FALSE,FALSE,Not_significant
VFG038150(gb|WP_000209936),,1,0,8739,2839,8740,2839,1.1441647597254005e-4,0,Inf,1,1.1441647597254005e-4,1.1441647597254005e-4,Inf,1,FALSE,FALSE,Not_significant
VFG038155(gb|WP_000209960),,1,0,8739,2839,8740,2839,1.1441647597254005e-4,0,Inf,1,1.1441647597254005e-4,1.1441647597254005e-4,Inf,1,FALSE,FALSE,Not_significant
VFG038159(gb|WP_001062904),,1,0,8739,2839,8740,2839,1.1441647597254005e-4,0,Inf,1,1.1441647597254005e-4,1.1441647597254005e-4,Inf,1,FALSE,FALSE,Not_significant
VFG038162(gb|WP_000209937),,1,0,8739,2839,8740,2839,1.1441647597254005e-4,0,Inf,1,1.1441647597254005e-4,1.1441647597254005e-4,Inf,1,FALSE,FALSE,Not_significant
VFG038163(gb|WP_000045509),,1,0,8739,2839,8740,2839,1.1441647597254005e-4,0,Inf,1,1.1441647597254005e-4,1.1441647597254005e-4,Inf,1,FALSE,FALSE,Not_significant
VFG038167(gb|WP_000209958),,1,0,8739,2839,8740,2839,1.1441647597254005e-4,0,Inf,1,1.1441647597254005e-4,1.1441647597254005e-4,Inf,1,FALSE,FALSE,Not_significant
VFG038170(gb|WP_000209955),,1,0,8739,2839,8740,2839,1.1441647597254005e-4,0,Inf,1,1.1441647597254005e-4,1.1441647597254005e-4,Inf,1,FALSE,FALSE,Not_significant
VFG038174(gb|WP_000777885),,1,0,8739,2839,8740,2839,1.1441647597254005e-4,0,Inf,1,1.1441647597254005e-4,1.1441647597254005e-4,Inf,1,FALSE,FALSE,Not_significant
VFG038176(gb|WP_000777882),,1,0,8739,2839,8740,2839,1.1441647597254005e-4,0,Inf,1,1.1441647597254005e-4,1.1441647597254005e-4,Inf,1,FALSE,FALSE,Not_significant
VFG038180(gb|WP_000777877),,1,0,8739,2839,8740,2839,1.1441647597254005e-4,0,Inf,1,1.1441647597254005e-4,1.1441647597254005e-4,Inf,1,FALSE,FALSE,Not_significant
VFG038182(gb|WP_000777875),,1,0,8739,2839,8740,2839,1.1441647597254005e-4,0,Inf,1,1.1441647597254005e-4,1.1441647597254005e-4,Inf,1,FALSE,FALSE,Not_significant
VFG038185(gb|WP_000777881),,1,0,8739,2839,8740,2839,1.1441647597254005e-4,0,Inf,1,1.1441647597254005e-4,1.1441647597254005e-4,Inf,1,FALSE,FALSE,Not_significant
VFG038202,,1,0,8739,2839,8740,2839,1.1441647597254005e-4,0,Inf,1,1.1441647597254005e-4,1.1441647597254005e-4,Inf,1,FALSE,FALSE,Not_significant
VFG038203(gb|WP_000446790),,1,0,8739,2839,8740,2839,1.1441647597254005e-4,0,Inf,1,1.1441647597254005e-4,1.1441647597254005e-4,Inf,1,FALSE,FALSE,Not_significant
VFG038205(gb|WP_000446779),,1,0,8739,2839,8740,2839,1.1441647597254005e-4,0,Inf,1,1.1441647597254005e-4,1.1441647597254005e-4,Inf,1,FALSE,FALSE,Not_significant
VFG038208(gb|WP_000446790),,1,0,8739,2839,8740,2839,1.1441647597254005e-4,0,Inf,1,1.1441647597254005e-4,1.1441647597254005e-4,Inf,1,FALSE,FALSE,Not_significant
VFG038209(gb|WP_020752695),,1,0,8739,2839,8740,2839,1.1441647597254005e-4,0,Inf,1,1.1441647597254005e-4,1.1441647597254005e-4,Inf,1,FALSE,FALSE,Not_significant
VFG038211(gb|WP_000446790),,1,0,8739,2839,8740,2839,1.1441647597254005e-4,0,Inf,1,1.1441647597254005e-4,1.1441647597254005e-4,Inf,1,FALSE,FALSE,Not_significant
VFG038231(gb|WP_000472465),,1,0,8739,2839,8740,2839,1.1441647597254005e-4,0,Inf,1,1.1441647597254005e-4,1.1441647597254005e-4,Inf,1,FALSE,FALSE,Not_significant
VFG038232(gb|WP_001985884),,1,0,8739,2839,8740,2839,1.1441647597254005e-4,0,Inf,1,1.1441647597254005e-4,1.1441647597254005e-4,Inf,1,FALSE,FALSE,Not_significant
VFG038237(gb|WP_000226704),,1,0,8739,2839,8740,2839,1.1441647597254005e-4,0,Inf,1,1.1441647597254005e-4,1.1441647597254005e-4,Inf,1,FALSE,FALSE,Not_significant
VFG038238(gb|WP_000226703),,1,0,8739,2839,8740,2839,1.1441647597254005e-4,0,Inf,1,1.1441647597254005e-4,1.1441647597254005e-4,Inf,1,FALSE,FALSE,Not_significant
VFG038240(gb|WP_043960856),,1,0,8739,2839,8740,2839,1.1441647597254005e-4,0,Inf,1,1.1441647597254005e-4,1.1441647597254005e-4,Inf,1,FALSE,FALSE,Not_significant
VFG038243(gb|WP_134815986),,1,0,8739,2839,8740,2839,1.1441647597254005e-4,0,Inf,1,1.1441647597254005e-4,1.1441647597254005e-4,Inf,1,FALSE,FALSE,Not_significant
VFG038678(gb|WP_011705284),,1,0,8739,2839,8740,2839,1.1441647597254005e-4,0,Inf,1,1.1441647597254005e-4,1.1441647597254005e-4,Inf,1,FALSE,FALSE,Not_significant
VFG038679(gb|WP_016350055),,1,0,8739,2839,8740,2839,1.1441647597254005e-4,0,Inf,1,1.1441647597254005e-4,1.1441647597254005e-4,Inf,1,FALSE,FALSE,Not_significant
VFG038765,,1,0,8739,2839,8740,2839,1.1441647597254005e-4,0,Inf,1,1.1441647597254005e-4,1.1441647597254005e-4,Inf,1,FALSE,FALSE,Not_significant
VFG042379(gb|ABQ43330),,1,0,8739,2839,8740,2839,1.1441647597254005e-4,0,Inf,1,1.1441647597254005e-4,1.1441647597254005e-4,Inf,1,FALSE,FALSE,Not_significant
VFG042380(gb|ABQ43328),,1,0,8739,2839,8740,2839,1.1441647597254005e-4,0,Inf,1,1.1441647597254005e-4,1.1441647597254005e-4,Inf,1,FALSE,FALSE,Not_significant
VFG042381(gb|ABQ42352),,1,0,8739,2839,8740,2839,1.1441647597254005e-4,0,Inf,1,1.1441647597254005e-4,1.1441647597254005e-4,Inf,1,FALSE,FALSE,Not_significant
VFG042401(gb|WP_001165677),,1,0,8739,2839,8740,2839,1.1441647597254005e-4,0,Inf,1,1.1441647597254005e-4,1.1441647597254005e-4,Inf,1,FALSE,FALSE,Not_significant
VFG042404,,1,0,8739,2839,8740,2839,1.1441647597254005e-4,0,Inf,1,1.1441647597254005e-4,1.1441647597254005e-4,Inf,1,FALSE,FALSE,Not_significant
VFG042732(gb|WP_002218144),,1,0,8739,2839,8740,2839,1.1441647597254005e-4,0,Inf,1,1.1441647597254005e-4,1.1441647597254005e-4,Inf,1,FALSE,FALSE,Not_significant
VFG042733(gb|WP_002214937),,1,0,8739,2839,8740,2839,1.1441647597254005e-4,0,Inf,1,1.1441647597254005e-4,1.1441647597254005e-4,Inf,1,FALSE,FALSE,Not_significant
VFG043081(gb|WP_000589319),,1,0,8739,2839,8740,2839,1.1441647597254005e-4,0,Inf,1,1.1441647597254005e-4,1.1441647597254005e-4,Inf,1,FALSE,FALSE,Not_significant
VFG043088(gb|WP_000983602),,1,0,8739,2839,8740,2839,1.1441647597254005e-4,0,Inf,1,1.1441647597254005e-4,1.1441647597254005e-4,Inf,1,FALSE,FALSE,Not_significant
VFG043092(gb|WP_010904770),,1,0,8739,2839,8740,2839,1.1441647597254005e-4,0,Inf,1,1.1441647597254005e-4,1.1441647597254005e-4,Inf,1,FALSE,FALSE,Not_significant
VFG043097(gb|WP_001291603),,1,0,8739,2839,8740,2839,1.1441647597254005e-4,0,Inf,1,1.1441647597254005e-4,1.1441647597254005e-4,Inf,1,FALSE,FALSE,Not_significant
VFG043098(gb|WP_001302091),,1,0,8739,2839,8740,2839,1.1441647597254005e-4,0,Inf,1,1.1441647597254005e-4,1.1441647597254005e-4,Inf,1,FALSE,FALSE,Not_significant
VFG043101(gb|WP_001087467),,1,0,8739,2839,8740,2839,1.1441647597254005e-4,0,Inf,1,1.1441647597254005e-4,1.1441647597254005e-4,Inf,1,FALSE,FALSE,Not_significant
VFG043115(gb|WP_001282098),,1,0,8739,2839,8740,2839,1.1441647597254005e-4,0,Inf,1,1.1441647597254005e-4,1.1441647597254005e-4,Inf,1,FALSE,FALSE,Not_significant
VFG043116(gb|WP_001302429),,1,0,8739,2839,8740,2839,1.1441647597254005e-4,0,Inf,1,1.1441647597254005e-4,1.1441647597254005e-4,Inf,1,FALSE,FALSE,Not_significant
VFG043452(gb|WP_001170264),,1,0,8739,2839,8740,2839,1.1441647597254005e-4,0,Inf,1,1.1441647597254005e-4,1.1441647597254005e-4,Inf,1,FALSE,FALSE,Not_significant
VFG043784(gb|BAC97796),,1,0,8739,2839,8740,2839,1.1441647597254005e-4,0,Inf,1,1.1441647597254005e-4,1.1441647597254005e-4,Inf,1,FALSE,FALSE,Not_significant
VFG043982(gb|CAA61099),,1,0,8739,2839,8740,2839,1.1441647597254005e-4,0,Inf,1,1.1441647597254005e-4,1.1441647597254005e-4,Inf,1,FALSE,FALSE,Not_significant
VFG044257(gb|WP_000610051),,1,0,8739,2839,8740,2839,1.1441647597254005e-4,0,Inf,1,1.1441647597254005e-4,1.1441647597254005e-4,Inf,1,FALSE,FALSE,Not_significant
VFG044258(gb|WP_001179888),,1,0,8739,2839,8740,2839,1.1441647597254005e-4,0,Inf,1,1.1441647597254005e-4,1.1441647597254005e-4,Inf,1,FALSE,FALSE,Not_significant
VFG044259(gb|WP_001795559),,1,0,8739,2839,8740,2839,1.1441647597254005e-4,0,Inf,1,1.1441647597254005e-4,1.1441647597254005e-4,Inf,1,FALSE,FALSE,Not_significant
VFG044261(gb|WP_001223700),,1,0,8739,2839,8740,2839,1.1441647597254005e-4,0,Inf,1,1.1441647597254005e-4,1.1441647597254005e-4,Inf,1,FALSE,FALSE,Not_significant
VFG044277(gb|WP_001052566),,1,0,8739,2839,8740,2839,1.1441647597254005e-4,0,Inf,1,1.1441647597254005e-4,1.1441647597254005e-4,Inf,1,FALSE,FALSE,Not_significant
VFG044325(gb|WP_002212761),,1,0,8739,2839,8740,2839,1.1441647597254005e-4,0,Inf,1,1.1441647597254005e-4,1.1441647597254005e-4,Inf,1,FALSE,FALSE,Not_significant
VFG044328(gb|WP_015874963),,1,0,8739,2839,8740,2839,1.1441647597254005e-4,0,Inf,1,1.1441647597254005e-4,1.1441647597254005e-4,Inf,1,FALSE,FALSE,Not_significant
VFG044443(gb|WP_001032773),,1,0,8739,2839,8740,2839,1.1441647597254005e-4,0,Inf,1,1.1441647597254005e-4,1.1441647597254005e-4,Inf,1,FALSE,FALSE,Not_significant
VFG045631(gb|WP_002305699),,1,0,8739,2839,8740,2839,1.1441647597254005e-4,0,Inf,1,1.1441647597254005e-4,1.1441647597254005e-4,Inf,1,FALSE,FALSE,Not_significant
VFG045632(gb|WP_002286924),,1,0,8739,2839,8740,2839,1.1441647597254005e-4,0,Inf,1,1.1441647597254005e-4,1.1441647597254005e-4,Inf,1,FALSE,FALSE,Not_significant
VFG045670(gb|WP_002286379),,1,0,8739,2839,8740,2839,1.1441647597254005e-4,0,Inf,1,1.1441647597254005e-4,1.1441647597254005e-4,Inf,1,FALSE,FALSE,Not_significant
VFG045671(gb|WP_002294628),,1,0,8739,2839,8740,2839,1.1441647597254005e-4,0,Inf,1,1.1441647597254005e-4,1.1441647597254005e-4,Inf,1,FALSE,FALSE,Not_significant
VFG045820(gb|WP_023281714),,1,0,8739,2839,8740,2839,1.1441647597254005e-4,0,Inf,1,1.1441647597254005e-4,1.1441647597254005e-4,Inf,1,FALSE,FALSE,Not_significant
VFG045821(gb|WP_023281695),,1,0,8739,2839,8740,2839,1.1441647597254005e-4,0,Inf,1,1.1441647597254005e-4,1.1441647597254005e-4,Inf,1,FALSE,FALSE,Not_significant
VFG045826(gb|WP_021526504),,1,0,8739,2839,8740,2839,1.1441647597254005e-4,0,Inf,1,1.1441647597254005e-4,1.1441647597254005e-4,Inf,1,FALSE,FALSE,Not_significant
VFG045916(gb|WP_001165668),,1,0,8739,2839,8740,2839,1.1441647597254005e-4,0,Inf,1,1.1441647597254005e-4,1.1441647597254005e-4,Inf,1,FALSE,FALSE,Not_significant
VFG045918(gb|WP_001165678),,1,0,8739,2839,8740,2839,1.1441647597254005e-4,0,Inf,1,1.1441647597254005e-4,1.1441647597254005e-4,Inf,1,FALSE,FALSE,Not_significant
VFG045923(gb|WP_001165655),,1,0,8739,2839,8740,2839,1.1441647597254005e-4,0,Inf,1,1.1441647597254005e-4,1.1441647597254005e-4,Inf,1,FALSE,FALSE,Not_significant
VFG045926(gb|WP_001165657),,1,0,8739,2839,8740,2839,1.1441647597254005e-4,0,Inf,1,1.1441647597254005e-4,1.1441647597254005e-4,Inf,1,FALSE,FALSE,Not_significant
VFG045931(gb|WP_001165658),,1,0,8739,2839,8740,2839,1.1441647597254005e-4,0,Inf,1,1.1441647597254005e-4,1.1441647597254005e-4,Inf,1,FALSE,FALSE,Not_significant
VFG045932,,1,0,8739,2839,8740,2839,1.1441647597254005e-4,0,Inf,1,1.1441647597254005e-4,1.1441647597254005e-4,Inf,1,FALSE,FALSE,Not_significant
VFG045933(gb|WP_001165671),,1,0,8739,2839,8740,2839,1.1441647597254005e-4,0,Inf,1,1.1441647597254005e-4,1.1441647597254005e-4,Inf,1,FALSE,FALSE,Not_significant
VFG045935(gb|WP_001165655),,1,0,8739,2839,8740,2839,1.1441647597254005e-4,0,Inf,1,1.1441647597254005e-4,1.1441647597254005e-4,Inf,1,FALSE,FALSE,Not_significant
VFG046063(gb|WP_046072797),,1,0,8739,2839,8740,2839,1.1441647597254005e-4,0,Inf,1,1.1441647597254005e-4,1.1441647597254005e-4,Inf,1,FALSE,FALSE,Not_significant
VFG046099(gb|WP_046072850),,1,0,8739,2839,8740,2839,1.1441647597254005e-4,0,Inf,1,1.1441647597254005e-4,1.1441647597254005e-4,Inf,1,FALSE,FALSE,Not_significant
VFG046109(gb|WP_000654453),,1,0,8739,2839,8740,2839,1.1441647597254005e-4,0,Inf,1,1.1441647597254005e-4,1.1441647597254005e-4,Inf,1,FALSE,FALSE,Not_significant
VFG046112(gb|WP_046072848),,1,0,8739,2839,8740,2839,1.1441647597254005e-4,0,Inf,1,1.1441647597254005e-4,1.1441647597254005e-4,Inf,1,FALSE,FALSE,Not_significant
VFG048302(gb|WP_014906960),,1,0,8739,2839,8740,2839,1.1441647597254005e-4,0,Inf,1,1.1441647597254005e-4,1.1441647597254005e-4,Inf,1,FALSE,FALSE,Not_significant
VFG048304(gb|WP_004151788),,1,0,8739,2839,8740,2839,1.1441647597254005e-4,0,Inf,1,1.1441647597254005e-4,1.1441647597254005e-4,Inf,1,FALSE,FALSE,Not_significant
VFG048305(gb|WP_004151788),,1,0,8739,2839,8740,2839,1.1441647597254005e-4,0,Inf,1,1.1441647597254005e-4,1.1441647597254005e-4,Inf,1,FALSE,FALSE,Not_significant
VFG048306(gb|WP_024264619),,1,0,8739,2839,8740,2839,1.1441647597254005e-4,0,Inf,1,1.1441647597254005e-4,1.1441647597254005e-4,Inf,1,FALSE,FALSE,Not_significant
VFG048307(gb|WP_041937815),,1,0,8739,2839,8740,2839,1.1441647597254005e-4,0,Inf,1,1.1441647597254005e-4,1.1441647597254005e-4,Inf,1,FALSE,FALSE,Not_significant
VFG048308(gb|WP_004151788),,1,0,8739,2839,8740,2839,1.1441647597254005e-4,0,Inf,1,1.1441647597254005e-4,1.1441647597254005e-4,Inf,1,FALSE,FALSE,Not_significant
VFG048315(gb|WP_014599252),,1,0,8739,2839,8740,2839,1.1441647597254005e-4,0,Inf,1,1.1441647597254005e-4,1.1441647597254005e-4,Inf,1,FALSE,FALSE,Not_significant
VFG048316(gb|WP_015958940),,1,0,8739,2839,8740,2839,1.1441647597254005e-4,0,Inf,1,1.1441647597254005e-4,1.1441647597254005e-4,Inf,1,FALSE,FALSE,Not_significant
VFG048317(gb|WP_014906959),,1,0,8739,2839,8740,2839,1.1441647597254005e-4,0,Inf,1,1.1441647597254005e-4,1.1441647597254005e-4,Inf,1,FALSE,FALSE,Not_significant
VFG048318(gb|WP_004144030),,1,0,8739,2839,8740,2839,1.1441647597254005e-4,0,Inf,1,1.1441647597254005e-4,1.1441647597254005e-4,Inf,1,FALSE,FALSE,Not_significant
VFG048473(gb|WP_004147521),,1,0,8739,2839,8740,2839,1.1441647597254005e-4,0,Inf,1,1.1441647597254005e-4,1.1441647597254005e-4,Inf,1,FALSE,FALSE,Not_significant
VFG048476(gb|WP_004223582),,1,0,8739,2839,8740,2839,1.1441647597254005e-4,0,Inf,1,1.1441647597254005e-4,1.1441647597254005e-4,Inf,1,FALSE,FALSE,Not_significant
VFG048477(gb|WP_004147521),,1,0,8739,2839,8740,2839,1.1441647597254005e-4,0,Inf,1,1.1441647597254005e-4,1.1441647597254005e-4,Inf,1,FALSE,FALSE,Not_significant
VFG048478(gb|WP_004147521),,1,0,8739,2839,8740,2839,1.1441647597254005e-4,0,Inf,1,1.1441647597254005e-4,1.1441647597254005e-4,Inf,1,FALSE,FALSE,Not_significant
VFG048479(gb|WP_012968727),,1,0,8739,2839,8740,2839,1.1441647597254005e-4,0,Inf,1,1.1441647597254005e-4,1.1441647597254005e-4,Inf,1,FALSE,FALSE,Not_significant
VFG048483(gb|WP_012542491),,1,0,8739,2839,8740,2839,1.1441647597254005e-4,0,Inf,1,1.1441647597254005e-4,1.1441647597254005e-4,Inf,1,FALSE,FALSE,Not_significant
VFG048486(gb|WP_004223579),,1,0,8739,2839,8740,2839,1.1441647597254005e-4,0,Inf,1,1.1441647597254005e-4,1.1441647597254005e-4,Inf,1,FALSE,FALSE,Not_significant
VFG048487(gb|WP_002893737),,1,0,8739,2839,8740,2839,1.1441647597254005e-4,0,Inf,1,1.1441647597254005e-4,1.1441647597254005e-4,Inf,1,FALSE,FALSE,Not_significant
VFG048488(gb|WP_002893737),,1,0,8739,2839,8740,2839,1.1441647597254005e-4,0,Inf,1,1.1441647597254005e-4,1.1441647597254005e-4,Inf,1,FALSE,FALSE,Not_significant
VFG048489(gb|WP_012968728),,1,0,8739,2839,8740,2839,1.1441647597254005e-4,0,Inf,1,1.1441647597254005e-4,1.1441647597254005e-4,Inf,1,FALSE,FALSE,Not_significant
VFG048493(gb|WP_012542492),,1,0,8739,2839,8740,2839,1.1441647597254005e-4,0,Inf,1,1.1441647597254005e-4,1.1441647597254005e-4,Inf,1,FALSE,FALSE,Not_significant
VFG048496(gb|WP_014599078),,1,0,8739,2839,8740,2839,1.1441647597254005e-4,0,Inf,1,1.1441647597254005e-4,1.1441647597254005e-4,Inf,1,FALSE,FALSE,Not_significant
VFG048497(gb|WP_041937591),,1,0,8739,2839,8740,2839,1.1441647597254005e-4,0,Inf,1,1.1441647597254005e-4,1.1441647597254005e-4,Inf,1,FALSE,FALSE,Not_significant
VFG048498(gb|WP_012737619),,1,0,8739,2839,8740,2839,1.1441647597254005e-4,0,Inf,1,1.1441647597254005e-4,1.1441647597254005e-4,Inf,1,FALSE,FALSE,Not_significant
VFG048499(gb|WP_012968729),,1,0,8739,2839,8740,2839,1.1441647597254005e-4,0,Inf,1,1.1441647597254005e-4,1.1441647597254005e-4,Inf,1,FALSE,FALSE,Not_significant
VFG048502(gb|WP_012737618),,1,0,8739,2839,8740,2839,1.1441647597254005e-4,0,Inf,1,1.1441647597254005e-4,1.1441647597254005e-4,Inf,1,FALSE,FALSE,Not_significant
VFG048503(gb|WP_012542493),,1,0,8739,2839,8740,2839,1.1441647597254005e-4,0,Inf,1,1.1441647597254005e-4,1.1441647597254005e-4,Inf,1,FALSE,FALSE,Not_significant
VFG048506(gb|WP_004223574),,1,0,8739,2839,8740,2839,1.1441647597254005e-4,0,Inf,1,1.1441647597254005e-4,1.1441647597254005e-4,Inf,1,FALSE,FALSE,Not_significant
VFG048507(gb|WP_019705362),,1,0,8739,2839,8740,2839,1.1441647597254005e-4,0,Inf,1,1.1441647597254005e-4,1.1441647597254005e-4,Inf,1,FALSE,FALSE,Not_significant
VFG048508(gb|WP_012737618),,1,0,8739,2839,8740,2839,1.1441647597254005e-4,0,Inf,1,1.1441647597254005e-4,1.1441647597254005e-4,Inf,1,FALSE,FALSE,Not_significant
VFG048509(gb|WP_012968730),,1,0,8739,2839,8740,2839,1.1441647597254005e-4,0,Inf,1,1.1441647597254005e-4,1.1441647597254005e-4,Inf,1,FALSE,FALSE,Not_significant
VFG048541(gb|WP_041169040),,1,0,8739,2839,8740,2839,1.1441647597254005e-4,0,Inf,1,1.1441647597254005e-4,1.1441647597254005e-4,Inf,1,FALSE,FALSE,Not_significant
VFG048542(gb|WP_012542068),,1,0,8739,2839,8740,2839,1.1441647597254005e-4,0,Inf,1,1.1441647597254005e-4,1.1441647597254005e-4,Inf,1,FALSE,FALSE,Not_significant
VFG048544(gb|WP_002901630),,1,0,8739,2839,8740,2839,1.1441647597254005e-4,0,Inf,1,1.1441647597254005e-4,1.1441647597254005e-4,Inf,1,FALSE,FALSE,Not_significant
VFG048545(gb|WP_004224251),,1,0,8739,2839,8740,2839,1.1441647597254005e-4,0,Inf,1,1.1441647597254005e-4,1.1441647597254005e-4,Inf,1,FALSE,FALSE,Not_significant
VFG048546(gb|WP_015958223),,1,0,8739,2839,8740,2839,1.1441647597254005e-4,0,Inf,1,1.1441647597254005e-4,1.1441647597254005e-4,Inf,1,FALSE,FALSE,Not_significant
VFG048548(gb|WP_020947523),,1,0,8739,2839,8740,2839,1.1441647597254005e-4,0,Inf,1,1.1441647597254005e-4,1.1441647597254005e-4,Inf,1,FALSE,FALSE,Not_significant
VFG048566(gb|WP_014907271),,1,0,8739,2839,8740,2839,1.1441647597254005e-4,0,Inf,1,1.1441647597254005e-4,1.1441647597254005e-4,Inf,1,FALSE,FALSE,Not_significant
VFG048578(gb|WP_014907269),,1,0,8739,2839,8740,2839,1.1441647597254005e-4,0,Inf,1,1.1441647597254005e-4,1.1441647597254005e-4,Inf,1,FALSE,FALSE,Not_significant
VFG048663(gb|WP_004176431),,1,0,8739,2839,8740,2839,1.1441647597254005e-4,0,Inf,1,1.1441647597254005e-4,1.1441647597254005e-4,Inf,1,FALSE,FALSE,Not_significant
VFG048664(gb|WP_004176431),,1,0,8739,2839,8740,2839,1.1441647597254005e-4,0,Inf,1,1.1441647597254005e-4,1.1441647597254005e-4,Inf,1,FALSE,FALSE,Not_significant
VFG048665(gb|WP_004176431),,1,0,8739,2839,8740,2839,1.1441647597254005e-4,0,Inf,1,1.1441647597254005e-4,1.1441647597254005e-4,Inf,1,FALSE,FALSE,Not_significant
VFG048666(gb|WP_004140195),,1,0,8739,2839,8740,2839,1.1441647597254005e-4,0,Inf,1,1.1441647597254005e-4,1.1441647597254005e-4,Inf,1,FALSE,FALSE,Not_significant
VFG048682(gb|WP_002902160),,1,0,8739,2839,8740,2839,1.1441647597254005e-4,0,Inf,1,1.1441647597254005e-4,1.1441647597254005e-4,Inf,1,FALSE,FALSE,Not_significant
VFG048685(gb|WP_002902160),,1,0,8739,2839,8740,2839,1.1441647597254005e-4,0,Inf,1,1.1441647597254005e-4,1.1441647597254005e-4,Inf,1,FALSE,FALSE,Not_significant
VFG048686(gb|WP_002902160),,1,0,8739,2839,8740,2839,1.1441647597254005e-4,0,Inf,1,1.1441647597254005e-4,1.1441647597254005e-4,Inf,1,FALSE,FALSE,Not_significant
VFG048687(gb|WP_002902160),,1,0,8739,2839,8740,2839,1.1441647597254005e-4,0,Inf,1,1.1441647597254005e-4,1.1441647597254005e-4,Inf,1,FALSE,FALSE,Not_significant
VFG048688(gb|WP_020953393),,1,0,8739,2839,8740,2839,1.1441647597254005e-4,0,Inf,1,1.1441647597254005e-4,1.1441647597254005e-4,Inf,1,FALSE,FALSE,Not_significant
VFG048689(gb|WP_002902160),,1,0,8739,2839,8740,2839,1.1441647597254005e-4,0,Inf,1,1.1441647597254005e-4,1.1441647597254005e-4,Inf,1,FALSE,FALSE,Not_significant
VFG048691(gb|WP_014907724),,1,0,8739,2839,8740,2839,1.1441647597254005e-4,0,Inf,1,1.1441647597254005e-4,1.1441647597254005e-4,Inf,1,FALSE,FALSE,Not_significant
VFG048692(gb|WP_012541980),,1,0,8739,2839,8740,2839,1.1441647597254005e-4,0,Inf,1,1.1441647597254005e-4,1.1441647597254005e-4,Inf,1,FALSE,FALSE,Not_significant
VFG048695,,1,0,8739,2839,8740,2839,1.1441647597254005e-4,0,Inf,1,1.1441647597254005e-4,1.1441647597254005e-4,Inf,1,FALSE,FALSE,Not_significant
VFG048696(gb|WP_040188146),,1,0,8739,2839,8740,2839,1.1441647597254005e-4,0,Inf,1,1.1441647597254005e-4,1.1441647597254005e-4,Inf,1,FALSE,FALSE,Not_significant
VFG048697(gb|WP_015874721),,1,0,8739,2839,8740,2839,1.1441647597254005e-4,0,Inf,1,1.1441647597254005e-4,1.1441647597254005e-4,Inf,1,FALSE,FALSE,Not_significant
VFG048698(gb|WP_020947550),,1,0,8739,2839,8740,2839,1.1441647597254005e-4,0,Inf,1,1.1441647597254005e-4,1.1441647597254005e-4,Inf,1,FALSE,FALSE,Not_significant
VFG048699(gb|WP_012968410),,1,0,8739,2839,8740,2839,1.1441647597254005e-4,0,Inf,1,1.1441647597254005e-4,1.1441647597254005e-4,Inf,1,FALSE,FALSE,Not_significant
VFG048792(gb|WP_024188874),,1,0,8739,2839,8740,2839,1.1441647597254005e-4,0,Inf,1,1.1441647597254005e-4,1.1441647597254005e-4,Inf,1,FALSE,FALSE,Not_significant
VFG048794(gb|WP_049256767),,1,0,8739,2839,8740,2839,1.1441647597254005e-4,0,Inf,1,1.1441647597254005e-4,1.1441647597254005e-4,Inf,1,FALSE,FALSE,Not_significant
VFG048795(gb|WP_004175261),,1,0,8739,2839,8740,2839,1.1441647597254005e-4,0,Inf,1,1.1441647597254005e-4,1.1441647597254005e-4,Inf,1,FALSE,FALSE,Not_significant
VFG048796(gb|WP_015958696),,1,0,8739,2839,8740,2839,1.1441647597254005e-4,0,Inf,1,1.1441647597254005e-4,1.1441647597254005e-4,Inf,1,FALSE,FALSE,Not_significant
VFG048797(gb|WP_004175261),,1,0,8739,2839,8740,2839,1.1441647597254005e-4,0,Inf,1,1.1441647597254005e-4,1.1441647597254005e-4,Inf,1,FALSE,FALSE,Not_significant
VFG048799(gb|WP_024188874),,1,0,8739,2839,8740,2839,1.1441647597254005e-4,0,Inf,1,1.1441647597254005e-4,1.1441647597254005e-4,Inf,1,FALSE,FALSE,Not_significant
VFG048805(gb|WP_020956624),,1,0,8739,2839,8740,2839,1.1441647597254005e-4,0,Inf,1,1.1441647597254005e-4,1.1441647597254005e-4,Inf,1,FALSE,FALSE,Not_significant
VFG048806(gb|WP_004899416),,1,0,8739,2839,8740,2839,1.1441647597254005e-4,0,Inf,1,1.1441647597254005e-4,1.1441647597254005e-4,Inf,1,FALSE,FALSE,Not_significant
VFG048808(gb|WP_004899416),,1,0,8739,2839,8740,2839,1.1441647597254005e-4,0,Inf,1,1.1441647597254005e-4,1.1441647597254005e-4,Inf,1,FALSE,FALSE,Not_significant
VFG048869(gb|WP_012541081),,1,0,8739,2839,8740,2839,1.1441647597254005e-4,0,Inf,1,1.1441647597254005e-4,1.1441647597254005e-4,Inf,1,FALSE,FALSE,Not_significant
VFG048949(gb|WP_004184823),,1,0,8739,2839,8740,2839,1.1441647597254005e-4,0,Inf,1,1.1441647597254005e-4,1.1441647597254005e-4,Inf,1,FALSE,FALSE,Not_significant
VFG048960(gb|WP_014599212),,1,0,8739,2839,8740,2839,1.1441647597254005e-4,0,Inf,1,1.1441647597254005e-4,1.1441647597254005e-4,Inf,1,FALSE,FALSE,Not_significant
VFG048963(gb|WP_004899416),,1,0,8739,2839,8740,2839,1.1441647597254005e-4,0,Inf,1,1.1441647597254005e-4,1.1441647597254005e-4,Inf,1,FALSE,FALSE,Not_significant
VFG048970(gb|WP_004175261),,1,0,8739,2839,8740,2839,1.1441647597254005e-4,0,Inf,1,1.1441647597254005e-4,1.1441647597254005e-4,Inf,1,FALSE,FALSE,Not_significant
VFG048973(gb|WP_000704907),,1,0,8739,2839,8740,2839,1.1441647597254005e-4,0,Inf,1,1.1441647597254005e-4,1.1441647597254005e-4,Inf,1,FALSE,FALSE,Not_significant
VFG048982(gb|WP_004899416),,1,0,8739,2839,8740,2839,1.1441647597254005e-4,0,Inf,1,1.1441647597254005e-4,1.1441647597254005e-4,Inf,1,FALSE,FALSE,Not_significant
VFG048987(gb|WP_000704907),,1,0,8739,2839,8740,2839,1.1441647597254005e-4,0,Inf,1,1.1441647597254005e-4,1.1441647597254005e-4,Inf,1,FALSE,FALSE,Not_significant
VFG048990(gb|WP_001741945),,1,0,8739,2839,8740,2839,1.1441647597254005e-4,0,Inf,1,1.1441647597254005e-4,1.1441647597254005e-4,Inf,1,FALSE,FALSE,Not_significant
VFG048992(gb|WP_004151150),,1,0,8739,2839,8740,2839,1.1441647597254005e-4,0,Inf,1,1.1441647597254005e-4,1.1441647597254005e-4,Inf,1,FALSE,FALSE,Not_significant
VFG048993(gb|WP_001741945),,1,0,8739,2839,8740,2839,1.1441647597254005e-4,0,Inf,1,1.1441647597254005e-4,1.1441647597254005e-4,Inf,1,FALSE,FALSE,Not_significant
VFG049004(gb|WP_032419820),,1,0,8739,2839,8740,2839,1.1441647597254005e-4,0,Inf,1,1.1441647597254005e-4,1.1441647597254005e-4,Inf,1,FALSE,FALSE,Not_significant
VFG049005(gb|WP_004180447),,1,0,8739,2839,8740,2839,1.1441647597254005e-4,0,Inf,1,1.1441647597254005e-4,1.1441647597254005e-4,Inf,1,FALSE,FALSE,Not_significant
VFG049007(gb|WP_002911561),,1,0,8739,2839,8740,2839,1.1441647597254005e-4,0,Inf,1,1.1441647597254005e-4,1.1441647597254005e-4,Inf,1,FALSE,FALSE,Not_significant
VFG049008(gb|WP_004141142),,1,0,8739,2839,8740,2839,1.1441647597254005e-4,0,Inf,1,1.1441647597254005e-4,1.1441647597254005e-4,Inf,1,FALSE,FALSE,Not_significant
VFG049035(gb|WP_012541094),,1,0,8739,2839,8740,2839,1.1441647597254005e-4,0,Inf,1,1.1441647597254005e-4,1.1441647597254005e-4,Inf,1,FALSE,FALSE,Not_significant
VFG049037(gb|WP_020956641),,1,0,8739,2839,8740,2839,1.1441647597254005e-4,0,Inf,1,1.1441647597254005e-4,1.1441647597254005e-4,Inf,1,FALSE,FALSE,Not_significant
VFG049042(gb|WP_012967600),,1,0,8739,2839,8740,2839,1.1441647597254005e-4,0,Inf,1,1.1441647597254005e-4,1.1441647597254005e-4,Inf,1,FALSE,FALSE,Not_significant
VFG049174(gb|WP_012540699),,1,0,8739,2839,8740,2839,1.1441647597254005e-4,0,Inf,1,1.1441647597254005e-4,1.1441647597254005e-4,Inf,1,FALSE,FALSE,Not_significant
VFG049175(gb|WP_009485633),,1,0,8739,2839,8740,2839,1.1441647597254005e-4,0,Inf,1,1.1441647597254005e-4,1.1441647597254005e-4,Inf,1,FALSE,FALSE,Not_significant
VFG049180(gb|WP_181446003),,1,0,8739,2839,8740,2839,1.1441647597254005e-4,0,Inf,1,1.1441647597254005e-4,1.1441647597254005e-4,Inf,1,FALSE,FALSE,Not_significant
VFG049181(gb|WP_170919772),,1,0,8739,2839,8740,2839,1.1441647597254005e-4,0,Inf,1,1.1441647597254005e-4,1.1441647597254005e-4,Inf,1,FALSE,FALSE,Not_significant
VFG049182(gb|WP_020948164),,1,0,8739,2839,8740,2839,1.1441647597254005e-4,0,Inf,1,1.1441647597254005e-4,1.1441647597254005e-4,Inf,1,FALSE,FALSE,Not_significant
VFG049192(gb|WP_008806080),,1,0,8739,2839,8740,2839,1.1441647597254005e-4,0,Inf,1,1.1441647597254005e-4,1.1441647597254005e-4,Inf,1,FALSE,FALSE,Not_significant
VFG049251(gb|WP_012541328),,1,0,8739,2839,8740,2839,1.1441647597254005e-4,0,Inf,1,1.1441647597254005e-4,1.1441647597254005e-4,Inf,1,FALSE,FALSE,Not_significant
VFG049252(gb|WP_004899005),,1,0,8739,2839,8740,2839,1.1441647597254005e-4,0,Inf,1,1.1441647597254005e-4,1.1441647597254005e-4,Inf,1,FALSE,FALSE,Not_significant
VFG049313(gb|WP_002910453),,1,0,8739,2839,8740,2839,1.1441647597254005e-4,0,Inf,1,1.1441647597254005e-4,1.1441647597254005e-4,Inf,1,FALSE,FALSE,Not_significant
VFG049314(gb|WP_012541334),,1,0,8739,2839,8740,2839,1.1441647597254005e-4,0,Inf,1,1.1441647597254005e-4,1.1441647597254005e-4,Inf,1,FALSE,FALSE,Not_significant
VFG049316(gb|WP_002910453),,1,0,8739,2839,8740,2839,1.1441647597254005e-4,0,Inf,1,1.1441647597254005e-4,1.1441647597254005e-4,Inf,1,FALSE,FALSE,Not_significant
VFG049317(gb|WP_002910453),,1,0,8739,2839,8740,2839,1.1441647597254005e-4,0,Inf,1,1.1441647597254005e-4,1.1441647597254005e-4,Inf,1,FALSE,FALSE,Not_significant
VFG049318,,1,0,8739,2839,8740,2839,1.1441647597254005e-4,0,Inf,1,1.1441647597254005e-4,1.1441647597254005e-4,Inf,1,FALSE,FALSE,Not_significant
VFG049320(gb|WP_002910453),,1,0,8739,2839,8740,2839,1.1441647597254005e-4,0,Inf,1,1.1441647597254005e-4,1.1441647597254005e-4,Inf,1,FALSE,FALSE,Not_significant
VFG049321(gb|WP_012541334),,1,0,8739,2839,8740,2839,1.1441647597254005e-4,0,Inf,1,1.1441647597254005e-4,1.1441647597254005e-4,Inf,1,FALSE,FALSE,Not_significant
VFG049322(gb|WP_004145442),,1,0,8739,2839,8740,2839,1.1441647597254005e-4,0,Inf,1,1.1441647597254005e-4,1.1441647597254005e-4,Inf,1,FALSE,FALSE,Not_significant
VFG049325(gb|WP_004200293),,1,0,8739,2839,8740,2839,1.1441647597254005e-4,0,Inf,1,1.1441647597254005e-4,1.1441647597254005e-4,Inf,1,FALSE,FALSE,Not_significant
VFG049326(gb|WP_004898985),,1,0,8739,2839,8740,2839,1.1441647597254005e-4,0,Inf,1,1.1441647597254005e-4,1.1441647597254005e-4,Inf,1,FALSE,FALSE,Not_significant
VFG049327(gb|WP_004145442),,1,0,8739,2839,8740,2839,1.1441647597254005e-4,0,Inf,1,1.1441647597254005e-4,1.1441647597254005e-4,Inf,1,FALSE,FALSE,Not_significant
VFG049329(gb|WP_004145442),,1,0,8739,2839,8740,2839,1.1441647597254005e-4,0,Inf,1,1.1441647597254005e-4,1.1441647597254005e-4,Inf,1,FALSE,FALSE,Not_significant
VFG049902(gb|WP_011310140),,1,0,8739,2839,8740,2839,1.1441647597254005e-4,0,Inf,1,1.1441647597254005e-4,1.1441647597254005e-4,Inf,1,FALSE,FALSE,Not_significant
VFG049917(gb|WP_000508696),,1,0,8739,2839,8740,2839,1.1441647597254005e-4,0,Inf,1,1.1441647597254005e-4,1.1441647597254005e-4,Inf,1,FALSE,FALSE,Not_significant
VFG050398(gb|WP_000347036.1),,1,0,8739,2839,8740,2839,1.1441647597254005e-4,0,Inf,1,1.1441647597254005e-4,1.1441647597254005e-4,Inf,1,FALSE,FALSE,Not_significant
VFG050400(gb|WP_000347039.1),,1,0,8739,2839,8740,2839,1.1441647597254005e-4,0,Inf,1,1.1441647597254005e-4,1.1441647597254005e-4,Inf,1,FALSE,FALSE,Not_significant
VFG050404(gb|WP_000347035.1),,1,0,8739,2839,8740,2839,1.1441647597254005e-4,0,Inf,1,1.1441647597254005e-4,1.1441647597254005e-4,Inf,1,FALSE,FALSE,Not_significant
VFG050406(gb|WP_000347036.1),,1,0,8739,2839,8740,2839,1.1441647597254005e-4,0,Inf,1,1.1441647597254005e-4,1.1441647597254005e-4,Inf,1,FALSE,FALSE,Not_significant
VFG050413(gb|WP_000537692.1),,1,0,8739,2839,8740,2839,1.1441647597254005e-4,0,Inf,1,1.1441647597254005e-4,1.1441647597254005e-4,Inf,1,FALSE,FALSE,Not_significant
VFG050414(gb|WP_002027454.1),,1,0,8739,2839,8740,2839,1.1441647597254005e-4,0,Inf,1,1.1441647597254005e-4,1.1441647597254005e-4,Inf,1,FALSE,FALSE,Not_significant
VFG050416(gb|WP_005136899.1),,1,0,8739,2839,8740,2839,1.1441647597254005e-4,0,Inf,1,1.1441647597254005e-4,1.1441647597254005e-4,Inf,1,FALSE,FALSE,Not_significant
VFG050418(gb|WP_004738086.1),,1,0,8739,2839,8740,2839,1.1441647597254005e-4,0,Inf,1,1.1441647597254005e-4,1.1441647597254005e-4,Inf,1,FALSE,FALSE,Not_significant
VFG050420(gb|WP_004738086.1),,1,0,8739,2839,8740,2839,1.1441647597254005e-4,0,Inf,1,1.1441647597254005e-4,1.1441647597254005e-4,Inf,1,FALSE,FALSE,Not_significant
VFG050440(gb|WP_000993717.1),,1,0,8739,2839,8740,2839,1.1441647597254005e-4,0,Inf,1,1.1441647597254005e-4,1.1441647597254005e-4,Inf,1,FALSE,FALSE,Not_significant
VFG050443(gb|WP_000993715.1),,1,0,8739,2839,8740,2839,1.1441647597254005e-4,0,Inf,1,1.1441647597254005e-4,1.1441647597254005e-4,Inf,1,FALSE,FALSE,Not_significant
VFG050470(gb|WP_000279216.1),,1,0,8739,2839,8740,2839,1.1441647597254005e-4,0,Inf,1,1.1441647597254005e-4,1.1441647597254005e-4,Inf,1,FALSE,FALSE,Not_significant
VFG050472(gb|WP_000279216.1),,1,0,8739,2839,8740,2839,1.1441647597254005e-4,0,Inf,1,1.1441647597254005e-4,1.1441647597254005e-4,Inf,1,FALSE,FALSE,Not_significant
VFG050474(gb|WP_000279215.1),,1,0,8739,2839,8740,2839,1.1441647597254005e-4,0,Inf,1,1.1441647597254005e-4,1.1441647597254005e-4,Inf,1,FALSE,FALSE,Not_significant
VFG050476(gb|WP_000279215.1),,1,0,8739,2839,8740,2839,1.1441647597254005e-4,0,Inf,1,1.1441647597254005e-4,1.1441647597254005e-4,Inf,1,FALSE,FALSE,Not_significant
VFG050496(gb|WP_000755275.1),,1,0,8739,2839,8740,2839,1.1441647597254005e-4,0,Inf,1,1.1441647597254005e-4,1.1441647597254005e-4,Inf,1,FALSE,FALSE,Not_significant
VFG050497(gb|WP_000755285.1),,1,0,8739,2839,8740,2839,1.1441647597254005e-4,0,Inf,1,1.1441647597254005e-4,1.1441647597254005e-4,Inf,1,FALSE,FALSE,Not_significant
VFG050499(gb|WP_000755268.1),,1,0,8739,2839,8740,2839,1.1441647597254005e-4,0,Inf,1,1.1441647597254005e-4,1.1441647597254005e-4,Inf,1,FALSE,FALSE,Not_significant
VFG050502(gb|WP_000755281.1),,1,0,8739,2839,8740,2839,1.1441647597254005e-4,0,Inf,1,1.1441647597254005e-4,1.1441647597254005e-4,Inf,1,FALSE,FALSE,Not_significant
VFG050503(gb|WP_020752706.1),,1,0,8739,2839,8740,2839,1.1441647597254005e-4,0,Inf,1,1.1441647597254005e-4,1.1441647597254005e-4,Inf,1,FALSE,FALSE,Not_significant
VFG050505(gb|WP_000755276.1),,1,0,8739,2839,8740,2839,1.1441647597254005e-4,0,Inf,1,1.1441647597254005e-4,1.1441647597254005e-4,Inf,1,FALSE,FALSE,Not_significant
VFG050508(gb|WP_000755111.1),,1,0,8739,2839,8740,2839,1.1441647597254005e-4,0,Inf,1,1.1441647597254005e-4,1.1441647597254005e-4,Inf,1,FALSE,FALSE,Not_significant
VFG050524(gb|WP_085916952.1),,1,0,8739,2839,8740,2839,1.1441647597254005e-4,0,Inf,1,1.1441647597254005e-4,1.1441647597254005e-4,Inf,1,FALSE,FALSE,Not_significant
VFG050525(gb|WP_002194578.1),,1,0,8739,2839,8740,2839,1.1441647597254005e-4,0,Inf,1,1.1441647597254005e-4,1.1441647597254005e-4,Inf,1,FALSE,FALSE,Not_significant
VFG050526(gb|WP_000546629.1),,1,0,8739,2839,8740,2839,1.1441647597254005e-4,0,Inf,1,1.1441647597254005e-4,1.1441647597254005e-4,Inf,1,FALSE,FALSE,Not_significant
VFG050527(gb|WP_002194578.1),,1,0,8739,2839,8740,2839,1.1441647597254005e-4,0,Inf,1,1.1441647597254005e-4,1.1441647597254005e-4,Inf,1,FALSE,FALSE,Not_significant
VFG050530(gb|WP_002194578.1),,1,0,8739,2839,8740,2839,1.1441647597254005e-4,0,Inf,1,1.1441647597254005e-4,1.1441647597254005e-4,Inf,1,FALSE,FALSE,Not_significant
VFG050532(gb|WP_002194578.1),,1,0,8739,2839,8740,2839,1.1441647597254005e-4,0,Inf,1,1.1441647597254005e-4,1.1441647597254005e-4,Inf,1,FALSE,FALSE,Not_significant
VFG050537(gb|WP_000079200.1),,1,0,8739,2839,8740,2839,1.1441647597254005e-4,0,Inf,1,1.1441647597254005e-4,1.1441647597254005e-4,Inf,1,FALSE,FALSE,Not_significant
VFG050538(gb|WP_000079197.1),,1,0,8739,2839,8740,2839,1.1441647597254005e-4,0,Inf,1,1.1441647597254005e-4,1.1441647597254005e-4,Inf,1,FALSE,FALSE,Not_significant
VFG050540(gb|WP_000079192.1),,1,0,8739,2839,8740,2839,1.1441647597254005e-4,0,Inf,1,1.1441647597254005e-4,1.1441647597254005e-4,Inf,1,FALSE,FALSE,Not_significant
VFG050544(gb|WP_000079199.1),,1,0,8739,2839,8740,2839,1.1441647597254005e-4,0,Inf,1,1.1441647597254005e-4,1.1441647597254005e-4,Inf,1,FALSE,FALSE,Not_significant
VFG050546(gb|WP_000079197.1),,1,0,8739,2839,8740,2839,1.1441647597254005e-4,0,Inf,1,1.1441647597254005e-4,1.1441647597254005e-4,Inf,1,FALSE,FALSE,Not_significant
VFG050670(gb|WP_000505931.1),,1,0,8739,2839,8740,2839,1.1441647597254005e-4,0,Inf,1,1.1441647597254005e-4,1.1441647597254005e-4,Inf,1,FALSE,FALSE,Not_significant
VFG050672(gb|WP_000505931.1),,1,0,8739,2839,8740,2839,1.1441647597254005e-4,0,Inf,1,1.1441647597254005e-4,1.1441647597254005e-4,Inf,1,FALSE,FALSE,Not_significant
VFG050674(gb|WP_000505932.1),,1,0,8739,2839,8740,2839,1.1441647597254005e-4,0,Inf,1,1.1441647597254005e-4,1.1441647597254005e-4,Inf,1,FALSE,FALSE,Not_significant
VFG050676(gb|WP_000505931.1),,1,0,8739,2839,8740,2839,1.1441647597254005e-4,0,Inf,1,1.1441647597254005e-4,1.1441647597254005e-4,Inf,1,FALSE,FALSE,Not_significant
VFG050679(gb|WP_000505928.1),,1,0,8739,2839,8740,2839,1.1441647597254005e-4,0,Inf,1,1.1441647597254005e-4,1.1441647597254005e-4,Inf,1,FALSE,FALSE,Not_significant
VFG050682(gb|WP_001160333.1),,1,0,8739,2839,8740,2839,1.1441647597254005e-4,0,Inf,1,1.1441647597254005e-4,1.1441647597254005e-4,Inf,1,FALSE,FALSE,Not_significant
VFG050683(gb|WP_001160337.1),,1,0,8739,2839,8740,2839,1.1441647597254005e-4,0,Inf,1,1.1441647597254005e-4,1.1441647597254005e-4,Inf,1,FALSE,FALSE,Not_significant
VFG050685(gb|WP_001160337.1),,1,0,8739,2839,8740,2839,1.1441647597254005e-4,0,Inf,1,1.1441647597254005e-4,1.1441647597254005e-4,Inf,1,FALSE,FALSE,Not_significant
VFG050688(gb|WP_002001070.1),,1,0,8739,2839,8740,2839,1.1441647597254005e-4,0,Inf,1,1.1441647597254005e-4,1.1441647597254005e-4,Inf,1,FALSE,FALSE,Not_significant
VFG050689(gb|WP_002037247.1),,1,0,8739,2839,8740,2839,1.1441647597254005e-4,0,Inf,1,1.1441647597254005e-4,1.1441647597254005e-4,Inf,1,FALSE,FALSE,Not_significant
VFG050691(gb|WP_001160336.1),,1,0,8739,2839,8740,2839,1.1441647597254005e-4,0,Inf,1,1.1441647597254005e-4,1.1441647597254005e-4,Inf,1,FALSE,FALSE,Not_significant
VFG050740(gb|WP_001196426.1),,1,0,8739,2839,8740,2839,1.1441647597254005e-4,0,Inf,1,1.1441647597254005e-4,1.1441647597254005e-4,Inf,1,FALSE,FALSE,Not_significant
VFG050742(gb|WP_001196426.1),,1,0,8739,2839,8740,2839,1.1441647597254005e-4,0,Inf,1,1.1441647597254005e-4,1.1441647597254005e-4,Inf,1,FALSE,FALSE,Not_significant
VFG050746(gb|WP_001196426.1),,1,0,8739,2839,8740,2839,1.1441647597254005e-4,0,Inf,1,1.1441647597254005e-4,1.1441647597254005e-4,Inf,1,FALSE,FALSE,Not_significant
VFG050748(gb|WP_001196428.1),,1,0,8739,2839,8740,2839,1.1441647597254005e-4,0,Inf,1,1.1441647597254005e-4,1.1441647597254005e-4,Inf,1,FALSE,FALSE,Not_significant
VFG050751(gb|WP_001196431.1),,1,0,8739,2839,8740,2839,1.1441647597254005e-4,0,Inf,1,1.1441647597254005e-4,1.1441647597254005e-4,Inf,1,FALSE,FALSE,Not_significant
VFG050770(gb|WP_001020910.1),,1,0,8739,2839,8740,2839,1.1441647597254005e-4,0,Inf,1,1.1441647597254005e-4,1.1441647597254005e-4,Inf,1,FALSE,FALSE,Not_significant
VFG050772(gb|WP_001020922.1),,1,0,8739,2839,8740,2839,1.1441647597254005e-4,0,Inf,1,1.1441647597254005e-4,1.1441647597254005e-4,Inf,1,FALSE,FALSE,Not_significant
VFG050776(gb|WP_020753341.1),,1,0,8739,2839,8740,2839,1.1441647597254005e-4,0,Inf,1,1.1441647597254005e-4,1.1441647597254005e-4,Inf,1,FALSE,FALSE,Not_significant
VFG050778(gb|WP_001020916.1),,1,0,8739,2839,8740,2839,1.1441647597254005e-4,0,Inf,1,1.1441647597254005e-4,1.1441647597254005e-4,Inf,1,FALSE,FALSE,Not_significant
VFG050781(gb|WP_001020905.1),,1,0,8739,2839,8740,2839,1.1441647597254005e-4,0,Inf,1,1.1441647597254005e-4,1.1441647597254005e-4,Inf,1,FALSE,FALSE,Not_significant
VFG050857(gb|WP_000301476.1),,1,0,8739,2839,8740,2839,1.1441647597254005e-4,0,Inf,1,1.1441647597254005e-4,1.1441647597254005e-4,Inf,1,FALSE,FALSE,Not_significant
VFG050858(gb|WP_000301478.1),,1,0,8739,2839,8740,2839,1.1441647597254005e-4,0,Inf,1,1.1441647597254005e-4,1.1441647597254005e-4,Inf,1,FALSE,FALSE,Not_significant
VFG050860(gb|WP_000301479.1),,1,0,8739,2839,8740,2839,1.1441647597254005e-4,0,Inf,1,1.1441647597254005e-4,1.1441647597254005e-4,Inf,1,FALSE,FALSE,Not_significant
VFG050863(gb|WP_001218621.1),,1,0,8739,2839,8740,2839,1.1441647597254005e-4,0,Inf,1,1.1441647597254005e-4,1.1441647597254005e-4,Inf,1,FALSE,FALSE,Not_significant
VFG050865(gb|WP_000301468.1),,1,0,8739,2839,8740,2839,1.1441647597254005e-4,0,Inf,1,1.1441647597254005e-4,1.1441647597254005e-4,Inf,1,FALSE,FALSE,Not_significant
VFG050868(gb|WP_000301482.1),,1,0,8739,2839,8740,2839,1.1441647597254005e-4,0,Inf,1,1.1441647597254005e-4,1.1441647597254005e-4,Inf,1,FALSE,FALSE,Not_significant
VFG050944(gb|WP_000083629.1),,1,0,8739,2839,8740,2839,1.1441647597254005e-4,0,Inf,1,1.1441647597254005e-4,1.1441647597254005e-4,Inf,1,FALSE,FALSE,Not_significant
VFG050946(gb|WP_000083625.1),,1,0,8739,2839,8740,2839,1.1441647597254005e-4,0,Inf,1,1.1441647597254005e-4,1.1441647597254005e-4,Inf,1,FALSE,FALSE,Not_significant
VFG050950(gb|WP_000083629.1),,1,0,8739,2839,8740,2839,1.1441647597254005e-4,0,Inf,1,1.1441647597254005e-4,1.1441647597254005e-4,Inf,1,FALSE,FALSE,Not_significant
VFG050954(gb|WP_000083625.1),,1,0,8739,2839,8740,2839,1.1441647597254005e-4,0,Inf,1,1.1441647597254005e-4,1.1441647597254005e-4,Inf,1,FALSE,FALSE,Not_significant
VFG051040(gb|WP_000653195.1),,1,0,8739,2839,8740,2839,1.1441647597254005e-4,0,Inf,1,1.1441647597254005e-4,1.1441647597254005e-4,Inf,1,FALSE,FALSE,Not_significant
VFG051042(gb|WP_000653195.1),,1,0,8739,2839,8740,2839,1.1441647597254005e-4,0,Inf,1,1.1441647597254005e-4,1.1441647597254005e-4,Inf,1,FALSE,FALSE,Not_significant
VFG051044(gb|WP_000653195.1),,1,0,8739,2839,8740,2839,1.1441647597254005e-4,0,Inf,1,1.1441647597254005e-4,1.1441647597254005e-4,Inf,1,FALSE,FALSE,Not_significant
VFG051046(gb|WP_000653195.1),,1,0,8739,2839,8740,2839,1.1441647597254005e-4,0,Inf,1,1.1441647597254005e-4,1.1441647597254005e-4,Inf,1,FALSE,FALSE,Not_significant
VFG051050(gb|WP_000653195.1),,1,0,8739,2839,8740,2839,1.1441647597254005e-4,0,Inf,1,1.1441647597254005e-4,1.1441647597254005e-4,Inf,1,FALSE,FALSE,Not_significant
VFG051082(gb|WP_000020713.1),,1,0,8739,2839,8740,2839,1.1441647597254005e-4,0,Inf,1,1.1441647597254005e-4,1.1441647597254005e-4,Inf,1,FALSE,FALSE,Not_significant
VFG051084(gb|WP_000020713.1),,1,0,8739,2839,8740,2839,1.1441647597254005e-4,0,Inf,1,1.1441647597254005e-4,1.1441647597254005e-4,Inf,1,FALSE,FALSE,Not_significant
VFG051088(gb|WP_020753007.1),,1,0,8739,2839,8740,2839,1.1441647597254005e-4,0,Inf,1,1.1441647597254005e-4,1.1441647597254005e-4,Inf,1,FALSE,FALSE,Not_significant
VFG051092(gb|WP_000020714.1),,1,0,8739,2839,8740,2839,1.1441647597254005e-4,0,Inf,1,1.1441647597254005e-4,1.1441647597254005e-4,Inf,1,FALSE,FALSE,Not_significant
VFG051492(gb|WP_011532201.1),,1,0,8739,2839,8740,2839,1.1441647597254005e-4,0,Inf,1,1.1441647597254005e-4,1.1441647597254005e-4,Inf,1,FALSE,FALSE,Not_significant
VFG051494(gb|WP_011105496.1),,1,0,8739,2839,8740,2839,1.1441647597254005e-4,0,Inf,1,1.1441647597254005e-4,1.1441647597254005e-4,Inf,1,FALSE,FALSE,Not_significant
VFG051809(gb|WP_003244989.1),,1,0,8739,2839,8740,2839,1.1441647597254005e-4,0,Inf,1,1.1441647597254005e-4,1.1441647597254005e-4,Inf,1,FALSE,FALSE,Not_significant
VFG004507,,4,1,8736,2838,8740,2839,4.576659038901602e-4,3.522367030644593e-4,1.2994119314747823,1,1.0542920082570089e-4,1.0542920082570089e-4,1.2993135011441648,1,FALSE,FALSE,Not_significant
VFG009488,,4,1,8736,2838,8740,2839,4.576659038901602e-4,3.522367030644593e-4,1.2994119314747823,1,1.0542920082570089e-4,1.0542920082570089e-4,1.2993135011441648,1,FALSE,FALSE,Not_significant
VFG014063(gb|WP_011105280),,7,2,8733,2837,8740,2839,8.009153318077803e-4,7.044734061289186e-4,1.1369952566070416,1,9.644192567886164e-5,9.644192567886164e-5,1.136899313501144,1,FALSE,FALSE,Not_significant
VFG050565(gb|WP_000768943.1),,3,1,8737,2838,8740,2839,3.4324942791762013e-4,3.522367030644593e-4,0.9744773058723964,1,-8.987275146839192e-6,8.987275146839192e-6,1.0261829282611248,1,FALSE,FALSE,Not_significant
